id,category,service_name,specifications,location,date,source,duration_months,monthly_price,total_price,provider_rating,sla_compliance,customer_rating,base_price,price_variance,demand_factor
SRV-000001,Professional Services,ERP Implementation,"{""modules"": ""complete"", ""users"": 100, ""customization"": ""moderate""}",Hyderabad,2025-02-27,Dealer Price List,12,992376.46,11908517.52,B,0.899,4.3,800000,0.35,1.0
SRV-000002,Professional Services,Document Digitization Project,"{""pages"": 10000, ""scanning"": true, ""indexing"": true}",Bhopal,2024-08-24,Previous Purchase Order,6,49145.37,294872.22,A,0.953,4.9,50000,0.2,0.9
SRV-000003,Facility Management,Garden Maintenance Monthly,"{""area"": ""2000sqft"", ""frequency"": ""weekly"", ""irrigation"": true}",Bangalore,2024-11-05,Previous Purchase Order,12,10763.75,129165.0,C,0.882,3.8,12000,0.25,1.1
SRV-000004,Professional Services,ERP Implementation,"{""modules"": ""complete"", ""users"": 100, ""customization"": ""moderate""}",Patna,2026-03-18,Dealer Price List,3,484562.81,1453688.43,C,0.869,3.6,800000,0.35,1.0
SRV-000005,Professional Services,Annual Maintenance Contract IT,"{""scope"": ""complete IT"", ""support"": ""24x7"", ""spare_parts"": true}",Kolkata,2025-01-19,Central Public Procurement Portal,12,454027.53,5448330.36,A,0.954,4.9,400000,0.3,1.0
SRV-000006,Facility Management,Plumbing Services Monthly,"{""scope"": ""complete building"", ""response"": ""24hrs""}",Patna,2026-07-27,Central Public Procurement Portal,12,15585.61,187027.32,A,0.884,3.7,15000,0.25,0.9
SRV-000007,Professional Services,ERP Implementation,"{""modules"": ""complete"", ""users"": 100, ""customization"": ""moderate""}",Kolkata,2024-11-28,State e-Procurement,3,749320.12,2247960.36,C,0.944,4.1,800000,0.35,1.1
SRV-000008,Professional Services,Consulting Service Man-Day,"{""domain"": ""IT"", ""level"": ""senior"", ""travel"": true}",Chennai,2025-07-26,Central Public Procurement Portal,6,20329.03,121974.18,C,0.853,3.4,25000,0.25,0.9
SRV-000009,IT Services,Network Maintenance Annual,"{""scope"": ""complete network"", ""support"": ""24x7"", ""response"": ""4hrs""}",Bangalore,2026-04-11,Tender Document,6,204903.82,1229422.92,B,0.866,4.4,250000,0.3,0.95
SRV-000010,Professional Services,ERP Implementation,"{""modules"": ""complete"", ""users"": 100, ""customization"": ""moderate""}",Lucknow,2026-06-28,Dealer Price List,6,769087.47,4614524.82,A,0.86,4.6,800000,0.35,0.95
SRV-000011,Professional Services,Consulting Service Man-Day,"{""domain"": ""IT"", ""level"": ""senior"", ""travel"": true}",Mumbai,2025-09-02,GeM Portal,6,22605.5,135633.0,C,0.975,3.1,25000,0.25,0.9
SRV-000012,Facility Management,Electrical Maintenance Annual,"{""scope"": ""complete"", ""testing"": true, ""certification"": true}",Lucknow,2025-08-13,Central Public Procurement Portal,6,32102.53,192615.18,C,0.955,4.4,45000,0.2,0.9
SRV-000013,IT Services,Software AMC,"{""licenses"": 50, ""type"": ""enterprise"", ""support"": ""business hours""}",Chandigarh,2025-07-27,Industry Report,1,117931.01,117931.01,B,0.859,4.7,150000,0.3,0.9
SRV-000014,Professional Services,Mobile App Development,"{""platform"": ""both"", ""features"": ""moderate"", ""maintenance"": ""6 months""}",Thiruvananthapuram,2025-10-29,Vendor Quotation,6,411863.73,2471182.38,A,0.877,4.0,400000,0.4,1.1
SRV-000015,Facility Management,Housekeeping Services Monthly,"{""area"": ""5000sqft"", ""staff"": 4, ""frequency"": ""daily""}",Bhopal,2024-09-09,Dealer Price List,1,40335.75,40335.75,A,0.856,4.5,35000,0.2,0.9
SRV-000016,Facility Management,Building Management System Annual,"{""floors"": 5, ""monitoring"": true, ""reporting"": true}",Chandigarh,2026-06-07,Vendor Quotation,3,160592.18,481776.54,C,0.91,4.5,180000,0.3,0.95
SRV-000017,Professional Services,ERP Implementation,"{""modules"": ""complete"", ""users"": 100, ""customization"": ""moderate""}",Lucknow,2025-12-17,Previous Purchase Order,12,1166947.85,14003374.2,B,0.882,3.3,800000,0.35,1.1
SRV-000018,Professional Services,Document Digitization Project,"{""pages"": 10000, ""scanning"": true, ""indexing"": true}",Thiruvananthapuram,2025-09-19,Previous Purchase Order,1,47188.68,47188.68,C,0.944,3.9,50000,0.2,0.9
SRV-000019,Professional Services,Training Program 5-Day,"{""participants"": 20, ""topic"": ""IT"", ""certification"": true}",Chennai,2026-03-12,Central Public Procurement Portal,3,158488.96,475466.88,C,0.958,4.8,150000,0.3,1.0
SRV-000020,IT Services,Data Backup Service Monthly,"{""data"": ""5TB"", ""frequency"": ""daily"", ""retention"": ""90 days""}",Mumbai,2026-02-13,Central Public Procurement Portal,6,26193.91,157163.46,B,0.94,3.8,25000,0.2,1.0
SRV-000021,Professional Services,Mobile App Development,"{""platform"": ""both"", ""features"": ""moderate"", ""maintenance"": ""6 months""}",Mumbai,2026-05-30,Tender Document,6,446363.08,2678178.48,B,0.871,3.9,400000,0.4,0.95
SRV-000022,Facility Management,Building Management System Annual,"{""floors"": 5, ""monitoring"": true, ""reporting"": true}",Ahmedabad,2025-03-19,Tender Document,3,180557.21,541671.63,C,0.962,4.0,180000,0.3,1.0
SRV-000023,Facility Management,Plumbing Services Monthly,"{""scope"": ""complete building"", ""response"": ""24hrs""}",Ahmedabad,2025-04-06,GeM Portal,6,13051.3,78307.8,A,0.908,4.6,15000,0.25,0.95
SRV-000024,IT Services,Cloud Migration Service,"{""scope"": ""complete"", ""data"": ""10TB"", ""downtime"": ""minimal""}",Delhi,2024-10-27,Industry Report,1,460492.27,460492.27,C,0.948,4.0,500000,0.4,1.1
SRV-000025,Professional Services,Training Program 5-Day,"{""participants"": 20, ""topic"": ""IT"", ""certification"": true}",Patna,2025-07-20,State e-Procurement,3,102635.17,307905.51,C,0.961,3.2,150000,0.3,0.9
SRV-000026,IT Services,Cloud Migration Service,"{""scope"": ""complete"", ""data"": ""10TB"", ""downtime"": ""minimal""}",Pune,2025-11-30,State e-Procurement,3,540645.38,1621936.14,C,0.859,4.0,500000,0.4,1.1
SRV-000027,IT Services,Cloud Migration Service,"{""scope"": ""complete"", ""data"": ""10TB"", ""downtime"": ""minimal""}",Hyderabad,2026-03-15,Dealer Price List,12,616163.65,7393963.8,A,0.954,4.5,500000,0.4,1.0
SRV-000028,Professional Services,Consulting Service Man-Day,"{""domain"": ""IT"", ""level"": ""senior"", ""travel"": true}",Delhi,2025-04-03,Previous Purchase Order,12,24943.61,299323.32,A,0.938,4.2,25000,0.25,0.95
SRV-000029,Professional Services,Consulting Service Man-Day,"{""domain"": ""IT"", ""level"": ""senior"", ""travel"": true}",Thiruvananthapuram,2025-05-24,Vendor Quotation,12,20536.69,246440.28,C,0.934,4.9,25000,0.25,0.95
SRV-000030,Facility Management,Plumbing Services Monthly,"{""scope"": ""complete building"", ""response"": ""24hrs""}",Hyderabad,2024-08-31,State e-Procurement,3,11730.07,35190.21,C,0.857,3.6,15000,0.25,0.9
SRV-000031,Professional Services,Consulting Service Man-Day,"{""domain"": ""IT"", ""level"": ""senior"", ""travel"": true}",Lucknow,2026-01-31,Online Marketplace,1,22351.82,22351.82,B,0.938,3.3,25000,0.25,1.0
SRV-000032,Professional Services,ERP Implementation,"{""modules"": ""complete"", ""users"": 100, ""customization"": ""moderate""}",Hyderabad,2025-11-17,Previous Purchase Order,3,1390102.46,4170307.38,A,0.941,3.9,800000,0.35,1.1
SRV-000033,Professional Services,ERP Implementation,"{""modules"": ""complete"", ""users"": 100, ""customization"": ""moderate""}",Ahmedabad,2025-02-25,State e-Procurement,12,1146700.92,13760411.04,A,0.966,4.0,800000,0.35,1.0
SRV-000034,IT Services,Data Backup Service Monthly,"{""data"": ""5TB"", ""frequency"": ""daily"", ""retention"": ""90 days""}",Lucknow,2026-05-07,GeM Portal,6,25667.8,154006.8,B,0.929,4.2,25000,0.2,0.95
SRV-000035,IT Services,Software AMC,"{""licenses"": 50, ""type"": ""enterprise"", ""support"": ""business hours""}",Lucknow,2026-03-02,Industry Report,6,134787.85,808727.1,B,0.915,3.2,150000,0.3,1.0
SRV-000036,Facility Management,Building Management System Annual,"{""floors"": 5, ""monitoring"": true, ""reporting"": true}",Thiruvananthapuram,2025-03-31,Tender Document,6,181053.02,1086318.12,A,0.947,4.9,180000,0.3,1.0
SRV-000037,Professional Services,ERP Implementation,"{""modules"": ""complete"", ""users"": 100, ""customization"": ""moderate""}",Bhopal,2026-02-02,Vendor Quotation,1,1165247.49,1165247.49,A,0.928,4.2,800000,0.35,1.0
SRV-000038,Professional Services,Training Program 5-Day,"{""participants"": 20, ""topic"": ""IT"", ""certification"": true}",Lucknow,2026-06-07,Vendor Quotation,3,104066.25,312198.75,C,0.947,3.1,150000,0.3,0.95
SRV-000039,Professional Services,ERP Implementation,"{""modules"": ""complete"", ""users"": 100, ""customization"": ""moderate""}",Guwahati,2025-09-15,Dealer Price List,1,611481.59,611481.59,B,0.944,3.6,800000,0.35,0.9
SRV-000040,Professional Services,Annual Maintenance Contract IT,"{""scope"": ""complete IT"", ""support"": ""24x7"", ""spare_parts"": true}",Pune,2025-04-30,Central Public Procurement Portal,6,314306.52,1885839.12,B,0.893,3.1,400000,0.3,0.95
SRV-000041,Professional Services,Web Development Project,"{""pages"": 20, ""responsive"": true, ""CMS"": true}",Bangalore,2026-07-29,Central Public Procurement Portal,1,149520.02,149520.02,A,0.875,4.5,200000,0.35,0.9
SRV-000042,IT Services,Cloud Migration Service,"{""scope"": ""complete"", ""data"": ""10TB"", ""downtime"": ""minimal""}",Jaipur,2025-10-07,Online Marketplace,6,424386.88,2546321.28,C,0.963,3.3,500000,0.4,1.1
SRV-000043,Professional Services,Document Digitization Project,"{""pages"": 10000, ""scanning"": true, ""indexing"": true}",Patna,2026-06-22,Dealer Price List,6,52101.17,312607.02,A,0.946,4.3,50000,0.2,0.95
SRV-000044,IT Services,Data Backup Service Monthly,"{""data"": ""5TB"", ""frequency"": ""daily"", ""retention"": ""90 days""}",Bangalore,2025-12-29,Industry Report,1,29420.27,29420.27,C,0.882,4.0,25000,0.2,1.1
SRV-000045,Professional Services,Annual Maintenance Contract IT,"{""scope"": ""complete IT"", ""support"": ""24x7"", ""spare_parts"": true}",Pune,2026-05-13,Vendor Quotation,1,445112.77,445112.77,C,0.858,3.5,400000,0.3,0.95
SRV-000046,Facility Management,Security Guard Services Monthly,"{""guards"": 4, ""shift"": ""24x7"", ""armed"": false}",Patna,2025-07-22,Dealer Price List,3,69109.89,207329.67,C,0.886,3.4,80000,0.25,0.9
SRV-000047,IT Services,Data Backup Service Monthly,"{""data"": ""5TB"", ""frequency"": ""daily"", ""retention"": ""90 days""}",Jaipur,2024-11-08,Dealer Price List,3,24342.14,73026.42,C,0.936,3.5,25000,0.2,1.1
SRV-000048,Professional Services,Annual Maintenance Contract IT,"{""scope"": ""complete IT"", ""support"": ""24x7"", ""spare_parts"": true}",Patna,2025-10-29,Dealer Price List,12,348644.23,4183730.76,C,0.936,4.9,400000,0.3,1.1
SRV-000049,IT Services,Server Maintenance Annual,"{""servers"": 5, ""support"": ""24x7"", ""response"": ""4hrs""}",Pune,2024-09-25,Tender Document,12,178877.66,2146531.92,C,0.901,3.5,180000,0.25,0.9
SRV-000050,Facility Management,Security Guard Services Monthly,"{""guards"": 4, ""shift"": ""24x7"", ""armed"": false}",Mumbai,2025-08-27,Central Public Procurement Portal,6,87504.77,525028.62,A,0.914,4.7,80000,0.25,0.9
SRV-000051,IT Services,Cybersecurity Audit,"{""scope"": ""complete"", ""report"": true, ""remediation"": true}",Ahmedabad,2024-10-15,State e-Procurement,12,487196.96,5846363.52,A,0.86,3.1,300000,0.35,1.1
SRV-000052,Facility Management,Garden Maintenance Monthly,"{""area"": ""2000sqft"", ""frequency"": ""weekly"", ""irrigation"": true}",Lucknow,2026-05-11,Vendor Quotation,6,9402.66,56415.96,B,0.904,3.3,12000,0.25,0.95
SRV-000053,Facility Management,Plumbing Services Monthly,"{""scope"": ""complete building"", ""response"": ""24hrs""}",Lucknow,2026-04-23,Previous Purchase Order,12,15201.89,182422.68,C,0.853,3.6,15000,0.25,0.95
SRV-000054,Professional Services,ERP Implementation,"{""modules"": ""complete"", ""users"": 100, ""customization"": ""moderate""}",Hyderabad,2026-02-19,Online Marketplace,6,641407.77,3848446.62,C,0.944,4.8,800000,0.35,1.0
SRV-000055,Professional Services,Mobile App Development,"{""platform"": ""both"", ""features"": ""moderate"", ""maintenance"": ""6 months""}",Jaipur,2026-08-12,Previous Purchase Order,3,446427.6,1339282.8,C,0.92,3.5,400000,0.4,0.9
SRV-000056,Facility Management,Garden Maintenance Monthly,"{""area"": ""2000sqft"", ""frequency"": ""weekly"", ""irrigation"": true}",Chandigarh,2025-08-20,Central Public Procurement Portal,3,9146.14,27438.42,B,0.881,4.4,12000,0.25,0.9
SRV-000057,Professional Services,Document Digitization Project,"{""pages"": 10000, ""scanning"": true, ""indexing"": true}",Pune,2025-09-13,Tender Document,12,42628.37,511540.44,A,0.935,4.3,50000,0.2,0.9
SRV-000058,IT Services,Software AMC,"{""licenses"": 50, ""type"": ""enterprise"", ""support"": ""business hours""}",Chandigarh,2025-02-10,Central Public Procurement Portal,6,181361.03,1088166.18,A,0.902,4.6,150000,0.3,1.0
SRV-000059,IT Services,Data Backup Service Monthly,"{""data"": ""5TB"", ""frequency"": ""daily"", ""retention"": ""90 days""}",Patna,2026-07-18,Central Public Procurement Portal,1,25082.88,25082.88,A,0.865,4.6,25000,0.2,0.9
SRV-000060,Professional Services,Consulting Service Man-Day,"{""domain"": ""IT"", ""level"": ""senior"", ""travel"": true}",Pune,2026-04-07,Dealer Price List,12,33837.73,406052.76,A,0.905,4.0,25000,0.25,0.95
SRV-000061,Facility Management,Electrical Maintenance Annual,"{""scope"": ""complete"", ""testing"": true, ""certification"": true}",Mumbai,2025-11-07,Previous Purchase Order,6,43481.61,260889.66,C,0.89,4.6,45000,0.2,1.1
SRV-000062,Facility Management,Garden Maintenance Monthly,"{""area"": ""2000sqft"", ""frequency"": ""weekly"", ""irrigation"": true}",Patna,2024-11-22,Central Public Procurement Portal,12,14328.56,171942.72,B,0.934,3.4,12000,0.25,1.1
SRV-000063,Professional Services,Training Program 5-Day,"{""participants"": 20, ""topic"": ""IT"", ""certification"": true}",Chandigarh,2026-08-09,Online Marketplace,6,123614.68,741688.08,A,0.857,3.5,150000,0.3,0.9
SRV-000064,IT Services,Data Backup Service Monthly,"{""data"": ""5TB"", ""frequency"": ""daily"", ""retention"": ""90 days""}",Kolkata,2025-11-13,Vendor Quotation,1,32163.32,32163.32,A,0.901,4.5,25000,0.2,1.1
SRV-000065,IT Services,Server Maintenance Annual,"{""servers"": 5, ""support"": ""24x7"", ""response"": ""4hrs""}",Pune,2025-09-02,Industry Report,12,177279.44,2127353.28,B,0.987,3.5,180000,0.25,0.9
SRV-000066,Professional Services,ERP Implementation,"{""modules"": ""complete"", ""users"": 100, ""customization"": ""moderate""}",Ahmedabad,2025-06-15,Industry Report,12,857489.16,10289869.92,C,0.937,4.6,800000,0.35,0.95
SRV-000067,Facility Management,Plumbing Services Monthly,"{""scope"": ""complete building"", ""response"": ""24hrs""}",Ahmedabad,2026-03-29,Vendor Quotation,12,14523.2,174278.4,C,0.909,3.5,15000,0.25,1.0
SRV-000068,Facility Management,Pest Control Quarterly,"{""area"": ""5000sqft"", ""type"": ""commercial"", ""guarantee"": ""3 months""}",Mumbai,2025-09-07,GeM Portal,12,7236.95,86843.4,A,0.989,4.5,8000,0.2,0.9
SRV-000069,Professional Services,ERP Implementation,"{""modules"": ""complete"", ""users"": 100, ""customization"": ""moderate""}",Lucknow,2026-03-16,GeM Portal,3,773644.85,2320934.55,A,0.966,4.5,800000,0.35,1.0
SRV-000070,IT Services,Cybersecurity Audit,"{""scope"": ""complete"", ""report"": true, ""remediation"": true}",Thiruvananthapuram,2025-06-08,Previous Purchase Order,3,217292.71,651878.13,C,0.852,3.2,300000,0.35,0.95
SRV-000071,IT Services,Software AMC,"{""licenses"": 50, ""type"": ""enterprise"", ""support"": ""business hours""}",Bhopal,2024-11-05,Dealer Price List,12,222588.64,2671063.68,A,0.967,3.6,150000,0.3,1.1
SRV-000072,IT Services,IT Helpdesk Support Monthly,"{""users"": 100, ""response"": ""1hr"", ""resolution"": ""4hrs""}",Pune,2026-01-05,Industry Report,3,45359.93,136079.79,B,0.981,4.6,45000,0.25,1.0
SRV-000073,IT Services,Software AMC,"{""licenses"": 50, ""type"": ""enterprise"", ""support"": ""business hours""}",Chennai,2026-03-03,Previous Purchase Order,1,154213.06,154213.06,C,0.924,3.5,150000,0.3,1.0
SRV-000074,Facility Management,Plumbing Services Monthly,"{""scope"": ""complete building"", ""response"": ""24hrs""}",Jaipur,2024-11-06,Central Public Procurement Portal,3,19041.09,57123.27,B,0.904,4.7,15000,0.25,1.1
SRV-000075,Professional Services,Mobile App Development,"{""platform"": ""both"", ""features"": ""moderate"", ""maintenance"": ""6 months""}",Delhi,2026-04-26,Online Marketplace,1,344009.2,344009.2,B,0.965,3.7,400000,0.4,0.95
SRV-000076,Facility Management,Housekeeping Services Monthly,"{""area"": ""5000sqft"", ""staff"": 4, ""frequency"": ""daily""}",Guwahati,2025-06-02,GeM Portal,1,32453.76,32453.76,B,0.936,3.1,35000,0.2,0.95
SRV-000077,Facility Management,Electrical Maintenance Annual,"{""scope"": ""complete"", ""testing"": true, ""certification"": true}",Delhi,2025-06-01,Vendor Quotation,1,50414.34,50414.34,B,0.93,4.0,45000,0.2,0.95
SRV-000078,Facility Management,Electrical Maintenance Annual,"{""scope"": ""complete"", ""testing"": true, ""certification"": true}",Delhi,2026-04-19,Previous Purchase Order,12,53409.0,640908.0,A,0.971,4.0,45000,0.2,0.95
SRV-000079,Professional Services,Annual Maintenance Contract IT,"{""scope"": ""complete IT"", ""support"": ""24x7"", ""spare_parts"": true}",Lucknow,2025-05-22,Dealer Price List,12,429674.23,5156090.76,C,0.859,3.2,400000,0.3,0.95
SRV-000080,Professional Services,Mobile App Development,"{""platform"": ""both"", ""features"": ""moderate"", ""maintenance"": ""6 months""}",Mumbai,2025-06-22,Previous Purchase Order,1,444391.1,444391.1,B,0.915,3.7,400000,0.4,0.95
SRV-000081,Professional Services,Consulting Service Man-Day,"{""domain"": ""IT"", ""level"": ""senior"", ""travel"": true}",Pune,2025-02-02,GeM Portal,6,26958.16,161748.96,B,0.933,5.0,25000,0.25,1.0
SRV-000082,Professional Services,Training Program 5-Day,"{""participants"": 20, ""topic"": ""IT"", ""certification"": true}",Guwahati,2026-03-19,Central Public Procurement Portal,3,193401.04,580203.12,A,0.888,3.5,150000,0.3,1.0
SRV-000083,IT Services,Cybersecurity Audit,"{""scope"": ""complete"", ""report"": true, ""remediation"": true}",Chandigarh,2025-02-10,Dealer Price List,6,238984.77,1433908.62,C,0.968,3.1,300000,0.35,1.0
SRV-000084,Professional Services,Training Program 5-Day,"{""participants"": 20, ""topic"": ""IT"", ""certification"": true}",Ahmedabad,2025-03-16,Tender Document,3,113144.68,339434.04,C,0.977,4.3,150000,0.3,1.0
SRV-000085,Facility Management,Building Management System Annual,"{""floors"": 5, ""monitoring"": true, ""reporting"": true}",Chennai,2025-08-27,Dealer Price List,12,130671.29,1568055.48,C,0.971,4.8,180000,0.3,0.9
SRV-000086,Professional Services,Document Digitization Project,"{""pages"": 10000, ""scanning"": true, ""indexing"": true}",Pune,2024-09-14,Tender Document,3,44348.59,133045.77,B,0.967,4.5,50000,0.2,0.9
SRV-000087,Facility Management,Pest Control Quarterly,"{""area"": ""5000sqft"", ""type"": ""commercial"", ""guarantee"": ""3 months""}",Patna,2026-02-08,Tender Document,3,8104.08,24312.24,C,0.923,4.8,8000,0.2,1.0
SRV-000088,IT Services,IT Helpdesk Support Monthly,"{""users"": 100, ""response"": ""1hr"", ""resolution"": ""4hrs""}",Thiruvananthapuram,2025-01-12,GeM Portal,12,36975.52,443706.24,C,0.872,4.4,45000,0.25,1.0
SRV-000089,IT Services,Software AMC,"{""licenses"": 50, ""type"": ""enterprise"", ""support"": ""business hours""}",Kolkata,2025-09-12,Dealer Price List,6,141215.78,847294.68,C,0.861,4.7,150000,0.3,0.9
SRV-000090,IT Services,Network Maintenance Annual,"{""scope"": ""complete network"", ""support"": ""24x7"", ""response"": ""4hrs""}",Thiruvananthapuram,2026-01-09,Vendor Quotation,12,218994.2,2627930.4,B,0.942,3.1,250000,0.3,1.0
SRV-000091,IT Services,Data Backup Service Monthly,"{""data"": ""5TB"", ""frequency"": ""daily"", ""retention"": ""90 days""}",Chandigarh,2026-06-12,Central Public Procurement Portal,12,24791.02,297492.24,B,0.95,3.7,25000,0.2,0.95
SRV-000092,Facility Management,Building Management System Annual,"{""floors"": 5, ""monitoring"": true, ""reporting"": true}",Bhopal,2026-06-12,Tender Document,1,141801.14,141801.14,B,0.925,4.7,180000,0.3,0.95
SRV-000093,Professional Services,Mobile App Development,"{""platform"": ""both"", ""features"": ""moderate"", ""maintenance"": ""6 months""}",Patna,2026-02-13,Tender Document,12,343535.15,4122421.8,B,0.885,3.6,400000,0.4,1.0
SRV-000094,Facility Management,Electrical Maintenance Annual,"{""scope"": ""complete"", ""testing"": true, ""certification"": true}",Chandigarh,2024-10-31,Central Public Procurement Portal,12,64232.1,770785.2,A,0.9,3.0,45000,0.2,1.1
SRV-000095,IT Services,Cloud Migration Service,"{""scope"": ""complete"", ""data"": ""10TB"", ""downtime"": ""minimal""}",Thiruvananthapuram,2026-06-22,Industry Report,6,523834.97,3143009.82,C,0.948,3.3,500000,0.4,0.95
SRV-000096,Professional Services,Document Digitization Project,"{""pages"": 10000, ""scanning"": true, ""indexing"": true}",Bangalore,2024-10-11,Vendor Quotation,6,80238.74,481432.44,A,0.92,3.8,50000,0.2,1.1
SRV-000097,Professional Services,Training Program 5-Day,"{""participants"": 20, ""topic"": ""IT"", ""certification"": true}",Chandigarh,2025-04-25,Vendor Quotation,1,158927.87,158927.87,C,0.884,3.6,150000,0.3,0.95
SRV-000098,IT Services,Network Maintenance Annual,"{""scope"": ""complete network"", ""support"": ""24x7"", ""response"": ""4hrs""}",Patna,2025-08-10,Central Public Procurement Portal,1,191428.0,191428.0,A,0.956,4.2,250000,0.3,0.9
SRV-000099,Professional Services,Mobile App Development,"{""platform"": ""both"", ""features"": ""moderate"", ""maintenance"": ""6 months""}",Pune,2026-07-23,GeM Portal,12,419532.78,5034393.36,B,0.941,4.5,400000,0.4,0.9
SRV-000100,Professional Services,Web Development Project,"{""pages"": 20, ""responsive"": true, ""CMS"": true}",Kolkata,2025-10-10,Online Marketplace,6,223896.45,1343378.7,B,0.899,4.5,200000,0.35,1.1
SRV-000101,IT Services,IT Helpdesk Support Monthly,"{""users"": 100, ""response"": ""1hr"", ""resolution"": ""4hrs""}",Hyderabad,2026-06-13,Tender Document,1,36229.56,36229.56,B,0.986,5.0,45000,0.25,0.95
SRV-000102,Professional Services,Annual Maintenance Contract IT,"{""scope"": ""complete IT"", ""support"": ""24x7"", ""spare_parts"": true}",Chennai,2026-03-12,Previous Purchase Order,1,380345.59,380345.59,B,0.859,4.7,400000,0.3,1.0
SRV-000103,Professional Services,Document Digitization Project,"{""pages"": 10000, ""scanning"": true, ""indexing"": true}",Mumbai,2025-05-31,State e-Procurement,1,47810.17,47810.17,C,0.866,4.9,50000,0.2,0.95
SRV-000104,IT Services,Cybersecurity Audit,"{""scope"": ""complete"", ""report"": true, ""remediation"": true}",Jaipur,2024-09-23,Online Marketplace,12,303282.54,3639390.48,A,0.89,3.7,300000,0.35,0.9
SRV-000105,Professional Services,Web Development Project,"{""pages"": 20, ""responsive"": true, ""CMS"": true}",Patna,2025-10-07,Previous Purchase Order,12,203156.1,2437873.2,A,0.934,4.9,200000,0.35,1.1
SRV-000106,Professional Services,Training Program 5-Day,"{""participants"": 20, ""topic"": ""IT"", ""certification"": true}",Guwahati,2026-05-12,Online Marketplace,12,190297.05,2283564.6,A,0.914,4.7,150000,0.3,0.95
SRV-000107,Facility Management,Plumbing Services Monthly,"{""scope"": ""complete building"", ""response"": ""24hrs""}",Bangalore,2026-03-04,Previous Purchase Order,12,17059.2,204710.4,A,0.988,3.6,15000,0.25,1.0
SRV-000108,Facility Management,Housekeeping Services Monthly,"{""area"": ""5000sqft"", ""staff"": 4, ""frequency"": ""daily""}",Jaipur,2025-09-02,GeM Portal,6,26351.03,158106.18,C,0.989,3.3,35000,0.2,0.9
SRV-000109,Professional Services,Mobile App Development,"{""platform"": ""both"", ""features"": ""moderate"", ""maintenance"": ""6 months""}",Kolkata,2025-11-30,GeM Portal,12,547246.14,6566953.68,C,0.922,3.0,400000,0.4,1.1
SRV-000110,Facility Management,Plumbing Services Monthly,"{""scope"": ""complete building"", ""response"": ""24hrs""}",Chandigarh,2024-08-30,Industry Report,3,12656.65,37969.95,B,0.866,3.8,15000,0.25,0.9
SRV-000111,Facility Management,Housekeeping Services Monthly,"{""area"": ""5000sqft"", ""staff"": 4, ""frequency"": ""daily""}",Delhi,2026-06-19,Vendor Quotation,1,40818.09,40818.09,A,0.911,3.9,35000,0.2,0.95
SRV-000112,Facility Management,Housekeeping Services Monthly,"{""area"": ""5000sqft"", ""staff"": 4, ""frequency"": ""daily""}",Bhopal,2025-06-21,Tender Document,12,37405.83,448869.96,A,0.931,4.7,35000,0.2,0.95
SRV-000113,Facility Management,Electrical Maintenance Annual,"{""scope"": ""complete"", ""testing"": true, ""certification"": true}",Jaipur,2026-02-17,Online Marketplace,6,45705.44,274232.64,A,0.965,4.1,45000,0.2,1.0
SRV-000114,Professional Services,ERP Implementation,"{""modules"": ""complete"", ""users"": 100, ""customization"": ""moderate""}",Chandigarh,2025-06-15,Dealer Price List,1,653881.72,653881.72,B,0.891,3.7,800000,0.35,0.95
SRV-000115,Professional Services,ERP Implementation,"{""modules"": ""complete"", ""users"": 100, ""customization"": ""moderate""}",Lucknow,2025-03-18,Industry Report,3,955579.04,2866737.12,A,0.882,4.8,800000,0.35,1.0
SRV-000116,Facility Management,Housekeeping Services Monthly,"{""area"": ""5000sqft"", ""staff"": 4, ""frequency"": ""daily""}",Lucknow,2026-05-26,GeM Portal,3,37670.97,113012.91,A,0.979,3.1,35000,0.2,0.95
SRV-000117,Facility Management,Security Guard Services Monthly,"{""guards"": 4, ""shift"": ""24x7"", ""armed"": false}",Chennai,2024-11-19,Previous Purchase Order,3,93844.91,281534.73,A,0.888,4.7,80000,0.25,1.1
SRV-000118,Facility Management,Building Management System Annual,"{""floors"": 5, ""monitoring"": true, ""reporting"": true}",Ahmedabad,2026-06-23,Dealer Price List,6,111110.54,666663.24,C,0.911,3.2,180000,0.3,0.95
SRV-000119,Professional Services,ERP Implementation,"{""modules"": ""complete"", ""users"": 100, ""customization"": ""moderate""}",Guwahati,2025-06-12,State e-Procurement,3,644183.31,1932549.93,C,0.967,4.2,800000,0.35,0.95
SRV-000120,IT Services,Cybersecurity Audit,"{""scope"": ""complete"", ""report"": true, ""remediation"": true}",Chandigarh,2025-08-04,Industry Report,3,314746.95,944240.85,B,0.899,4.9,300000,0.35,0.9
SRV-000121,Professional Services,ERP Implementation,"{""modules"": ""complete"", ""users"": 100, ""customization"": ""moderate""}",Kolkata,2026-02-13,Tender Document,3,1101906.24,3305718.72,A,0.91,4.8,800000,0.35,1.0
SRV-000122,Professional Services,Document Digitization Project,"{""pages"": 10000, ""scanning"": true, ""indexing"": true}",Delhi,2026-04-17,Central Public Procurement Portal,6,48951.69,293710.14,B,0.949,3.8,50000,0.2,0.95
SRV-000123,Facility Management,Garden Maintenance Monthly,"{""area"": ""2000sqft"", ""frequency"": ""weekly"", ""irrigation"": true}",Lucknow,2026-05-08,Previous Purchase Order,6,8842.54,53055.24,C,0.951,4.2,12000,0.25,0.95
SRV-000124,IT Services,Server Maintenance Annual,"{""servers"": 5, ""support"": ""24x7"", ""response"": ""4hrs""}",Lucknow,2025-08-12,Tender Document,3,162108.77,486326.31,B,0.937,3.4,180000,0.25,0.9
SRV-000125,IT Services,Server Maintenance Annual,"{""servers"": 5, ""support"": ""24x7"", ""response"": ""4hrs""}",Ahmedabad,2026-08-04,Industry Report,3,167228.13,501684.39,C,0.983,4.8,180000,0.25,0.9
SRV-000126,Professional Services,Training Program 5-Day,"{""participants"": 20, ""topic"": ""IT"", ""certification"": true}",Chennai,2025-05-02,Central Public Procurement Portal,3,138760.12,416280.36,B,0.963,4.2,150000,0.3,0.95
SRV-000127,Facility Management,Security Guard Services Monthly,"{""guards"": 4, ""shift"": ""24x7"", ""armed"": false}",Chandigarh,2026-03-21,Vendor Quotation,3,81916.58,245749.74,B,0.98,4.1,80000,0.25,1.0
SRV-000128,Facility Management,Plumbing Services Monthly,"{""scope"": ""complete building"", ""response"": ""24hrs""}",Bangalore,2026-01-21,Central Public Procurement Portal,6,14338.03,86028.18,C,0.86,3.0,15000,0.25,1.0
SRV-000129,Professional Services,Training Program 5-Day,"{""participants"": 20, ""topic"": ""IT"", ""certification"": true}",Thiruvananthapuram,2025-09-19,Online Marketplace,3,168472.78,505418.34,B,0.907,3.9,150000,0.3,0.9
SRV-000130,Professional Services,Web Development Project,"{""pages"": 20, ""responsive"": true, ""CMS"": true}",Ahmedabad,2026-01-02,Vendor Quotation,1,248354.17,248354.17,B,0.935,4.2,200000,0.35,1.0
SRV-000131,IT Services,Cloud Migration Service,"{""scope"": ""complete"", ""data"": ""10TB"", ""downtime"": ""minimal""}",Bhopal,2024-09-10,Previous Purchase Order,6,376752.39,2260514.34,B,0.967,3.3,500000,0.4,0.9
SRV-000132,Professional Services,Consulting Service Man-Day,"{""domain"": ""IT"", ""level"": ""senior"", ""travel"": true}",Delhi,2025-03-06,Previous Purchase Order,6,21355.81,128134.86,A,0.877,3.5,25000,0.25,1.0
SRV-000133,IT Services,Cloud Migration Service,"{""scope"": ""complete"", ""data"": ""10TB"", ""downtime"": ""minimal""}",Guwahati,2026-03-08,Tender Document,12,371631.98,4459583.76,C,0.944,3.4,500000,0.4,1.0
SRV-000134,IT Services,Software AMC,"{""licenses"": 50, ""type"": ""enterprise"", ""support"": ""business hours""}",Bhopal,2025-03-02,Industry Report,3,165899.25,497697.75,B,0.863,3.3,150000,0.3,1.0
SRV-000135,Professional Services,Mobile App Development,"{""platform"": ""both"", ""features"": ""moderate"", ""maintenance"": ""6 months""}",Guwahati,2026-07-26,Dealer Price List,3,362540.58,1087621.74,B,0.979,4.7,400000,0.4,0.9
SRV-000136,Professional Services,Document Digitization Project,"{""pages"": 10000, ""scanning"": true, ""indexing"": true}",Hyderabad,2025-05-01,Tender Document,3,56606.17,169818.51,C,0.945,4.3,50000,0.2,0.95
SRV-000137,Facility Management,Housekeeping Services Monthly,"{""area"": ""5000sqft"", ""staff"": 4, ""frequency"": ""daily""}",Jaipur,2025-08-07,GeM Portal,3,33047.52,99142.56,B,0.871,4.1,35000,0.2,0.9
SRV-000138,Professional Services,Mobile App Development,"{""platform"": ""both"", ""features"": ""moderate"", ""maintenance"": ""6 months""}",Pune,2026-01-23,State e-Procurement,1,358026.21,358026.21,C,0.923,3.3,400000,0.4,1.0
SRV-000139,Facility Management,Garden Maintenance Monthly,"{""area"": ""2000sqft"", ""frequency"": ""weekly"", ""irrigation"": true}",Hyderabad,2026-06-14,GeM Portal,6,12315.91,73895.46,A,0.987,3.2,12000,0.25,0.95
SRV-000140,IT Services,IT Helpdesk Support Monthly,"{""users"": 100, ""response"": ""1hr"", ""resolution"": ""4hrs""}",Bangalore,2026-07-24,Dealer Price List,6,44620.99,267725.94,A,0.918,3.3,45000,0.25,0.9
SRV-000141,IT Services,IT Helpdesk Support Monthly,"{""users"": 100, ""response"": ""1hr"", ""resolution"": ""4hrs""}",Patna,2025-05-21,Previous Purchase Order,6,40275.43,241652.58,B,0.866,3.4,45000,0.25,0.95
SRV-000142,Facility Management,Building Management System Annual,"{""floors"": 5, ""monitoring"": true, ""reporting"": true}",Bhopal,2025-03-15,Tender Document,12,118457.3,1421487.6,C,0.911,4.6,180000,0.3,1.0
SRV-000143,IT Services,Data Backup Service Monthly,"{""data"": ""5TB"", ""frequency"": ""daily"", ""retention"": ""90 days""}",Ahmedabad,2025-12-19,Central Public Procurement Portal,12,28445.66,341347.92,B,0.935,3.4,25000,0.2,1.1
SRV-000144,IT Services,Cybersecurity Audit,"{""scope"": ""complete"", ""report"": true, ""remediation"": true}",Delhi,2025-12-07,Industry Report,3,264545.53,793636.59,C,0.968,3.2,300000,0.35,1.1
SRV-000145,Professional Services,Consulting Service Man-Day,"{""domain"": ""IT"", ""level"": ""senior"", ""travel"": true}",Jaipur,2026-02-19,Central Public Procurement Portal,3,26526.72,79580.16,C,0.918,4.7,25000,0.25,1.0
SRV-000146,Professional Services,Annual Maintenance Contract IT,"{""scope"": ""complete IT"", ""support"": ""24x7"", ""spare_parts"": true}",Thiruvananthapuram,2024-10-13,Vendor Quotation,12,352758.33,4233099.96,C,0.897,4.5,400000,0.3,1.1
SRV-000147,Facility Management,Garden Maintenance Monthly,"{""area"": ""2000sqft"", ""frequency"": ""weekly"", ""irrigation"": true}",Bhopal,2026-01-31,Industry Report,12,12338.98,148067.76,C,0.882,4.9,12000,0.25,1.0
SRV-000148,Facility Management,Pest Control Quarterly,"{""area"": ""5000sqft"", ""type"": ""commercial"", ""guarantee"": ""3 months""}",Thiruvananthapuram,2025-09-12,Previous Purchase Order,3,6603.66,19810.98,A,0.86,4.2,8000,0.2,0.9
SRV-000149,Professional Services,ERP Implementation,"{""modules"": ""complete"", ""users"": 100, ""customization"": ""moderate""}",Patna,2026-03-13,Online Marketplace,3,1017208.31,3051624.93,A,0.985,3.8,800000,0.35,1.0
SRV-000150,IT Services,Cybersecurity Audit,"{""scope"": ""complete"", ""report"": true, ""remediation"": true}",Patna,2025-11-04,Vendor Quotation,6,220342.32,1322053.92,B,0.934,3.6,300000,0.35,1.1
SRV-000151,Professional Services,ERP Implementation,"{""modules"": ""complete"", ""users"": 100, ""customization"": ""moderate""}",Thiruvananthapuram,2024-12-24,State e-Procurement,12,754825.88,9057910.56,C,0.918,3.1,800000,0.35,1.1
SRV-000152,IT Services,Server Maintenance Annual,"{""servers"": 5, ""support"": ""24x7"", ""response"": ""4hrs""}",Jaipur,2025-05-17,GeM Portal,12,186781.59,2241379.08,A,0.91,4.4,180000,0.25,0.95
SRV-000153,IT Services,Data Backup Service Monthly,"{""data"": ""5TB"", ""frequency"": ""daily"", ""retention"": ""90 days""}",Pune,2024-12-07,Vendor Quotation,6,27986.82,167920.92,C,0.879,3.5,25000,0.2,1.1
SRV-000154,Facility Management,Housekeeping Services Monthly,"{""area"": ""5000sqft"", ""staff"": 4, ""frequency"": ""daily""}",Delhi,2024-10-14,Online Marketplace,3,30200.25,90600.75,C,0.942,5.0,35000,0.2,1.1
SRV-000155,Professional Services,Document Digitization Project,"{""pages"": 10000, ""scanning"": true, ""indexing"": true}",Bangalore,2026-06-07,State e-Procurement,3,55966.63,167899.89,B,0.907,3.6,50000,0.2,0.95
SRV-000156,Professional Services,Consulting Service Man-Day,"{""domain"": ""IT"", ""level"": ""senior"", ""travel"": true}",Bhopal,2026-08-03,Online Marketplace,3,27124.58,81373.74,B,0.986,4.0,25000,0.25,0.9
SRV-000157,Facility Management,Electrical Maintenance Annual,"{""scope"": ""complete"", ""testing"": true, ""certification"": true}",Hyderabad,2026-05-02,Dealer Price List,3,48550.19,145650.57,A,0.869,4.5,45000,0.2,0.95
SRV-000158,Facility Management,Plumbing Services Monthly,"{""scope"": ""complete building"", ""response"": ""24hrs""}",Chennai,2025-08-15,GeM Portal,6,16631.06,99786.36,B,0.987,5.0,15000,0.25,0.9
SRV-000159,Professional Services,Document Digitization Project,"{""pages"": 10000, ""scanning"": true, ""indexing"": true}",Thiruvananthapuram,2026-02-19,Online Marketplace,1,58734.39,58734.39,B,0.919,3.5,50000,0.2,1.0
SRV-000160,Professional Services,Consulting Service Man-Day,"{""domain"": ""IT"", ""level"": ""senior"", ""travel"": true}",Pune,2026-06-04,Previous Purchase Order,3,29698.12,89094.36,A,0.879,3.8,25000,0.25,0.95
SRV-000161,Facility Management,Security Guard Services Monthly,"{""guards"": 4, ""shift"": ""24x7"", ""armed"": false}",Jaipur,2025-02-05,Tender Document,1,77900.03,77900.03,C,0.86,3.7,80000,0.25,1.0
SRV-000162,Professional Services,Consulting Service Man-Day,"{""domain"": ""IT"", ""level"": ""senior"", ""travel"": true}",Patna,2025-03-05,Tender Document,1,18972.44,18972.44,B,0.955,4.3,25000,0.25,1.0
SRV-000163,Professional Services,Web Development Project,"{""pages"": 20, ""responsive"": true, ""CMS"": true}",Mumbai,2025-05-04,GeM Portal,6,166260.4,997562.4,A,0.853,4.2,200000,0.35,0.95
SRV-000164,Professional Services,Document Digitization Project,"{""pages"": 10000, ""scanning"": true, ""indexing"": true}",Bangalore,2024-08-28,Vendor Quotation,1,56410.83,56410.83,B,0.855,4.8,50000,0.2,0.9
SRV-000165,IT Services,IT Helpdesk Support Monthly,"{""users"": 100, ""response"": ""1hr"", ""resolution"": ""4hrs""}",Pune,2026-07-19,Tender Document,6,48754.5,292527.0,C,0.917,3.1,45000,0.25,0.9
SRV-000166,Professional Services,Document Digitization Project,"{""pages"": 10000, ""scanning"": true, ""indexing"": true}",Jaipur,2025-11-24,Previous Purchase Order,3,56362.99,169088.97,B,0.907,4.5,50000,0.2,1.1
SRV-000167,Facility Management,Security Guard Services Monthly,"{""guards"": 4, ""shift"": ""24x7"", ""armed"": false}",Thiruvananthapuram,2026-01-27,Central Public Procurement Portal,12,83770.88,1005250.56,A,0.946,3.2,80000,0.25,1.0
SRV-000168,Professional Services,Document Digitization Project,"{""pages"": 10000, ""scanning"": true, ""indexing"": true}",Ahmedabad,2025-06-18,Dealer Price List,3,44578.7,133736.1,A,0.87,3.1,50000,0.2,0.95
SRV-000169,IT Services,Data Backup Service Monthly,"{""data"": ""5TB"", ""frequency"": ""daily"", ""retention"": ""90 days""}",Lucknow,2024-09-17,Central Public Procurement Portal,1,20584.76,20584.76,C,0.961,4.2,25000,0.2,0.9
SRV-000170,Facility Management,Security Guard Services Monthly,"{""guards"": 4, ""shift"": ""24x7"", ""armed"": false}",Jaipur,2024-09-02,Previous Purchase Order,1,82168.21,82168.21,A,0.945,3.7,80000,0.25,0.9
SRV-000171,Professional Services,Training Program 5-Day,"{""participants"": 20, ""topic"": ""IT"", ""certification"": true}",Lucknow,2025-09-15,Dealer Price List,6,123818.28,742909.68,B,0.894,4.4,150000,0.3,0.9
SRV-000172,IT Services,Network Maintenance Annual,"{""scope"": ""complete network"", ""support"": ""24x7"", ""response"": ""4hrs""}",Jaipur,2025-01-26,Central Public Procurement Portal,1,219170.66,219170.66,A,0.852,4.2,250000,0.3,1.0
SRV-000173,Professional Services,Annual Maintenance Contract IT,"{""scope"": ""complete IT"", ""support"": ""24x7"", ""spare_parts"": true}",Bhopal,2025-11-06,Dealer Price List,3,556788.68,1670366.04,B,0.935,4.6,400000,0.3,1.1
SRV-000174,Professional Services,Web Development Project,"{""pages"": 20, ""responsive"": true, ""CMS"": true}",Bhopal,2026-05-03,Vendor Quotation,3,234279.28,702837.84,A,0.92,4.4,200000,0.35,0.95
SRV-000175,Facility Management,Pest Control Quarterly,"{""area"": ""5000sqft"", ""type"": ""commercial"", ""guarantee"": ""3 months""}",Lucknow,2025-10-06,Dealer Price List,1,9940.85,9940.85,B,0.881,3.7,8000,0.2,1.1
SRV-000176,IT Services,Network Maintenance Annual,"{""scope"": ""complete network"", ""support"": ""24x7"", ""response"": ""4hrs""}",Bangalore,2026-05-01,Vendor Quotation,1,238696.05,238696.05,A,0.974,3.7,250000,0.3,0.95
SRV-000177,Facility Management,Electrical Maintenance Annual,"{""scope"": ""complete"", ""testing"": true, ""certification"": true}",Mumbai,2026-08-01,Dealer Price List,3,43699.2,131097.6,B,0.922,4.1,45000,0.2,0.9
SRV-000178,Professional Services,Mobile App Development,"{""platform"": ""both"", ""features"": ""moderate"", ""maintenance"": ""6 months""}",Guwahati,2025-03-31,State e-Procurement,1,515456.39,515456.39,B,0.919,4.4,400000,0.4,1.0
SRV-000179,IT Services,Cybersecurity Audit,"{""scope"": ""complete"", ""report"": true, ""remediation"": true}",Hyderabad,2026-07-25,State e-Procurement,3,204695.32,614085.96,B,0.907,4.0,300000,0.35,0.9
SRV-000180,IT Services,IT Helpdesk Support Monthly,"{""users"": 100, ""response"": ""1hr"", ""resolution"": ""4hrs""}",Kolkata,2025-07-24,Central Public Procurement Portal,3,57274.23,171822.69,B,0.969,3.6,45000,0.25,0.9
SRV-000181,Facility Management,Security Guard Services Monthly,"{""guards"": 4, ""shift"": ""24x7"", ""armed"": false}",Patna,2026-05-19,Online Marketplace,1,84269.77,84269.77,C,0.947,3.8,80000,0.25,0.95
SRV-000182,IT Services,Cybersecurity Audit,"{""scope"": ""complete"", ""report"": true, ""remediation"": true}",Hyderabad,2026-05-11,Vendor Quotation,1,376236.55,376236.55,A,0.87,4.7,300000,0.35,0.95
SRV-000183,IT Services,Cloud Migration Service,"{""scope"": ""complete"", ""data"": ""10TB"", ""downtime"": ""minimal""}",Lucknow,2025-09-21,State e-Procurement,3,552647.16,1657941.48,A,0.901,4.0,500000,0.4,0.9
SRV-000184,Facility Management,Building Management System Annual,"{""floors"": 5, ""monitoring"": true, ""reporting"": true}",Chandigarh,2026-03-12,State e-Procurement,1,246130.89,246130.89,A,0.938,3.8,180000,0.3,1.0
SRV-000185,IT Services,Server Maintenance Annual,"{""servers"": 5, ""support"": ""24x7"", ""response"": ""4hrs""}",Chandigarh,2026-07-17,Dealer Price List,1,144371.11,144371.11,A,0.891,5.0,180000,0.25,0.9
SRV-000186,Professional Services,Document Digitization Project,"{""pages"": 10000, ""scanning"": true, ""indexing"": true}",Patna,2026-05-17,Tender Document,6,41678.91,250073.46,C,0.916,4.0,50000,0.2,0.95
SRV-000187,IT Services,Network Maintenance Annual,"{""scope"": ""complete network"", ""support"": ""24x7"", ""response"": ""4hrs""}",Guwahati,2025-07-17,Previous Purchase Order,12,249168.64,2990023.68,C,0.935,4.4,250000,0.3,0.9
SRV-000188,IT Services,IT Helpdesk Support Monthly,"{""users"": 100, ""response"": ""1hr"", ""resolution"": ""4hrs""}",Bhopal,2025-07-02,Vendor Quotation,12,42086.69,505040.28,A,0.854,4.9,45000,0.25,0.9
SRV-000189,Facility Management,Security Guard Services Monthly,"{""guards"": 4, ""shift"": ""24x7"", ""armed"": false}",Patna,2026-03-11,Dealer Price List,6,107761.62,646569.72,A,0.983,4.9,80000,0.25,1.0
SRV-000190,Facility Management,Housekeeping Services Monthly,"{""area"": ""5000sqft"", ""staff"": 4, ""frequency"": ""daily""}",Bhopal,2026-08-11,Tender Document,3,35472.05,106416.15,B,0.946,4.7,35000,0.2,0.9
SRV-000191,Professional Services,Document Digitization Project,"{""pages"": 10000, ""scanning"": true, ""indexing"": true}",Patna,2025-12-27,Industry Report,3,62933.22,188799.66,A,0.869,3.8,50000,0.2,1.1
SRV-000192,Facility Management,Housekeeping Services Monthly,"{""area"": ""5000sqft"", ""staff"": 4, ""frequency"": ""daily""}",Mumbai,2024-08-21,Online Marketplace,12,44687.32,536247.84,A,0.971,3.2,35000,0.2,0.9
SRV-000193,IT Services,Software AMC,"{""licenses"": 50, ""type"": ""enterprise"", ""support"": ""business hours""}",Mumbai,2025-10-03,GeM Portal,6,145105.22,870631.32,C,0.857,3.2,150000,0.3,1.1
SRV-000194,Facility Management,Housekeeping Services Monthly,"{""area"": ""5000sqft"", ""staff"": 4, ""frequency"": ""daily""}",Ahmedabad,2026-07-13,Vendor Quotation,1,27633.88,27633.88,B,0.967,3.1,35000,0.2,0.9
SRV-000195,Professional Services,ERP Implementation,"{""modules"": ""complete"", ""users"": 100, ""customization"": ""moderate""}",Mumbai,2026-01-04,Vendor Quotation,3,650101.89,1950305.67,C,0.947,4.2,800000,0.35,1.0
SRV-000196,IT Services,Cybersecurity Audit,"{""scope"": ""complete"", ""report"": true, ""remediation"": true}",Pune,2026-01-23,Dealer Price List,3,395273.92,1185821.76,A,0.879,4.4,300000,0.35,1.0
SRV-000197,Facility Management,Housekeeping Services Monthly,"{""area"": ""5000sqft"", ""staff"": 4, ""frequency"": ""daily""}",Ahmedabad,2026-05-15,Previous Purchase Order,3,33649.08,100947.24,C,0.869,4.0,35000,0.2,0.95
SRV-000198,Facility Management,Electrical Maintenance Annual,"{""scope"": ""complete"", ""testing"": true, ""certification"": true}",Chandigarh,2025-06-20,Online Marketplace,3,38453.04,115359.12,B,0.874,4.5,45000,0.2,0.95
SRV-000199,IT Services,Cybersecurity Audit,"{""scope"": ""complete"", ""report"": true, ""remediation"": true}",Delhi,2025-07-21,Vendor Quotation,6,304920.35,1829522.1,A,0.88,3.6,300000,0.35,0.9
SRV-000200,Facility Management,Pest Control Quarterly,"{""area"": ""5000sqft"", ""type"": ""commercial"", ""guarantee"": ""3 months""}",Chennai,2024-12-07,Vendor Quotation,6,13036.1,78216.6,A,0.973,3.9,8000,0.2,1.1
SRV-000201,Professional Services,Web Development Project,"{""pages"": 20, ""responsive"": true, ""CMS"": true}",Bhopal,2026-07-21,GeM Portal,6,176039.74,1056238.44,C,0.903,3.2,200000,0.35,0.9
SRV-000202,IT Services,Cloud Migration Service,"{""scope"": ""complete"", ""data"": ""10TB"", ""downtime"": ""minimal""}",Bangalore,2025-04-06,Online Marketplace,1,485257.75,485257.75,B,0.89,4.7,500000,0.4,0.95
SRV-000203,IT Services,Data Backup Service Monthly,"{""data"": ""5TB"", ""frequency"": ""daily"", ""retention"": ""90 days""}",Kolkata,2025-03-05,Online Marketplace,1,25713.91,25713.91,A,0.867,3.8,25000,0.2,1.0
SRV-000204,Facility Management,Garden Maintenance Monthly,"{""area"": ""2000sqft"", ""frequency"": ""weekly"", ""irrigation"": true}",Hyderabad,2026-07-31,GeM Portal,6,9852.13,59112.78,A,0.906,4.0,12000,0.25,0.9
SRV-000205,Professional Services,ERP Implementation,"{""modules"": ""complete"", ""users"": 100, ""customization"": ""moderate""}",Guwahati,2025-03-13,Industry Report,6,742022.96,4452137.76,C,0.888,4.0,800000,0.35,1.0
SRV-000206,Facility Management,Building Management System Annual,"{""floors"": 5, ""monitoring"": true, ""reporting"": true}",Bhopal,2024-10-29,Previous Purchase Order,1,218976.72,218976.72,A,0.894,4.7,180000,0.3,1.1
SRV-000207,IT Services,Cybersecurity Audit,"{""scope"": ""complete"", ""report"": true, ""remediation"": true}",Mumbai,2026-03-28,GeM Portal,3,368885.47,1106656.41,A,0.983,4.7,300000,0.35,1.0
SRV-000208,IT Services,Network Maintenance Annual,"{""scope"": ""complete network"", ""support"": ""24x7"", ""response"": ""4hrs""}",Pune,2026-05-03,Industry Report,1,308504.85,308504.85,C,0.903,3.6,250000,0.3,0.95
SRV-000209,Facility Management,Plumbing Services Monthly,"{""scope"": ""complete building"", ""response"": ""24hrs""}",Delhi,2025-04-07,Central Public Procurement Portal,1,15413.64,15413.64,B,0.987,4.3,15000,0.25,0.95
SRV-000210,Facility Management,Pest Control Quarterly,"{""area"": ""5000sqft"", ""type"": ""commercial"", ""guarantee"": ""3 months""}",Mumbai,2025-07-15,State e-Procurement,12,8987.13,107845.56,B,0.907,4.8,8000,0.2,0.9
SRV-000211,Professional Services,ERP Implementation,"{""modules"": ""complete"", ""users"": 100, ""customization"": ""moderate""}",Thiruvananthapuram,2025-11-04,GeM Portal,1,1038229.89,1038229.89,B,0.987,4.5,800000,0.35,1.1
SRV-000212,Facility Management,Plumbing Services Monthly,"{""scope"": ""complete building"", ""response"": ""24hrs""}",Bangalore,2024-09-28,State e-Procurement,6,13057.73,78346.38,C,0.976,4.1,15000,0.25,0.9
SRV-000213,IT Services,Data Backup Service Monthly,"{""data"": ""5TB"", ""frequency"": ""daily"", ""retention"": ""90 days""}",Lucknow,2025-08-29,Online Marketplace,12,20298.58,243582.96,B,0.911,4.0,25000,0.2,0.9
SRV-000214,IT Services,Network Maintenance Annual,"{""scope"": ""complete network"", ""support"": ""24x7"", ""response"": ""4hrs""}",Bangalore,2025-11-28,GeM Portal,12,210947.49,2531369.88,C,0.865,3.8,250000,0.3,1.1
SRV-000215,IT Services,Network Maintenance Annual,"{""scope"": ""complete network"", ""support"": ""24x7"", ""response"": ""4hrs""}",Guwahati,2025-07-22,Vendor Quotation,6,239511.63,1437069.78,C,0.915,4.7,250000,0.3,0.9
SRV-000216,IT Services,Software AMC,"{""licenses"": 50, ""type"": ""enterprise"", ""support"": ""business hours""}",Ahmedabad,2025-10-20,Online Marketplace,6,164280.88,985685.28,A,0.984,3.4,150000,0.3,1.1
SRV-000217,Facility Management,Building Management System Annual,"{""floors"": 5, ""monitoring"": true, ""reporting"": true}",Bangalore,2026-04-23,Dealer Price List,12,126533.38,1518400.56,C,0.955,3.5,180000,0.3,0.95
SRV-000218,Facility Management,Pest Control Quarterly,"{""area"": ""5000sqft"", ""type"": ""commercial"", ""guarantee"": ""3 months""}",Chennai,2025-10-19,Central Public Procurement Portal,6,11559.32,69355.92,B,0.983,4.0,8000,0.2,1.1
SRV-000219,Facility Management,Housekeeping Services Monthly,"{""area"": ""5000sqft"", ""staff"": 4, ""frequency"": ""daily""}",Jaipur,2026-06-29,GeM Portal,1,36163.53,36163.53,A,0.913,3.7,35000,0.2,0.95
SRV-000220,Facility Management,Plumbing Services Monthly,"{""scope"": ""complete building"", ""response"": ""24hrs""}",Lucknow,2025-10-10,Industry Report,3,16778.04,50334.12,B,0.913,3.1,15000,0.25,1.1
SRV-000221,Facility Management,Garden Maintenance Monthly,"{""area"": ""2000sqft"", ""frequency"": ""weekly"", ""irrigation"": true}",Patna,2026-04-02,Previous Purchase Order,3,10034.48,30103.44,B,0.88,4.7,12000,0.25,0.95
SRV-000222,Professional Services,ERP Implementation,"{""modules"": ""complete"", ""users"": 100, ""customization"": ""moderate""}",Chennai,2024-11-12,Online Marketplace,1,1165784.78,1165784.78,A,0.984,4.3,800000,0.35,1.1
SRV-000223,Professional Services,Web Development Project,"{""pages"": 20, ""responsive"": true, ""CMS"": true}",Lucknow,2026-03-08,Tender Document,6,267565.4,1605392.4,B,0.894,3.4,200000,0.35,1.0
SRV-000224,IT Services,Data Backup Service Monthly,"{""data"": ""5TB"", ""frequency"": ""daily"", ""retention"": ""90 days""}",Jaipur,2025-11-21,Central Public Procurement Portal,12,23792.77,285513.24,C,0.916,4.8,25000,0.2,1.1
SRV-000225,Professional Services,ERP Implementation,"{""modules"": ""complete"", ""users"": 100, ""customization"": ""moderate""}",Ahmedabad,2026-03-17,GeM Portal,12,916923.31,11003079.72,A,0.891,4.5,800000,0.35,1.0
SRV-000226,IT Services,Cloud Migration Service,"{""scope"": ""complete"", ""data"": ""10TB"", ""downtime"": ""minimal""}",Kolkata,2025-04-02,Central Public Procurement Portal,12,559695.56,6716346.72,A,0.931,4.8,500000,0.4,0.95
SRV-000227,IT Services,Server Maintenance Annual,"{""servers"": 5, ""support"": ""24x7"", ""response"": ""4hrs""}",Bangalore,2026-02-26,Industry Report,6,233749.91,1402499.46,B,0.903,3.2,180000,0.25,1.0
SRV-000228,IT Services,Data Backup Service Monthly,"{""data"": ""5TB"", ""frequency"": ""daily"", ""retention"": ""90 days""}",Chandigarh,2026-02-07,Central Public Procurement Portal,1,24696.49,24696.49,B,0.955,3.7,25000,0.2,1.0
SRV-000229,Facility Management,Garden Maintenance Monthly,"{""area"": ""2000sqft"", ""frequency"": ""weekly"", ""irrigation"": true}",Bangalore,2025-02-05,State e-Procurement,6,13093.44,78560.64,A,0.965,4.3,12000,0.25,1.0
SRV-000230,Facility Management,Housekeeping Services Monthly,"{""area"": ""5000sqft"", ""staff"": 4, ""frequency"": ""daily""}",Ahmedabad,2025-11-19,Industry Report,1,29615.82,29615.82,C,0.87,3.2,35000,0.2,1.1
SRV-000231,IT Services,Cloud Migration Service,"{""scope"": ""complete"", ""data"": ""10TB"", ""downtime"": ""minimal""}",Chennai,2024-11-28,Dealer Price List,6,701993.99,4211963.94,A,0.968,5.0,500000,0.4,1.1
SRV-000232,Professional Services,ERP Implementation,"{""modules"": ""complete"", ""users"": 100, ""customization"": ""moderate""}",Jaipur,2025-01-29,State e-Procurement,12,797670.48,9572045.76,A,0.914,4.4,800000,0.35,1.0
SRV-000233,IT Services,Cybersecurity Audit,"{""scope"": ""complete"", ""report"": true, ""remediation"": true}",Chennai,2024-12-01,Vendor Quotation,12,441958.79,5303505.48,C,0.858,3.3,300000,0.35,1.1
SRV-000234,Professional Services,Document Digitization Project,"{""pages"": 10000, ""scanning"": true, ""indexing"": true}",Patna,2026-07-23,Central Public Procurement Portal,3,44624.47,133873.41,C,0.946,3.3,50000,0.2,0.9
SRV-000235,Professional Services,Training Program 5-Day,"{""participants"": 20, ""topic"": ""IT"", ""certification"": true}",Chandigarh,2025-05-31,Industry Report,3,156944.17,470832.51,A,0.959,3.4,150000,0.3,0.95
SRV-000236,IT Services,IT Helpdesk Support Monthly,"{""users"": 100, ""response"": ""1hr"", ""resolution"": ""4hrs""}",Guwahati,2025-10-31,Online Marketplace,6,58689.37,352136.22,B,0.857,4.6,45000,0.25,1.1
SRV-000237,Professional Services,Training Program 5-Day,"{""participants"": 20, ""topic"": ""IT"", ""certification"": true}",Guwahati,2025-07-29,Dealer Price List,12,144381.33,1732575.96,B,0.894,4.4,150000,0.3,0.9
SRV-000238,Professional Services,Annual Maintenance Contract IT,"{""scope"": ""complete IT"", ""support"": ""24x7"", ""spare_parts"": true}",Hyderabad,2026-02-26,Online Marketplace,1,534840.97,534840.97,B,0.901,4.4,400000,0.3,1.0
SRV-000239,Professional Services,ERP Implementation,"{""modules"": ""complete"", ""users"": 100, ""customization"": ""moderate""}",Patna,2026-06-20,Industry Report,1,733132.67,733132.67,C,0.924,4.8,800000,0.35,0.95
SRV-000240,Professional Services,Annual Maintenance Contract IT,"{""scope"": ""complete IT"", ""support"": ""24x7"", ""spare_parts"": true}",Patna,2025-12-08,Previous Purchase Order,3,277952.55,833857.65,C,0.889,4.1,400000,0.3,1.1
SRV-000241,Facility Management,Garden Maintenance Monthly,"{""area"": ""2000sqft"", ""frequency"": ""weekly"", ""irrigation"": true}",Patna,2025-01-01,GeM Portal,3,9062.78,27188.34,C,0.977,4.3,12000,0.25,1.0
SRV-000242,Professional Services,Training Program 5-Day,"{""participants"": 20, ""topic"": ""IT"", ""certification"": true}",Mumbai,2026-03-24,GeM Portal,6,150721.47,904328.82,C,0.913,4.1,150000,0.3,1.0
SRV-000243,Professional Services,ERP Implementation,"{""modules"": ""complete"", ""users"": 100, ""customization"": ""moderate""}",Thiruvananthapuram,2025-12-05,Central Public Procurement Portal,3,631064.07,1893192.21,A,0.901,3.3,800000,0.35,1.1
SRV-000244,Facility Management,Plumbing Services Monthly,"{""scope"": ""complete building"", ""response"": ""24hrs""}",Hyderabad,2026-08-07,State e-Procurement,3,17850.18,53550.54,A,0.892,3.9,15000,0.25,0.9
SRV-000245,Professional Services,Annual Maintenance Contract IT,"{""scope"": ""complete IT"", ""support"": ""24x7"", ""spare_parts"": true}",Bhopal,2025-06-25,Tender Document,1,313795.61,313795.61,B,0.98,3.1,400000,0.3,0.95
SRV-000246,Professional Services,Annual Maintenance Contract IT,"{""scope"": ""complete IT"", ""support"": ""24x7"", ""spare_parts"": true}",Mumbai,2026-07-13,Tender Document,3,483321.66,1449964.98,B,0.937,3.6,400000,0.3,0.9
SRV-000247,Professional Services,Annual Maintenance Contract IT,"{""scope"": ""complete IT"", ""support"": ""24x7"", ""spare_parts"": true}",Chennai,2025-09-06,GeM Portal,1,546518.39,546518.39,A,0.932,5.0,400000,0.3,0.9
SRV-000248,Facility Management,Garden Maintenance Monthly,"{""area"": ""2000sqft"", ""frequency"": ""weekly"", ""irrigation"": true}",Chennai,2024-10-01,GeM Portal,3,15609.45,46828.35,C,0.989,4.4,12000,0.25,1.1
SRV-000249,IT Services,Server Maintenance Annual,"{""servers"": 5, ""support"": ""24x7"", ""response"": ""4hrs""}",Jaipur,2025-10-26,Tender Document,1,186077.48,186077.48,A,0.907,3.7,180000,0.25,1.1
SRV-000250,Professional Services,Training Program 5-Day,"{""participants"": 20, ""topic"": ""IT"", ""certification"": true}",Chandigarh,2025-04-30,Dealer Price List,3,129163.17,387489.51,B,0.956,4.2,150000,0.3,0.95
SRV-000251,Professional Services,Document Digitization Project,"{""pages"": 10000, ""scanning"": true, ""indexing"": true}",Guwahati,2024-12-31,Central Public Procurement Portal,1,40354.24,40354.24,C,0.973,3.6,50000,0.2,1.1
SRV-000252,Professional Services,Web Development Project,"{""pages"": 20, ""responsive"": true, ""CMS"": true}",Hyderabad,2025-04-04,GeM Portal,12,322689.81,3872277.72,A,0.982,4.6,200000,0.35,0.95
SRV-000253,IT Services,Cybersecurity Audit,"{""scope"": ""complete"", ""report"": true, ""remediation"": true}",Hyderabad,2025-10-22,Dealer Price List,6,292874.12,1757244.72,B,0.881,3.5,300000,0.35,1.1
SRV-000254,Professional Services,ERP Implementation,"{""modules"": ""complete"", ""users"": 100, ""customization"": ""moderate""}",Delhi,2024-12-21,Online Marketplace,6,1043180.92,6259085.52,A,0.856,4.9,800000,0.35,1.1
SRV-000255,IT Services,Cybersecurity Audit,"{""scope"": ""complete"", ""report"": true, ""remediation"": true}",Ahmedabad,2025-04-23,Online Marketplace,6,405377.83,2432266.98,A,0.903,4.0,300000,0.35,0.95
SRV-000256,IT Services,Network Maintenance Annual,"{""scope"": ""complete network"", ""support"": ""24x7"", ""response"": ""4hrs""}",Thiruvananthapuram,2025-08-02,Industry Report,12,220426.12,2645113.44,B,0.974,4.4,250000,0.3,0.9
SRV-000257,Facility Management,Electrical Maintenance Annual,"{""scope"": ""complete"", ""testing"": true, ""certification"": true}",Hyderabad,2024-11-17,Dealer Price List,12,54315.23,651782.76,A,0.91,4.9,45000,0.2,1.1
SRV-000258,IT Services,Data Backup Service Monthly,"{""data"": ""5TB"", ""frequency"": ""daily"", ""retention"": ""90 days""}",Pune,2026-03-03,Vendor Quotation,12,20732.06,248784.72,C,0.973,4.8,25000,0.2,1.0
SRV-000259,IT Services,Server Maintenance Annual,"{""servers"": 5, ""support"": ""24x7"", ""response"": ""4hrs""}",Kolkata,2025-04-05,Vendor Quotation,3,245613.12,736839.36,A,0.942,4.1,180000,0.25,0.95
SRV-000260,Professional Services,Annual Maintenance Contract IT,"{""scope"": ""complete IT"", ""support"": ""24x7"", ""spare_parts"": true}",Chandigarh,2025-01-11,Central Public Procurement Portal,1,267000.73,267000.73,C,0.933,3.0,400000,0.3,1.0
SRV-000261,Facility Management,Garden Maintenance Monthly,"{""area"": ""2000sqft"", ""frequency"": ""weekly"", ""irrigation"": true}",Pune,2024-09-18,Industry Report,6,12393.09,74358.54,A,0.893,4.9,12000,0.25,0.9
SRV-000262,IT Services,Data Backup Service Monthly,"{""data"": ""5TB"", ""frequency"": ""daily"", ""retention"": ""90 days""}",Chennai,2026-02-04,Previous Purchase Order,12,26767.64,321211.68,A,0.938,4.5,25000,0.2,1.0
SRV-000263,Facility Management,Electrical Maintenance Annual,"{""scope"": ""complete"", ""testing"": true, ""certification"": true}",Chandigarh,2026-03-18,Vendor Quotation,12,40522.48,486269.76,C,0.973,3.1,45000,0.2,1.0
SRV-000264,Facility Management,Building Management System Annual,"{""floors"": 5, ""monitoring"": true, ""reporting"": true}",Bhopal,2026-05-23,Tender Document,12,192885.47,2314625.64,C,0.877,4.8,180000,0.3,0.95
SRV-000265,IT Services,Software AMC,"{""licenses"": 50, ""type"": ""enterprise"", ""support"": ""business hours""}",Thiruvananthapuram,2024-12-29,Central Public Procurement Portal,12,170704.0,2048448.0,A,0.967,4.3,150000,0.3,1.1
SRV-000266,IT Services,Server Maintenance Annual,"{""servers"": 5, ""support"": ""24x7"", ""response"": ""4hrs""}",Chandigarh,2026-02-09,Previous Purchase Order,12,165918.22,1991018.64,A,0.979,3.5,180000,0.25,1.0
SRV-000267,Professional Services,Mobile App Development,"{""platform"": ""both"", ""features"": ""moderate"", ""maintenance"": ""6 months""}",Ahmedabad,2024-10-10,Previous Purchase Order,12,384931.05,4619172.6,A,0.964,3.2,400000,0.4,1.1
SRV-000268,IT Services,Cybersecurity Audit,"{""scope"": ""complete"", ""report"": true, ""remediation"": true}",Delhi,2026-01-07,Central Public Procurement Portal,6,265790.29,1594741.74,A,0.921,4.7,300000,0.35,1.0
SRV-000269,IT Services,Software AMC,"{""licenses"": 50, ""type"": ""enterprise"", ""support"": ""business hours""}",Mumbai,2025-08-31,Vendor Quotation,12,105838.41,1270060.92,C,0.95,4.7,150000,0.3,0.9
SRV-000270,Professional Services,Web Development Project,"{""pages"": 20, ""responsive"": true, ""CMS"": true}",Thiruvananthapuram,2025-01-20,Online Marketplace,12,287077.1,3444925.2,A,0.96,4.3,200000,0.35,1.0
SRV-000271,IT Services,Network Maintenance Annual,"{""scope"": ""complete network"", ""support"": ""24x7"", ""response"": ""4hrs""}",Mumbai,2025-05-03,Previous Purchase Order,3,241999.47,725998.41,B,0.949,5.0,250000,0.3,0.95
SRV-000272,IT Services,Cloud Migration Service,"{""scope"": ""complete"", ""data"": ""10TB"", ""downtime"": ""minimal""}",Chennai,2025-05-03,Previous Purchase Order,12,534745.44,6416945.28,C,0.919,4.2,500000,0.4,0.95
SRV-000273,IT Services,Data Backup Service Monthly,"{""data"": ""5TB"", ""frequency"": ""daily"", ""retention"": ""90 days""}",Hyderabad,2026-04-17,Previous Purchase Order,6,28668.54,172011.24,B,0.928,3.4,25000,0.2,0.95
SRV-000274,Facility Management,Building Management System Annual,"{""floors"": 5, ""monitoring"": true, ""reporting"": true}",Patna,2025-10-10,Online Marketplace,3,250533.44,751600.32,B,0.948,3.5,180000,0.3,1.1
SRV-000275,IT Services,Data Backup Service Monthly,"{""data"": ""5TB"", ""frequency"": ""daily"", ""retention"": ""90 days""}",Mumbai,2025-03-12,Online Marketplace,6,23872.85,143237.1,C,0.974,3.8,25000,0.2,1.0
SRV-000276,Professional Services,Mobile App Development,"{""platform"": ""both"", ""features"": ""moderate"", ""maintenance"": ""6 months""}",Pune,2025-12-25,Online Marketplace,1,292704.07,292704.07,B,0.89,4.3,400000,0.4,1.1
SRV-000277,IT Services,Cybersecurity Audit,"{""scope"": ""complete"", ""report"": true, ""remediation"": true}",Guwahati,2024-12-08,Tender Document,3,349448.96,1048346.88,B,0.939,4.4,300000,0.35,1.1
SRV-000278,Professional Services,Mobile App Development,"{""platform"": ""both"", ""features"": ""moderate"", ""maintenance"": ""6 months""}",Delhi,2025-10-17,Central Public Procurement Portal,6,243629.42,1461776.52,C,0.865,3.7,400000,0.4,1.1
SRV-000279,Facility Management,Electrical Maintenance Annual,"{""scope"": ""complete"", ""testing"": true, ""certification"": true}",Bhopal,2025-06-30,Central Public Procurement Portal,12,36848.11,442177.32,B,0.861,4.3,45000,0.2,0.95
SRV-000280,IT Services,Cybersecurity Audit,"{""scope"": ""complete"", ""report"": true, ""remediation"": true}",Jaipur,2024-09-23,GeM Portal,1,329598.59,329598.59,B,0.955,4.6,300000,0.35,0.9
SRV-000281,Professional Services,Document Digitization Project,"{""pages"": 10000, ""scanning"": true, ""indexing"": true}",Lucknow,2024-09-30,GeM Portal,6,52783.96,316703.76,A,0.953,3.5,50000,0.2,0.9
SRV-000282,Facility Management,Garden Maintenance Monthly,"{""area"": ""2000sqft"", ""frequency"": ""weekly"", ""irrigation"": true}",Thiruvananthapuram,2025-01-26,State e-Procurement,3,13462.24,40386.72,C,0.876,3.4,12000,0.25,1.0
SRV-000283,Facility Management,Housekeeping Services Monthly,"{""area"": ""5000sqft"", ""staff"": 4, ""frequency"": ""daily""}",Ahmedabad,2025-11-23,Vendor Quotation,12,31724.46,380693.52,C,0.987,5.0,35000,0.2,1.1
SRV-000284,IT Services,IT Helpdesk Support Monthly,"{""users"": 100, ""response"": ""1hr"", ""resolution"": ""4hrs""}",Jaipur,2026-01-08,Dealer Price List,3,51635.11,154905.33,B,0.938,4.0,45000,0.25,1.0
SRV-000285,IT Services,Software AMC,"{""licenses"": 50, ""type"": ""enterprise"", ""support"": ""business hours""}",Lucknow,2024-09-11,Vendor Quotation,1,190432.32,190432.32,A,0.947,4.9,150000,0.3,0.9
SRV-000286,IT Services,Cloud Migration Service,"{""scope"": ""complete"", ""data"": ""10TB"", ""downtime"": ""minimal""}",Patna,2026-03-16,State e-Procurement,3,383958.29,1151874.87,C,0.897,4.7,500000,0.4,1.0
SRV-000287,Professional Services,Document Digitization Project,"{""pages"": 10000, ""scanning"": true, ""indexing"": true}",Delhi,2025-09-05,Previous Purchase Order,3,42567.13,127701.39,A,0.982,4.0,50000,0.2,0.9
SRV-000288,IT Services,IT Helpdesk Support Monthly,"{""users"": 100, ""response"": ""1hr"", ""resolution"": ""4hrs""}",Patna,2025-12-26,Tender Document,1,60053.74,60053.74,B,0.897,4.4,45000,0.25,1.1
SRV-000289,Professional Services,Web Development Project,"{""pages"": 20, ""responsive"": true, ""CMS"": true}",Pune,2025-04-04,Previous Purchase Order,6,208875.02,1253250.12,B,0.921,4.9,200000,0.35,0.95
SRV-000290,Professional Services,Mobile App Development,"{""platform"": ""both"", ""features"": ""moderate"", ""maintenance"": ""6 months""}",Bhopal,2026-01-28,Dealer Price List,12,415326.35,4983916.2,C,0.885,4.8,400000,0.4,1.0
SRV-000291,Professional Services,Annual Maintenance Contract IT,"{""scope"": ""complete IT"", ""support"": ""24x7"", ""spare_parts"": true}",Mumbai,2025-12-22,Vendor Quotation,12,377311.52,4527738.24,C,0.864,4.8,400000,0.3,1.1
SRV-000292,Professional Services,Mobile App Development,"{""platform"": ""both"", ""features"": ""moderate"", ""maintenance"": ""6 months""}",Patna,2024-11-06,State e-Procurement,1,364711.43,364711.43,B,0.886,4.8,400000,0.4,1.1
SRV-000293,Professional Services,Web Development Project,"{""pages"": 20, ""responsive"": true, ""CMS"": true}",Hyderabad,2026-01-18,Industry Report,3,232503.73,697511.19,C,0.958,4.8,200000,0.35,1.0
SRV-000294,Facility Management,Plumbing Services Monthly,"{""scope"": ""complete building"", ""response"": ""24hrs""}",Jaipur,2025-12-06,Tender Document,3,14324.99,42974.97,A,0.966,4.1,15000,0.25,1.1
SRV-000295,IT Services,Server Maintenance Annual,"{""servers"": 5, ""support"": ""24x7"", ""response"": ""4hrs""}",Pune,2026-06-15,Dealer Price List,1,203880.49,203880.49,B,0.948,3.1,180000,0.25,0.95
SRV-000296,Professional Services,Mobile App Development,"{""platform"": ""both"", ""features"": ""moderate"", ""maintenance"": ""6 months""}",Chennai,2025-10-04,Tender Document,12,616959.05,7403508.6,A,0.914,3.3,400000,0.4,1.1
SRV-000297,Professional Services,Training Program 5-Day,"{""participants"": 20, ""topic"": ""IT"", ""certification"": true}",Pune,2026-03-13,GeM Portal,12,174326.5,2091918.0,C,0.914,3.9,150000,0.3,1.0
SRV-000298,Facility Management,Electrical Maintenance Annual,"{""scope"": ""complete"", ""testing"": true, ""certification"": true}",Delhi,2026-03-08,Dealer Price List,6,49905.04,299430.24,B,0.917,4.6,45000,0.2,1.0
SRV-000299,Professional Services,Consulting Service Man-Day,"{""domain"": ""IT"", ""level"": ""senior"", ""travel"": true}",Mumbai,2025-09-06,GeM Portal,1,17033.6,17033.6,C,0.927,4.9,25000,0.25,0.9
SRV-000300,IT Services,Cybersecurity Audit,"{""scope"": ""complete"", ""report"": true, ""remediation"": true}",Mumbai,2025-04-13,Online Marketplace,1,189931.31,189931.31,C,0.872,4.3,300000,0.35,0.95
SRV-000301,IT Services,Cybersecurity Audit,"{""scope"": ""complete"", ""report"": true, ""remediation"": true}",Jaipur,2025-05-21,Vendor Quotation,3,238364.18,715092.54,C,0.966,3.1,300000,0.35,0.95
SRV-000302,Professional Services,Document Digitization Project,"{""pages"": 10000, ""scanning"": true, ""indexing"": true}",Jaipur,2024-11-07,Industry Report,3,43489.0,130467.0,C,0.892,4.3,50000,0.2,1.1
SRV-000303,IT Services,IT Helpdesk Support Monthly,"{""users"": 100, ""response"": ""1hr"", ""resolution"": ""4hrs""}",Jaipur,2026-02-11,State e-Procurement,1,49166.39,49166.39,B,0.867,4.9,45000,0.25,1.0
SRV-000304,Facility Management,Garden Maintenance Monthly,"{""area"": ""2000sqft"", ""frequency"": ""weekly"", ""irrigation"": true}",Lucknow,2025-12-06,Industry Report,6,10935.8,65614.8,C,0.95,4.0,12000,0.25,1.1
SRV-000305,IT Services,IT Helpdesk Support Monthly,"{""users"": 100, ""response"": ""1hr"", ""resolution"": ""4hrs""}",Thiruvananthapuram,2024-12-22,Online Marketplace,3,38374.44,115123.32,C,0.968,4.6,45000,0.25,1.1
SRV-000306,IT Services,IT Helpdesk Support Monthly,"{""users"": 100, ""response"": ""1hr"", ""resolution"": ""4hrs""}",Bangalore,2025-05-26,GeM Portal,6,49434.55,296607.3,A,0.886,4.4,45000,0.25,0.95
SRV-000307,Professional Services,Training Program 5-Day,"{""participants"": 20, ""topic"": ""IT"", ""certification"": true}",Mumbai,2025-09-04,Central Public Procurement Portal,3,135597.1,406791.3,B,0.88,3.0,150000,0.3,0.9
SRV-000308,IT Services,Network Maintenance Annual,"{""scope"": ""complete network"", ""support"": ""24x7"", ""response"": ""4hrs""}",Guwahati,2025-03-26,Online Marketplace,1,193748.59,193748.59,C,0.877,4.0,250000,0.3,1.0
SRV-000309,IT Services,Data Backup Service Monthly,"{""data"": ""5TB"", ""frequency"": ""daily"", ""retention"": ""90 days""}",Lucknow,2025-07-20,Previous Purchase Order,1,19833.33,19833.33,B,0.957,3.5,25000,0.2,0.9
SRV-000310,IT Services,Software AMC,"{""licenses"": 50, ""type"": ""enterprise"", ""support"": ""business hours""}",Bhopal,2026-03-17,Central Public Procurement Portal,1,151764.42,151764.42,C,0.931,5.0,150000,0.3,1.0
SRV-000311,Facility Management,Pest Control Quarterly,"{""area"": ""5000sqft"", ""type"": ""commercial"", ""guarantee"": ""3 months""}",Ahmedabad,2026-03-09,Central Public Procurement Portal,3,10559.65,31678.95,A,0.972,4.5,8000,0.2,1.0
SRV-000312,Facility Management,Security Guard Services Monthly,"{""guards"": 4, ""shift"": ""24x7"", ""armed"": false}",Kolkata,2025-05-18,Tender Document,6,80669.5,484017.0,B,0.984,3.0,80000,0.25,0.95
SRV-000313,Facility Management,Security Guard Services Monthly,"{""guards"": 4, ""shift"": ""24x7"", ""armed"": false}",Chennai,2025-02-07,Dealer Price List,12,78632.52,943590.24,C,0.928,3.9,80000,0.25,1.0
SRV-000314,Professional Services,Web Development Project,"{""pages"": 20, ""responsive"": true, ""CMS"": true}",Ahmedabad,2026-04-07,Vendor Quotation,12,200077.22,2400926.64,B,0.927,4.9,200000,0.35,0.95
SRV-000315,Facility Management,Housekeeping Services Monthly,"{""area"": ""5000sqft"", ""staff"": 4, ""frequency"": ""daily""}",Bhopal,2026-02-07,Online Marketplace,6,32157.54,192945.24,C,0.968,3.6,35000,0.2,1.0
SRV-000316,Professional Services,Web Development Project,"{""pages"": 20, ""responsive"": true, ""CMS"": true}",Bhopal,2025-06-27,Vendor Quotation,1,163590.65,163590.65,C,0.916,3.6,200000,0.35,0.95
SRV-000317,Facility Management,Pest Control Quarterly,"{""area"": ""5000sqft"", ""type"": ""commercial"", ""guarantee"": ""3 months""}",Thiruvananthapuram,2025-10-24,Dealer Price List,12,9214.55,110574.6,A,0.934,4.2,8000,0.2,1.1
SRV-000318,Professional Services,Consulting Service Man-Day,"{""domain"": ""IT"", ""level"": ""senior"", ""travel"": true}",Kolkata,2025-06-19,Vendor Quotation,3,27531.25,82593.75,B,0.894,4.2,25000,0.25,0.95
SRV-000319,Professional Services,Mobile App Development,"{""platform"": ""both"", ""features"": ""moderate"", ""maintenance"": ""6 months""}",Ahmedabad,2025-06-18,Industry Report,6,295228.97,1771373.82,A,0.885,3.1,400000,0.4,0.95
SRV-000320,Facility Management,Security Guard Services Monthly,"{""guards"": 4, ""shift"": ""24x7"", ""armed"": false}",Hyderabad,2025-05-12,Dealer Price List,12,64201.61,770419.32,B,0.853,3.5,80000,0.25,0.95
SRV-000321,Professional Services,ERP Implementation,"{""modules"": ""complete"", ""users"": 100, ""customization"": ""moderate""}",Lucknow,2024-09-13,State e-Procurement,6,718297.26,4309783.56,C,0.859,3.9,800000,0.35,0.9
SRV-000322,Facility Management,Electrical Maintenance Annual,"{""scope"": ""complete"", ""testing"": true, ""certification"": true}",Chennai,2026-06-04,Online Marketplace,3,50621.93,151865.79,C,0.893,4.8,45000,0.2,0.95
SRV-000323,Facility Management,Pest Control Quarterly,"{""area"": ""5000sqft"", ""type"": ""commercial"", ""guarantee"": ""3 months""}",Kolkata,2025-01-16,Tender Document,3,8669.84,26009.52,A,0.989,4.7,8000,0.2,1.0
SRV-000324,Professional Services,Training Program 5-Day,"{""participants"": 20, ""topic"": ""IT"", ""certification"": true}",Delhi,2026-04-07,Previous Purchase Order,6,139587.25,837523.5,B,0.943,4.3,150000,0.3,0.95
SRV-000325,Facility Management,Housekeeping Services Monthly,"{""area"": ""5000sqft"", ""staff"": 4, ""frequency"": ""daily""}",Bangalore,2025-07-15,Industry Report,1,29586.14,29586.14,B,0.916,4.8,35000,0.2,0.9
SRV-000326,IT Services,Network Maintenance Annual,"{""scope"": ""complete network"", ""support"": ""24x7"", ""response"": ""4hrs""}",Ahmedabad,2026-02-22,Tender Document,6,158849.16,953094.96,C,0.96,3.1,250000,0.3,1.0
SRV-000327,Professional Services,Consulting Service Man-Day,"{""domain"": ""IT"", ""level"": ""senior"", ""travel"": true}",Jaipur,2025-07-07,Central Public Procurement Portal,1,24480.5,24480.5,A,0.939,4.4,25000,0.25,0.9
SRV-000328,IT Services,Cloud Migration Service,"{""scope"": ""complete"", ""data"": ""10TB"", ""downtime"": ""minimal""}",Bhopal,2026-01-17,Online Marketplace,6,355730.88,2134385.28,A,0.909,4.2,500000,0.4,1.0
SRV-000329,IT Services,Server Maintenance Annual,"{""servers"": 5, ""support"": ""24x7"", ""response"": ""4hrs""}",Guwahati,2026-07-18,Tender Document,3,126849.69,380549.07,B,0.869,4.3,180000,0.25,0.9
SRV-000330,Facility Management,Pest Control Quarterly,"{""area"": ""5000sqft"", ""type"": ""commercial"", ""guarantee"": ""3 months""}",Mumbai,2025-05-28,State e-Procurement,1,7355.81,7355.81,C,0.925,4.8,8000,0.2,0.95
SRV-000331,Professional Services,Document Digitization Project,"{""pages"": 10000, ""scanning"": true, ""indexing"": true}",Pune,2025-09-26,Industry Report,1,44468.73,44468.73,A,0.86,3.0,50000,0.2,0.9
SRV-000332,Professional Services,Training Program 5-Day,"{""participants"": 20, ""topic"": ""IT"", ""certification"": true}",Thiruvananthapuram,2024-11-27,Central Public Procurement Portal,12,117373.31,1408479.72,C,0.909,4.6,150000,0.3,1.1
SRV-000333,IT Services,IT Helpdesk Support Monthly,"{""users"": 100, ""response"": ""1hr"", ""resolution"": ""4hrs""}",Ahmedabad,2026-01-19,Tender Document,3,36081.16,108243.48,C,0.938,3.8,45000,0.25,1.0
SRV-000334,Professional Services,Web Development Project,"{""pages"": 20, ""responsive"": true, ""CMS"": true}",Chennai,2024-11-19,State e-Procurement,1,197250.95,197250.95,B,0.962,4.7,200000,0.35,1.1
SRV-000335,IT Services,Data Backup Service Monthly,"{""data"": ""5TB"", ""frequency"": ""daily"", ""retention"": ""90 days""}",Ahmedabad,2024-12-24,Industry Report,3,31311.71,93935.13,B,0.897,4.6,25000,0.2,1.1
SRV-000336,Facility Management,Housekeeping Services Monthly,"{""area"": ""5000sqft"", ""staff"": 4, ""frequency"": ""daily""}",Mumbai,2025-08-01,Online Marketplace,6,31325.37,187952.22,B,0.983,3.0,35000,0.2,0.9
SRV-000337,Facility Management,Pest Control Quarterly,"{""area"": ""5000sqft"", ""type"": ""commercial"", ""guarantee"": ""3 months""}",Ahmedabad,2025-03-03,Previous Purchase Order,3,7809.16,23427.48,B,0.941,4.4,8000,0.2,1.0
SRV-000338,Professional Services,Mobile App Development,"{""platform"": ""both"", ""features"": ""moderate"", ""maintenance"": ""6 months""}",Jaipur,2026-08-07,Central Public Procurement Portal,12,240041.95,2880503.4,C,0.986,4.2,400000,0.4,0.9
SRV-000339,Professional Services,Document Digitization Project,"{""pages"": 10000, ""scanning"": true, ""indexing"": true}",Thiruvananthapuram,2025-09-03,GeM Portal,1,38958.13,38958.13,B,0.853,4.6,50000,0.2,0.9
SRV-000340,Facility Management,Pest Control Quarterly,"{""area"": ""5000sqft"", ""type"": ""commercial"", ""guarantee"": ""3 months""}",Ahmedabad,2025-03-01,Vendor Quotation,6,5989.55,35937.3,C,0.87,4.1,8000,0.2,1.0
SRV-000341,IT Services,Network Maintenance Annual,"{""scope"": ""complete network"", ""support"": ""24x7"", ""response"": ""4hrs""}",Lucknow,2026-08-12,Online Marketplace,12,262870.57,3154446.84,A,0.946,3.8,250000,0.3,0.9
SRV-000342,Facility Management,Building Management System Annual,"{""floors"": 5, ""monitoring"": true, ""reporting"": true}",Mumbai,2024-09-27,Online Marketplace,6,238076.01,1428456.06,A,0.888,4.4,180000,0.3,0.9
SRV-000343,IT Services,Network Maintenance Annual,"{""scope"": ""complete network"", ""support"": ""24x7"", ""response"": ""4hrs""}",Ahmedabad,2025-06-29,Online Marketplace,3,328412.46,985237.38,A,0.946,4.4,250000,0.3,0.95
SRV-000344,Facility Management,Pest Control Quarterly,"{""area"": ""5000sqft"", ""type"": ""commercial"", ""guarantee"": ""3 months""}",Bhopal,2025-07-29,Industry Report,12,5764.02,69168.24,C,0.925,4.1,8000,0.2,0.9
SRV-000345,Professional Services,Consulting Service Man-Day,"{""domain"": ""IT"", ""level"": ""senior"", ""travel"": true}",Mumbai,2026-05-24,Tender Document,3,30037.21,90111.63,B,0.855,3.1,25000,0.25,0.95
SRV-000346,IT Services,IT Helpdesk Support Monthly,"{""users"": 100, ""response"": ""1hr"", ""resolution"": ""4hrs""}",Bhopal,2024-11-22,Online Marketplace,6,39054.26,234325.56,B,0.954,3.3,45000,0.25,1.1
SRV-000347,Facility Management,Pest Control Quarterly,"{""area"": ""5000sqft"", ""type"": ""commercial"", ""guarantee"": ""3 months""}",Guwahati,2025-11-22,Industry Report,1,9231.03,9231.03,B,0.895,3.9,8000,0.2,1.1
SRV-000348,Facility Management,Electrical Maintenance Annual,"{""scope"": ""complete"", ""testing"": true, ""certification"": true}",Chennai,2026-02-15,Previous Purchase Order,1,45330.23,45330.23,B,0.932,4.9,45000,0.2,1.0
SRV-000349,Facility Management,Security Guard Services Monthly,"{""guards"": 4, ""shift"": ""24x7"", ""armed"": false}",Chennai,2025-02-05,Tender Document,6,96977.41,581864.46,A,0.874,5.0,80000,0.25,1.0
SRV-000350,Professional Services,Document Digitization Project,"{""pages"": 10000, ""scanning"": true, ""indexing"": true}",Lucknow,2024-12-24,Online Marketplace,12,59962.43,719549.16,B,0.857,4.4,50000,0.2,1.1
SRV-000351,Professional Services,Web Development Project,"{""pages"": 20, ""responsive"": true, ""CMS"": true}",Jaipur,2025-03-10,Central Public Procurement Portal,6,187704.23,1126225.38,B,0.893,3.3,200000,0.35,1.0
SRV-000352,Professional Services,Consulting Service Man-Day,"{""domain"": ""IT"", ""level"": ""senior"", ""travel"": true}",Delhi,2026-04-30,Previous Purchase Order,1,27786.36,27786.36,B,0.859,3.6,25000,0.25,0.95
SRV-000353,IT Services,Cloud Migration Service,"{""scope"": ""complete"", ""data"": ""10TB"", ""downtime"": ""minimal""}",Chennai,2025-02-25,Previous Purchase Order,6,450479.92,2702879.52,B,0.921,3.0,500000,0.4,1.0
SRV-000354,Facility Management,Housekeeping Services Monthly,"{""area"": ""5000sqft"", ""staff"": 4, ""frequency"": ""daily""}",Bangalore,2026-04-17,Online Marketplace,3,31491.28,94473.84,C,0.893,3.7,35000,0.2,0.95
SRV-000355,Facility Management,Electrical Maintenance Annual,"{""scope"": ""complete"", ""testing"": true, ""certification"": true}",Delhi,2026-03-10,State e-Procurement,3,40065.27,120195.81,C,0.929,4.6,45000,0.2,1.0
SRV-000356,IT Services,Cybersecurity Audit,"{""scope"": ""complete"", ""report"": true, ""remediation"": true}",Chandigarh,2025-10-21,Previous Purchase Order,1,284310.62,284310.62,A,0.972,4.5,300000,0.35,1.1
SRV-000357,Professional Services,Mobile App Development,"{""platform"": ""both"", ""features"": ""moderate"", ""maintenance"": ""6 months""}",Mumbai,2025-11-10,Vendor Quotation,6,493912.15,2963472.9,C,0.853,4.2,400000,0.4,1.1
SRV-000358,Facility Management,Building Management System Annual,"{""floors"": 5, ""monitoring"": true, ""reporting"": true}",Ahmedabad,2026-07-08,GeM Portal,3,197296.62,591889.86,B,0.932,3.4,180000,0.3,0.9
SRV-000359,Facility Management,Garden Maintenance Monthly,"{""area"": ""2000sqft"", ""frequency"": ""weekly"", ""irrigation"": true}",Pune,2025-04-09,Tender Document,3,11168.86,33506.58,A,0.951,3.3,12000,0.25,0.95
SRV-000360,IT Services,Cloud Migration Service,"{""scope"": ""complete"", ""data"": ""10TB"", ""downtime"": ""minimal""}",Chandigarh,2025-06-15,Vendor Quotation,12,295712.32,3548547.84,B,0.907,4.2,500000,0.4,0.95
SRV-000361,Professional Services,Mobile App Development,"{""platform"": ""both"", ""features"": ""moderate"", ""maintenance"": ""6 months""}",Ahmedabad,2024-10-25,Central Public Procurement Portal,6,461261.56,2767569.36,C,0.963,4.2,400000,0.4,1.1
SRV-000362,IT Services,IT Helpdesk Support Monthly,"{""users"": 100, ""response"": ""1hr"", ""resolution"": ""4hrs""}",Delhi,2026-05-09,Previous Purchase Order,12,37875.83,454509.96,A,0.946,5.0,45000,0.25,0.95
SRV-000363,Facility Management,Garden Maintenance Monthly,"{""area"": ""2000sqft"", ""frequency"": ""weekly"", ""irrigation"": true}",Ahmedabad,2025-04-07,Online Marketplace,6,12340.65,74043.9,C,0.972,3.6,12000,0.25,0.95
SRV-000364,Professional Services,Document Digitization Project,"{""pages"": 10000, ""scanning"": true, ""indexing"": true}",Bhopal,2026-04-09,Vendor Quotation,3,47038.48,141115.44,C,0.969,4.4,50000,0.2,0.95
SRV-000365,Facility Management,Building Management System Annual,"{""floors"": 5, ""monitoring"": true, ""reporting"": true}",Lucknow,2025-04-15,Online Marketplace,12,159948.4,1919380.8,A,0.984,3.9,180000,0.3,0.95
SRV-000366,IT Services,Cybersecurity Audit,"{""scope"": ""complete"", ""report"": true, ""remediation"": true}",Pune,2025-10-01,Dealer Price List,12,259393.24,3112718.88,B,0.941,3.9,300000,0.35,1.1
SRV-000367,Professional Services,Web Development Project,"{""pages"": 20, ""responsive"": true, ""CMS"": true}",Thiruvananthapuram,2026-07-19,State e-Procurement,6,116014.47,696086.82,C,0.954,4.6,200000,0.35,0.9
SRV-000368,Facility Management,Pest Control Quarterly,"{""area"": ""5000sqft"", ""type"": ""commercial"", ""guarantee"": ""3 months""}",Chandigarh,2026-03-04,GeM Portal,6,7849.2,47095.2,C,0.878,4.4,8000,0.2,1.0
SRV-000369,Facility Management,Security Guard Services Monthly,"{""guards"": 4, ""shift"": ""24x7"", ""armed"": false}",Jaipur,2026-03-30,Tender Document,12,60428.91,725146.92,B,0.893,3.8,80000,0.25,1.0
SRV-000370,Facility Management,Electrical Maintenance Annual,"{""scope"": ""complete"", ""testing"": true, ""certification"": true}",Kolkata,2025-12-20,Central Public Procurement Portal,12,55022.74,660272.88,C,0.852,3.7,45000,0.2,1.1
SRV-000371,Facility Management,Garden Maintenance Monthly,"{""area"": ""2000sqft"", ""frequency"": ""weekly"", ""irrigation"": true}",Kolkata,2025-03-03,Tender Document,12,13731.41,164776.92,B,0.982,3.4,12000,0.25,1.0
SRV-000372,Professional Services,Annual Maintenance Contract IT,"{""scope"": ""complete IT"", ""support"": ""24x7"", ""spare_parts"": true}",Delhi,2025-04-15,Tender Document,12,277392.07,3328704.84,C,0.873,4.6,400000,0.3,0.95
SRV-000373,IT Services,Cybersecurity Audit,"{""scope"": ""complete"", ""report"": true, ""remediation"": true}",Patna,2025-10-18,Central Public Procurement Portal,3,237480.2,712440.6,A,0.868,4.1,300000,0.35,1.1
SRV-000374,Facility Management,Electrical Maintenance Annual,"{""scope"": ""complete"", ""testing"": true, ""certification"": true}",Delhi,2024-12-02,Previous Purchase Order,6,48951.9,293711.4,A,0.863,3.7,45000,0.2,1.1
SRV-000375,Facility Management,Pest Control Quarterly,"{""area"": ""5000sqft"", ""type"": ""commercial"", ""guarantee"": ""3 months""}",Ahmedabad,2026-02-09,Previous Purchase Order,1,7277.46,7277.46,B,0.922,5.0,8000,0.2,1.0
SRV-000376,Facility Management,Security Guard Services Monthly,"{""guards"": 4, ""shift"": ""24x7"", ""armed"": false}",Hyderabad,2025-11-12,Previous Purchase Order,3,77706.73,233120.19,B,0.98,4.8,80000,0.25,1.1
SRV-000377,Facility Management,Electrical Maintenance Annual,"{""scope"": ""complete"", ""testing"": true, ""certification"": true}",Pune,2026-06-17,Central Public Procurement Portal,6,41265.71,247594.26,C,0.862,4.4,45000,0.2,0.95
SRV-000378,Facility Management,Garden Maintenance Monthly,"{""area"": ""2000sqft"", ""frequency"": ""weekly"", ""irrigation"": true}",Guwahati,2025-02-02,State e-Procurement,6,14837.15,89022.9,B,0.925,4.0,12000,0.25,1.0
SRV-000379,IT Services,Cloud Migration Service,"{""scope"": ""complete"", ""data"": ""10TB"", ""downtime"": ""minimal""}",Hyderabad,2024-11-28,Central Public Procurement Portal,1,505097.9,505097.9,A,0.933,4.3,500000,0.4,1.1
SRV-000380,Facility Management,Garden Maintenance Monthly,"{""area"": ""2000sqft"", ""frequency"": ""weekly"", ""irrigation"": true}",Thiruvananthapuram,2025-12-17,GeM Portal,3,10072.15,30216.45,B,0.927,4.2,12000,0.25,1.1
SRV-000381,Professional Services,Web Development Project,"{""pages"": 20, ""responsive"": true, ""CMS"": true}",Chennai,2025-06-21,Industry Report,1,145624.07,145624.07,C,0.889,4.4,200000,0.35,0.95
SRV-000382,Professional Services,Web Development Project,"{""pages"": 20, ""responsive"": true, ""CMS"": true}",Jaipur,2025-02-17,Industry Report,12,214877.25,2578527.0,B,0.968,3.6,200000,0.35,1.0
SRV-000383,Facility Management,Housekeeping Services Monthly,"{""area"": ""5000sqft"", ""staff"": 4, ""frequency"": ""daily""}",Patna,2025-08-17,Dealer Price List,1,40361.26,40361.26,A,0.954,3.8,35000,0.2,0.9
SRV-000384,IT Services,Cybersecurity Audit,"{""scope"": ""complete"", ""report"": true, ""remediation"": true}",Chandigarh,2024-12-11,Vendor Quotation,3,212854.98,638564.94,C,0.886,4.9,300000,0.35,1.1
SRV-000385,Facility Management,Garden Maintenance Monthly,"{""area"": ""2000sqft"", ""frequency"": ""weekly"", ""irrigation"": true}",Ahmedabad,2024-09-09,Dealer Price List,12,9775.96,117311.52,B,0.896,3.4,12000,0.25,0.9
SRV-000386,IT Services,Network Maintenance Annual,"{""scope"": ""complete network"", ""support"": ""24x7"", ""response"": ""4hrs""}",Thiruvananthapuram,2025-04-12,Dealer Price List,12,309348.83,3712185.96,A,0.889,3.7,250000,0.3,0.95
SRV-000387,IT Services,Cloud Migration Service,"{""scope"": ""complete"", ""data"": ""10TB"", ""downtime"": ""minimal""}",Pune,2025-02-24,Dealer Price List,1,509226.63,509226.63,B,0.908,4.0,500000,0.4,1.0
SRV-000388,Facility Management,Security Guard Services Monthly,"{""guards"": 4, ""shift"": ""24x7"", ""armed"": false}",Thiruvananthapuram,2025-01-20,Vendor Quotation,3,92580.52,277741.56,B,0.965,4.6,80000,0.25,1.0
SRV-000389,Professional Services,Web Development Project,"{""pages"": 20, ""responsive"": true, ""CMS"": true}",Chennai,2026-01-28,GeM Portal,12,179182.65,2150191.8,A,0.867,3.2,200000,0.35,1.0
SRV-000390,IT Services,Software AMC,"{""licenses"": 50, ""type"": ""enterprise"", ""support"": ""business hours""}",Chandigarh,2025-06-13,Tender Document,1,180792.27,180792.27,B,0.965,4.1,150000,0.3,0.95
SRV-000391,Professional Services,ERP Implementation,"{""modules"": ""complete"", ""users"": 100, ""customization"": ""moderate""}",Pune,2025-08-08,Online Marketplace,12,1044365.99,12532391.88,B,0.935,4.2,800000,0.35,0.9
SRV-000392,Facility Management,Housekeeping Services Monthly,"{""area"": ""5000sqft"", ""staff"": 4, ""frequency"": ""daily""}",Thiruvananthapuram,2025-12-31,Industry Report,6,42418.18,254509.08,B,0.882,3.3,35000,0.2,1.1
SRV-000393,Facility Management,Building Management System Annual,"{""floors"": 5, ""monitoring"": true, ""reporting"": true}",Chennai,2025-01-19,Previous Purchase Order,6,203050.51,1218303.06,C,0.869,3.6,180000,0.3,1.0
SRV-000394,Facility Management,Housekeeping Services Monthly,"{""area"": ""5000sqft"", ""staff"": 4, ""frequency"": ""daily""}",Bangalore,2024-10-19,Central Public Procurement Portal,12,41645.16,499741.92,B,0.948,4.1,35000,0.2,1.1
SRV-000395,IT Services,Network Maintenance Annual,"{""scope"": ""complete network"", ""support"": ""24x7"", ""response"": ""4hrs""}",Patna,2024-10-20,Tender Document,1,387600.47,387600.47,A,0.976,4.0,250000,0.3,1.1
SRV-000396,Professional Services,Mobile App Development,"{""platform"": ""both"", ""features"": ""moderate"", ""maintenance"": ""6 months""}",Guwahati,2024-11-26,Tender Document,6,641079.15,3846474.9,A,0.907,3.5,400000,0.4,1.1
SRV-000397,Professional Services,Mobile App Development,"{""platform"": ""both"", ""features"": ""moderate"", ""maintenance"": ""6 months""}",Jaipur,2026-07-25,GeM Portal,3,254710.18,764130.54,C,0.943,4.0,400000,0.4,0.9
SRV-000398,IT Services,Software AMC,"{""licenses"": 50, ""type"": ""enterprise"", ""support"": ""business hours""}",Chennai,2025-09-23,Online Marketplace,6,181955.53,1091733.18,A,0.853,3.1,150000,0.3,0.9
SRV-000399,Professional Services,ERP Implementation,"{""modules"": ""complete"", ""users"": 100, ""customization"": ""moderate""}",Pune,2025-06-08,Tender Document,12,747994.12,8975929.44,C,0.939,4.1,800000,0.35,0.95
SRV-000400,Professional Services,Web Development Project,"{""pages"": 20, ""responsive"": true, ""CMS"": true}",Delhi,2024-12-11,Central Public Procurement Portal,3,256527.8,769583.4,A,0.892,4.3,200000,0.35,1.1
SRV-000401,IT Services,Network Maintenance Annual,"{""scope"": ""complete network"", ""support"": ""24x7"", ""response"": ""4hrs""}",Thiruvananthapuram,2026-04-04,Industry Report,1,284452.7,284452.7,B,0.99,4.7,250000,0.3,0.95
SRV-000402,Facility Management,Housekeeping Services Monthly,"{""area"": ""5000sqft"", ""staff"": 4, ""frequency"": ""daily""}",Patna,2024-11-04,Industry Report,6,39385.48,236312.88,B,0.877,4.4,35000,0.2,1.1
SRV-000403,Professional Services,Document Digitization Project,"{""pages"": 10000, ""scanning"": true, ""indexing"": true}",Kolkata,2025-05-02,State e-Procurement,12,59788.74,717464.88,B,0.886,3.3,50000,0.2,0.95
SRV-000404,IT Services,Data Backup Service Monthly,"{""data"": ""5TB"", ""frequency"": ""daily"", ""retention"": ""90 days""}",Thiruvananthapuram,2025-04-14,State e-Procurement,3,25998.86,77996.58,B,0.907,3.1,25000,0.2,0.95
SRV-000405,IT Services,Server Maintenance Annual,"{""servers"": 5, ""support"": ""24x7"", ""response"": ""4hrs""}",Chennai,2025-05-29,Industry Report,6,202081.61,1212489.66,C,0.896,3.7,180000,0.25,0.95
SRV-000406,IT Services,Network Maintenance Annual,"{""scope"": ""complete network"", ""support"": ""24x7"", ""response"": ""4hrs""}",Mumbai,2025-11-17,Tender Document,6,263360.38,1580162.28,B,0.897,4.1,250000,0.3,1.1
SRV-000407,Facility Management,Garden Maintenance Monthly,"{""area"": ""2000sqft"", ""frequency"": ""weekly"", ""irrigation"": true}",Pune,2025-06-20,Central Public Procurement Portal,3,13032.93,39098.79,C,0.891,4.1,12000,0.25,0.95
SRV-000408,Professional Services,Annual Maintenance Contract IT,"{""scope"": ""complete IT"", ""support"": ""24x7"", ""spare_parts"": true}",Guwahati,2026-06-25,Industry Report,12,411793.89,4941526.68,C,0.86,3.2,400000,0.3,0.95
SRV-000409,Facility Management,Housekeeping Services Monthly,"{""area"": ""5000sqft"", ""staff"": 4, ""frequency"": ""daily""}",Delhi,2026-05-31,Vendor Quotation,6,30597.36,183584.16,C,0.939,3.4,35000,0.2,0.95
SRV-000410,IT Services,Data Backup Service Monthly,"{""data"": ""5TB"", ""frequency"": ""daily"", ""retention"": ""90 days""}",Chandigarh,2025-12-10,Dealer Price List,3,27177.68,81533.04,C,0.94,4.8,25000,0.2,1.1
SRV-000411,Professional Services,Training Program 5-Day,"{""participants"": 20, ""topic"": ""IT"", ""certification"": true}",Hyderabad,2026-01-13,State e-Procurement,12,135248.13,1622977.56,B,0.862,4.1,150000,0.3,1.0
SRV-000412,Facility Management,Plumbing Services Monthly,"{""scope"": ""complete building"", ""response"": ""24hrs""}",Patna,2025-11-03,Industry Report,1,16928.13,16928.13,B,0.904,4.7,15000,0.25,1.1
SRV-000413,IT Services,IT Helpdesk Support Monthly,"{""users"": 100, ""response"": ""1hr"", ""resolution"": ""4hrs""}",Chandigarh,2026-01-05,GeM Portal,6,30463.51,182781.06,C,0.923,3.4,45000,0.25,1.0
SRV-000414,Professional Services,Training Program 5-Day,"{""participants"": 20, ""topic"": ""IT"", ""certification"": true}",Ahmedabad,2025-05-29,State e-Procurement,6,163319.13,979914.78,B,0.856,4.7,150000,0.3,0.95
SRV-000415,Professional Services,Web Development Project,"{""pages"": 20, ""responsive"": true, ""CMS"": true}",Mumbai,2024-11-24,Tender Document,1,339161.88,339161.88,A,0.871,4.3,200000,0.35,1.1
SRV-000416,Facility Management,Plumbing Services Monthly,"{""scope"": ""complete building"", ""response"": ""24hrs""}",Chennai,2026-01-13,Industry Report,6,12888.74,77332.44,B,0.951,4.1,15000,0.25,1.0
SRV-000417,IT Services,Software AMC,"{""licenses"": 50, ""type"": ""enterprise"", ""support"": ""business hours""}",Chandigarh,2026-04-12,Online Marketplace,12,145994.01,1751928.12,C,0.863,4.1,150000,0.3,0.95
SRV-000418,Professional Services,Document Digitization Project,"{""pages"": 10000, ""scanning"": true, ""indexing"": true}",Delhi,2024-09-07,Dealer Price List,1,37118.68,37118.68,C,0.986,4.7,50000,0.2,0.9
SRV-000419,IT Services,IT Helpdesk Support Monthly,"{""users"": 100, ""response"": ""1hr"", ""resolution"": ""4hrs""}",Jaipur,2024-08-20,Previous Purchase Order,6,45223.83,271342.98,B,0.981,3.7,45000,0.25,0.9
SRV-000420,IT Services,Server Maintenance Annual,"{""servers"": 5, ""support"": ""24x7"", ""response"": ""4hrs""}",Bhopal,2026-07-05,Previous Purchase Order,6,194471.27,1166827.62,B,0.896,4.5,180000,0.25,0.9
SRV-000421,Professional Services,Web Development Project,"{""pages"": 20, ""responsive"": true, ""CMS"": true}",Jaipur,2026-07-31,Industry Report,3,209788.53,629365.59,B,0.853,3.7,200000,0.35,0.9
SRV-000422,Professional Services,ERP Implementation,"{""modules"": ""complete"", ""users"": 100, ""customization"": ""moderate""}",Delhi,2024-09-30,Industry Report,6,477794.07,2866764.42,B,0.99,3.2,800000,0.35,0.9
SRV-000423,Facility Management,Plumbing Services Monthly,"{""scope"": ""complete building"", ""response"": ""24hrs""}",Hyderabad,2026-04-06,Central Public Procurement Portal,12,18076.78,216921.36,A,0.878,4.0,15000,0.25,0.95
SRV-000424,Professional Services,Web Development Project,"{""pages"": 20, ""responsive"": true, ""CMS"": true}",Chandigarh,2026-04-29,Online Marketplace,6,224716.83,1348300.98,A,0.872,4.6,200000,0.35,0.95
SRV-000425,Professional Services,Training Program 5-Day,"{""participants"": 20, ""topic"": ""IT"", ""certification"": true}",Chennai,2026-03-12,Dealer Price List,3,141321.54,423964.62,B,0.928,3.8,150000,0.3,1.0
SRV-000426,IT Services,Server Maintenance Annual,"{""servers"": 5, ""support"": ""24x7"", ""response"": ""4hrs""}",Mumbai,2025-02-17,Industry Report,12,247887.05,2974644.6,B,0.918,3.7,180000,0.25,1.0
SRV-000427,Facility Management,Security Guard Services Monthly,"{""guards"": 4, ""shift"": ""24x7"", ""armed"": false}",Thiruvananthapuram,2025-11-14,Previous Purchase Order,1,88355.07,88355.07,A,0.887,4.1,80000,0.25,1.1
SRV-000428,Professional Services,ERP Implementation,"{""modules"": ""complete"", ""users"": 100, ""customization"": ""moderate""}",Kolkata,2026-06-17,GeM Portal,3,897318.48,2691955.44,C,0.877,4.0,800000,0.35,0.95
SRV-000429,Professional Services,Annual Maintenance Contract IT,"{""scope"": ""complete IT"", ""support"": ""24x7"", ""spare_parts"": true}",Chennai,2025-01-07,Central Public Procurement Portal,1,332194.38,332194.38,B,0.923,4.0,400000,0.3,1.0
SRV-000430,Facility Management,Electrical Maintenance Annual,"{""scope"": ""complete"", ""testing"": true, ""certification"": true}",Ahmedabad,2026-08-03,Vendor Quotation,3,37267.22,111801.66,B,0.977,3.2,45000,0.2,0.9
SRV-000431,Professional Services,Web Development Project,"{""pages"": 20, ""responsive"": true, ""CMS"": true}",Guwahati,2025-12-16,GeM Portal,3,276952.9,830858.7,B,0.903,4.8,200000,0.35,1.1
SRV-000432,IT Services,Data Backup Service Monthly,"{""data"": ""5TB"", ""frequency"": ""daily"", ""retention"": ""90 days""}",Lucknow,2025-07-17,State e-Procurement,1,27014.74,27014.74,A,0.865,4.7,25000,0.2,0.9
SRV-000433,Facility Management,Plumbing Services Monthly,"{""scope"": ""complete building"", ""response"": ""24hrs""}",Hyderabad,2024-08-25,Industry Report,12,15513.76,186165.12,B,0.869,4.3,15000,0.25,0.9
SRV-000434,IT Services,Cybersecurity Audit,"{""scope"": ""complete"", ""report"": true, ""remediation"": true}",Kolkata,2025-08-03,Dealer Price List,6,338222.23,2029333.38,B,0.951,4.3,300000,0.35,0.9
SRV-000435,Professional Services,Training Program 5-Day,"{""participants"": 20, ""topic"": ""IT"", ""certification"": true}",Jaipur,2025-12-27,Vendor Quotation,3,172221.89,516665.67,C,0.931,3.5,150000,0.3,1.1
SRV-000436,Professional Services,Consulting Service Man-Day,"{""domain"": ""IT"", ""level"": ""senior"", ""travel"": true}",Thiruvananthapuram,2026-01-18,Previous Purchase Order,1,33170.18,33170.18,A,0.853,3.7,25000,0.25,1.0
SRV-000437,Professional Services,Document Digitization Project,"{""pages"": 10000, ""scanning"": true, ""indexing"": true}",Hyderabad,2025-02-12,Central Public Procurement Portal,6,53673.82,322042.92,C,0.853,3.1,50000,0.2,1.0
SRV-000438,Facility Management,Electrical Maintenance Annual,"{""scope"": ""complete"", ""testing"": true, ""certification"": true}",Ahmedabad,2026-02-08,Tender Document,1,42907.93,42907.93,C,0.985,4.1,45000,0.2,1.0
SRV-000439,Professional Services,Annual Maintenance Contract IT,"{""scope"": ""complete IT"", ""support"": ""24x7"", ""spare_parts"": true}",Lucknow,2025-04-12,Industry Report,3,419694.86,1259084.58,A,0.895,3.5,400000,0.3,0.95
SRV-000440,Professional Services,Training Program 5-Day,"{""participants"": 20, ""topic"": ""IT"", ""certification"": true}",Jaipur,2026-08-06,Vendor Quotation,1,86579.81,86579.81,C,0.888,3.9,150000,0.3,0.9
SRV-000441,Professional Services,Consulting Service Man-Day,"{""domain"": ""IT"", ""level"": ""senior"", ""travel"": true}",Jaipur,2025-08-13,Online Marketplace,6,17191.74,103150.44,C,0.862,4.4,25000,0.25,0.9
SRV-000442,Facility Management,Building Management System Annual,"{""floors"": 5, ""monitoring"": true, ""reporting"": true}",Thiruvananthapuram,2025-05-14,GeM Portal,6,211488.04,1268928.24,B,0.981,4.2,180000,0.3,0.95
SRV-000443,Facility Management,Security Guard Services Monthly,"{""guards"": 4, ""shift"": ""24x7"", ""armed"": false}",Chandigarh,2024-09-22,Industry Report,12,50309.9,603718.8,C,0.954,3.2,80000,0.25,0.9
SRV-000444,Professional Services,Training Program 5-Day,"{""participants"": 20, ""topic"": ""IT"", ""certification"": true}",Delhi,2026-03-11,Vendor Quotation,1,165277.33,165277.33,B,0.959,4.5,150000,0.3,1.0
SRV-000445,Professional Services,Annual Maintenance Contract IT,"{""scope"": ""complete IT"", ""support"": ""24x7"", ""spare_parts"": true}",Chandigarh,2025-05-18,Tender Document,12,483029.51,5796354.12,B,0.953,4.4,400000,0.3,0.95
SRV-000446,Facility Management,Housekeeping Services Monthly,"{""area"": ""5000sqft"", ""staff"": 4, ""frequency"": ""daily""}",Thiruvananthapuram,2026-07-17,Tender Document,3,25648.17,76944.51,C,0.979,3.4,35000,0.2,0.9
SRV-000447,IT Services,Cloud Migration Service,"{""scope"": ""complete"", ""data"": ""10TB"", ""downtime"": ""minimal""}",Hyderabad,2026-07-03,State e-Procurement,12,644178.19,7730138.28,B,0.868,4.7,500000,0.4,0.9
SRV-000448,Professional Services,Web Development Project,"{""pages"": 20, ""responsive"": true, ""CMS"": true}",Patna,2025-10-28,Dealer Price List,1,157722.73,157722.73,A,0.966,3.5,200000,0.35,1.1
SRV-000449,Professional Services,Training Program 5-Day,"{""participants"": 20, ""topic"": ""IT"", ""certification"": true}",Guwahati,2025-02-19,Previous Purchase Order,12,184624.91,2215498.92,B,0.947,4.3,150000,0.3,1.0
SRV-000450,Facility Management,Security Guard Services Monthly,"{""guards"": 4, ""shift"": ""24x7"", ""armed"": false}",Lucknow,2026-07-07,State e-Procurement,6,73866.65,443199.9,A,0.858,4.7,80000,0.25,0.9
SRV-000451,Professional Services,Annual Maintenance Contract IT,"{""scope"": ""complete IT"", ""support"": ""24x7"", ""spare_parts"": true}",Kolkata,2026-08-05,Previous Purchase Order,12,282704.49,3392453.88,C,0.934,4.0,400000,0.3,0.9
SRV-000452,IT Services,Data Backup Service Monthly,"{""data"": ""5TB"", ""frequency"": ""daily"", ""retention"": ""90 days""}",Mumbai,2026-05-28,Dealer Price List,1,20002.81,20002.81,C,0.867,4.7,25000,0.2,0.95
SRV-000453,IT Services,Network Maintenance Annual,"{""scope"": ""complete network"", ""support"": ""24x7"", ""response"": ""4hrs""}",Bangalore,2026-01-30,GeM Portal,12,206280.89,2475370.68,B,0.878,3.2,250000,0.3,1.0
SRV-000454,IT Services,Cybersecurity Audit,"{""scope"": ""complete"", ""report"": true, ""remediation"": true}",Chandigarh,2025-07-10,Central Public Procurement Portal,6,256092.88,1536557.28,C,0.861,4.2,300000,0.35,0.9
SRV-000455,IT Services,Cloud Migration Service,"{""scope"": ""complete"", ""data"": ""10TB"", ""downtime"": ""minimal""}",Mumbai,2025-06-19,Online Marketplace,12,577407.03,6928884.36,C,0.962,3.8,500000,0.4,0.95
SRV-000456,Facility Management,Garden Maintenance Monthly,"{""area"": ""2000sqft"", ""frequency"": ""weekly"", ""irrigation"": true}",Mumbai,2025-04-05,GeM Portal,3,9088.76,27266.28,C,0.979,3.2,12000,0.25,0.95
SRV-000457,Facility Management,Security Guard Services Monthly,"{""guards"": 4, ""shift"": ""24x7"", ""armed"": false}",Ahmedabad,2025-06-14,Industry Report,3,89937.75,269813.25,B,0.926,3.1,80000,0.25,0.95
SRV-000458,Professional Services,Document Digitization Project,"{""pages"": 10000, ""scanning"": true, ""indexing"": true}",Delhi,2025-12-08,Tender Document,3,59640.32,178920.96,A,0.964,4.5,50000,0.2,1.1
SRV-000459,IT Services,Data Backup Service Monthly,"{""data"": ""5TB"", ""frequency"": ""daily"", ""retention"": ""90 days""}",Delhi,2025-07-19,Central Public Procurement Portal,3,24638.95,73916.85,A,0.97,3.2,25000,0.2,0.9
SRV-000460,IT Services,Network Maintenance Annual,"{""scope"": ""complete network"", ""support"": ""24x7"", ""response"": ""4hrs""}",Hyderabad,2025-01-13,State e-Procurement,1,388774.77,388774.77,A,0.949,4.6,250000,0.3,1.0
SRV-000461,Facility Management,Pest Control Quarterly,"{""area"": ""5000sqft"", ""type"": ""commercial"", ""guarantee"": ""3 months""}",Mumbai,2025-07-28,Online Marketplace,6,7368.42,44210.52,C,0.928,3.7,8000,0.2,0.9
SRV-000462,IT Services,Network Maintenance Annual,"{""scope"": ""complete network"", ""support"": ""24x7"", ""response"": ""4hrs""}",Jaipur,2026-07-25,Online Marketplace,3,234296.21,702888.63,B,0.886,3.9,250000,0.3,0.9
SRV-000463,Professional Services,Annual Maintenance Contract IT,"{""scope"": ""complete IT"", ""support"": ""24x7"", ""spare_parts"": true}",Chandigarh,2026-05-12,Vendor Quotation,12,330016.79,3960201.48,B,0.867,3.6,400000,0.3,0.95
SRV-000464,IT Services,Server Maintenance Annual,"{""servers"": 5, ""support"": ""24x7"", ""response"": ""4hrs""}",Bangalore,2025-07-23,Previous Purchase Order,6,186566.87,1119401.22,C,0.955,3.4,180000,0.25,0.9
SRV-000465,Facility Management,Garden Maintenance Monthly,"{""area"": ""2000sqft"", ""frequency"": ""weekly"", ""irrigation"": true}",Mumbai,2025-07-25,GeM Portal,12,12133.89,145606.68,A,0.869,4.2,12000,0.25,0.9
SRV-000466,IT Services,Cloud Migration Service,"{""scope"": ""complete"", ""data"": ""10TB"", ""downtime"": ""minimal""}",Ahmedabad,2025-04-02,Vendor Quotation,3,515843.09,1547529.27,B,0.88,3.9,500000,0.4,0.95
SRV-000467,IT Services,Software AMC,"{""licenses"": 50, ""type"": ""enterprise"", ""support"": ""business hours""}",Mumbai,2026-04-20,Tender Document,1,203790.73,203790.73,A,0.853,4.3,150000,0.3,0.95
SRV-000468,Facility Management,Security Guard Services Monthly,"{""guards"": 4, ""shift"": ""24x7"", ""armed"": false}",Thiruvananthapuram,2025-03-21,GeM Portal,6,55925.94,335555.64,C,0.987,4.2,80000,0.25,1.0
SRV-000469,Facility Management,Electrical Maintenance Annual,"{""scope"": ""complete"", ""testing"": true, ""certification"": true}",Thiruvananthapuram,2026-07-02,Tender Document,1,36018.38,36018.38,C,0.91,4.1,45000,0.2,0.9
SRV-000470,Professional Services,Web Development Project,"{""pages"": 20, ""responsive"": true, ""CMS"": true}",Ahmedabad,2025-08-30,GeM Portal,6,128418.68,770512.08,B,0.98,4.3,200000,0.35,0.9
SRV-000471,Facility Management,Plumbing Services Monthly,"{""scope"": ""complete building"", ""response"": ""24hrs""}",Guwahati,2025-09-14,Online Marketplace,6,10230.17,61381.02,C,0.929,3.3,15000,0.25,0.9
SRV-000472,Facility Management,Building Management System Annual,"{""floors"": 5, ""monitoring"": true, ""reporting"": true}",Hyderabad,2024-12-20,Dealer Price List,3,172248.97,516746.91,A,0.941,4.2,180000,0.3,1.1
SRV-000473,Professional Services,Mobile App Development,"{""platform"": ""both"", ""features"": ""moderate"", ""maintenance"": ""6 months""}",Pune,2025-09-25,Dealer Price List,6,268657.31,1611943.86,C,0.858,4.2,400000,0.4,0.9
SRV-000474,Facility Management,Electrical Maintenance Annual,"{""scope"": ""complete"", ""testing"": true, ""certification"": true}",Mumbai,2024-12-29,GeM Portal,3,50770.45,152311.35,C,0.975,4.7,45000,0.2,1.1
SRV-000475,Professional Services,Annual Maintenance Contract IT,"{""scope"": ""complete IT"", ""support"": ""24x7"", ""spare_parts"": true}",Ahmedabad,2025-11-02,Tender Document,12,510203.44,6122441.28,C,0.987,4.5,400000,0.3,1.1
SRV-000476,Facility Management,Security Guard Services Monthly,"{""guards"": 4, ""shift"": ""24x7"", ""armed"": false}",Chennai,2025-02-14,GeM Portal,6,122860.4,737162.4,A,0.952,3.2,80000,0.25,1.0
SRV-000477,Facility Management,Building Management System Annual,"{""floors"": 5, ""monitoring"": true, ""reporting"": true}",Chennai,2025-11-21,Vendor Quotation,1,180120.26,180120.26,A,0.919,4.6,180000,0.3,1.1
SRV-000478,Facility Management,Electrical Maintenance Annual,"{""scope"": ""complete"", ""testing"": true, ""certification"": true}",Guwahati,2026-02-21,Tender Document,12,45795.78,549549.36,A,0.906,4.4,45000,0.2,1.0
SRV-000479,IT Services,Network Maintenance Annual,"{""scope"": ""complete network"", ""support"": ""24x7"", ""response"": ""4hrs""}",Delhi,2025-07-12,State e-Procurement,6,281069.11,1686414.66,B,0.862,4.7,250000,0.3,0.9
SRV-000480,Facility Management,Pest Control Quarterly,"{""area"": ""5000sqft"", ""type"": ""commercial"", ""guarantee"": ""3 months""}",Ahmedabad,2026-01-23,Industry Report,12,8043.88,96526.56,C,0.894,3.7,8000,0.2,1.0
SRV-000481,Facility Management,Building Management System Annual,"{""floors"": 5, ""monitoring"": true, ""reporting"": true}",Bhopal,2025-06-10,Central Public Procurement Portal,3,136913.64,410740.92,A,0.852,4.0,180000,0.3,0.95
SRV-000482,Facility Management,Housekeeping Services Monthly,"{""area"": ""5000sqft"", ""staff"": 4, ""frequency"": ""daily""}",Mumbai,2026-03-27,Dealer Price List,3,28236.23,84708.69,C,0.969,4.1,35000,0.2,1.0
SRV-000483,IT Services,Server Maintenance Annual,"{""servers"": 5, ""support"": ""24x7"", ""response"": ""4hrs""}",Guwahati,2025-03-17,Industry Report,1,211229.61,211229.61,A,0.876,4.7,180000,0.25,1.0
SRV-000484,Facility Management,Building Management System Annual,"{""floors"": 5, ""monitoring"": true, ""reporting"": true}",Bangalore,2025-12-31,Online Marketplace,3,239806.32,719418.96,C,0.978,4.7,180000,0.3,1.1
SRV-000485,IT Services,Cybersecurity Audit,"{""scope"": ""complete"", ""report"": true, ""remediation"": true}",Thiruvananthapuram,2025-11-27,GeM Portal,1,345092.3,345092.3,C,0.953,3.2,300000,0.35,1.1
SRV-000486,Professional Services,Document Digitization Project,"{""pages"": 10000, ""scanning"": true, ""indexing"": true}",Jaipur,2024-09-06,Online Marketplace,1,44962.55,44962.55,A,0.859,3.0,50000,0.2,0.9
SRV-000487,IT Services,IT Helpdesk Support Monthly,"{""users"": 100, ""response"": ""1hr"", ""resolution"": ""4hrs""}",Hyderabad,2026-07-28,Tender Document,6,38216.55,229299.3,B,0.884,4.9,45000,0.25,0.9
SRV-000488,Professional Services,Mobile App Development,"{""platform"": ""both"", ""features"": ""moderate"", ""maintenance"": ""6 months""}",Delhi,2025-09-26,Online Marketplace,12,349217.83,4190613.96,C,0.883,4.0,400000,0.4,0.9
SRV-000489,Facility Management,Security Guard Services Monthly,"{""guards"": 4, ""shift"": ""24x7"", ""armed"": false}",Mumbai,2026-04-04,Central Public Procurement Portal,1,75019.75,75019.75,B,0.969,3.1,80000,0.25,0.95
SRV-000490,Professional Services,Training Program 5-Day,"{""participants"": 20, ""topic"": ""IT"", ""certification"": true}",Jaipur,2026-08-18,Central Public Procurement Portal,1,154142.87,154142.87,C,0.951,3.2,150000,0.3,0.9
SRV-000491,Professional Services,Annual Maintenance Contract IT,"{""scope"": ""complete IT"", ""support"": ""24x7"", ""spare_parts"": true}",Ahmedabad,2025-06-05,Online Marketplace,6,460795.95,2764775.7,A,0.941,3.4,400000,0.3,0.95
SRV-000492,IT Services,Network Maintenance Annual,"{""scope"": ""complete network"", ""support"": ""24x7"", ""response"": ""4hrs""}",Hyderabad,2025-06-16,State e-Procurement,3,290433.52,871300.56,B,0.919,3.0,250000,0.3,0.95
SRV-000493,Professional Services,Training Program 5-Day,"{""participants"": 20, ""topic"": ""IT"", ""certification"": true}",Mumbai,2026-08-06,Central Public Procurement Portal,1,194615.75,194615.75,B,0.872,3.7,150000,0.3,0.9
SRV-000494,Facility Management,Electrical Maintenance Annual,"{""scope"": ""complete"", ""testing"": true, ""certification"": true}",Pune,2024-10-27,Tender Document,6,48197.62,289185.72,B,0.858,4.7,45000,0.2,1.1
SRV-000495,Facility Management,Plumbing Services Monthly,"{""scope"": ""complete building"", ""response"": ""24hrs""}",Guwahati,2026-05-07,Previous Purchase Order,12,17400.65,208807.8,B,0.945,3.4,15000,0.25,0.95
SRV-000496,IT Services,Software AMC,"{""licenses"": 50, ""type"": ""enterprise"", ""support"": ""business hours""}",Guwahati,2025-06-07,Previous Purchase Order,6,117483.93,704903.58,C,0.917,4.2,150000,0.3,0.95
SRV-000497,IT Services,Data Backup Service Monthly,"{""data"": ""5TB"", ""frequency"": ""daily"", ""retention"": ""90 days""}",Ahmedabad,2026-02-09,Previous Purchase Order,3,26686.63,80059.89,B,0.928,3.7,25000,0.2,1.0
SRV-000498,Facility Management,Garden Maintenance Monthly,"{""area"": ""2000sqft"", ""frequency"": ""weekly"", ""irrigation"": true}",Ahmedabad,2025-02-13,Online Marketplace,12,12910.95,154931.4,C,0.861,3.9,12000,0.25,1.0
SRV-000499,Professional Services,Training Program 5-Day,"{""participants"": 20, ""topic"": ""IT"", ""certification"": true}",Thiruvananthapuram,2024-09-21,Vendor Quotation,6,141588.68,849532.08,C,0.859,4.4,150000,0.3,0.9
SRV-000500,IT Services,Cloud Migration Service,"{""scope"": ""complete"", ""data"": ""10TB"", ""downtime"": ""minimal""}",Chandigarh,2026-07-15,Online Marketplace,3,621605.8,1864817.4,A,0.943,3.0,500000,0.4,0.9
SRV-000501,Professional Services,Document Digitization Project,"{""pages"": 10000, ""scanning"": true, ""indexing"": true}",Chennai,2026-07-19,Dealer Price List,6,46801.84,280811.04,A,0.883,4.9,50000,0.2,0.9
SRV-000502,Professional Services,Document Digitization Project,"{""pages"": 10000, ""scanning"": true, ""indexing"": true}",Delhi,2024-08-19,Industry Report,1,42955.82,42955.82,C,0.892,4.9,50000,0.2,0.9
SRV-000503,Professional Services,Training Program 5-Day,"{""participants"": 20, ""topic"": ""IT"", ""certification"": true}",Thiruvananthapuram,2025-08-24,Central Public Procurement Portal,1,139039.32,139039.32,C,0.89,3.8,150000,0.3,0.9
SRV-000504,Professional Services,Consulting Service Man-Day,"{""domain"": ""IT"", ""level"": ""senior"", ""travel"": true}",Pune,2026-03-27,Vendor Quotation,1,26804.63,26804.63,A,0.922,4.8,25000,0.25,1.0
SRV-000505,Professional Services,ERP Implementation,"{""modules"": ""complete"", ""users"": 100, ""customization"": ""moderate""}",Ahmedabad,2026-03-17,Dealer Price List,12,714039.87,8568478.44,B,0.971,3.1,800000,0.35,1.0
SRV-000506,IT Services,Data Backup Service Monthly,"{""data"": ""5TB"", ""frequency"": ""daily"", ""retention"": ""90 days""}",Mumbai,2024-11-03,Industry Report,6,33691.4,202148.4,C,0.901,4.5,25000,0.2,1.1
SRV-000507,Professional Services,Document Digitization Project,"{""pages"": 10000, ""scanning"": true, ""indexing"": true}",Chandigarh,2025-12-26,Vendor Quotation,6,54494.71,326968.26,C,0.976,3.6,50000,0.2,1.1
SRV-000508,IT Services,Cloud Migration Service,"{""scope"": ""complete"", ""data"": ""10TB"", ""downtime"": ""minimal""}",Bangalore,2025-05-31,GeM Portal,1,577441.27,577441.27,A,0.959,3.8,500000,0.4,0.95
SRV-000509,Facility Management,Plumbing Services Monthly,"{""scope"": ""complete building"", ""response"": ""24hrs""}",Bhopal,2025-07-07,Online Marketplace,3,17417.01,52251.03,A,0.857,4.6,15000,0.25,0.9
SRV-000510,IT Services,Cybersecurity Audit,"{""scope"": ""complete"", ""report"": true, ""remediation"": true}",Jaipur,2025-08-24,GeM Portal,3,236036.62,708109.86,A,0.89,4.0,300000,0.35,0.9
SRV-000511,Facility Management,Security Guard Services Monthly,"{""guards"": 4, ""shift"": ""24x7"", ""armed"": false}",Kolkata,2025-06-27,Vendor Quotation,6,89816.44,538898.64,A,0.926,3.7,80000,0.25,0.95
SRV-000512,Facility Management,Electrical Maintenance Annual,"{""scope"": ""complete"", ""testing"": true, ""certification"": true}",Delhi,2025-03-26,Tender Document,3,39154.1,117462.3,B,0.958,3.8,45000,0.2,1.0
SRV-000513,Facility Management,Garden Maintenance Monthly,"{""area"": ""2000sqft"", ""frequency"": ""weekly"", ""irrigation"": true}",Bangalore,2024-08-30,Previous Purchase Order,1,12071.42,12071.42,B,0.977,4.4,12000,0.25,0.9
SRV-000514,Professional Services,Training Program 5-Day,"{""participants"": 20, ""topic"": ""IT"", ""certification"": true}",Ahmedabad,2026-03-24,Online Marketplace,12,120000.46,1440005.52,A,0.967,5.0,150000,0.3,1.0
SRV-000515,Professional Services,ERP Implementation,"{""modules"": ""complete"", ""users"": 100, ""customization"": ""moderate""}",Chennai,2024-11-24,GeM Portal,6,989883.88,5939303.28,B,0.927,3.9,800000,0.35,1.1
SRV-000516,Facility Management,Pest Control Quarterly,"{""area"": ""5000sqft"", ""type"": ""commercial"", ""guarantee"": ""3 months""}",Bangalore,2026-03-28,Vendor Quotation,3,8324.09,24972.27,B,0.882,3.2,8000,0.2,1.0
SRV-000517,Professional Services,ERP Implementation,"{""modules"": ""complete"", ""users"": 100, ""customization"": ""moderate""}",Jaipur,2026-07-25,Dealer Price List,3,433554.75,1300664.25,C,0.891,3.8,800000,0.35,0.9
SRV-000518,Professional Services,Annual Maintenance Contract IT,"{""scope"": ""complete IT"", ""support"": ""24x7"", ""spare_parts"": true}",Hyderabad,2025-06-14,Central Public Procurement Portal,3,380645.33,1141935.99,C,0.988,3.6,400000,0.3,0.95
SRV-000519,Professional Services,Document Digitization Project,"{""pages"": 10000, ""scanning"": true, ""indexing"": true}",Lucknow,2025-01-26,GeM Portal,6,48819.51,292917.06,B,0.864,3.5,50000,0.2,1.0
SRV-000520,Facility Management,Electrical Maintenance Annual,"{""scope"": ""complete"", ""testing"": true, ""certification"": true}",Thiruvananthapuram,2025-07-28,State e-Procurement,12,36501.28,438015.36,A,0.928,4.5,45000,0.2,0.9
SRV-000521,Facility Management,Security Guard Services Monthly,"{""guards"": 4, ""shift"": ""24x7"", ""armed"": false}",Chennai,2026-02-08,Central Public Procurement Portal,1,73715.29,73715.29,B,0.852,4.7,80000,0.25,1.0
SRV-000522,IT Services,Data Backup Service Monthly,"{""data"": ""5TB"", ""frequency"": ""daily"", ""retention"": ""90 days""}",Thiruvananthapuram,2025-04-29,Tender Document,12,26409.65,316915.8,B,0.859,3.7,25000,0.2,0.95
SRV-000523,IT Services,Software AMC,"{""licenses"": 50, ""type"": ""enterprise"", ""support"": ""business hours""}",Delhi,2026-05-04,Previous Purchase Order,12,163284.3,1959411.6,C,0.905,4.1,150000,0.3,0.95
SRV-000524,Professional Services,ERP Implementation,"{""modules"": ""complete"", ""users"": 100, ""customization"": ""moderate""}",Kolkata,2025-06-09,Dealer Price List,3,757853.79,2273561.37,B,0.987,5.0,800000,0.35,0.95
SRV-000525,IT Services,Software AMC,"{""licenses"": 50, ""type"": ""enterprise"", ""support"": ""business hours""}",Pune,2025-03-08,Online Marketplace,1,190524.86,190524.86,B,0.919,3.7,150000,0.3,1.0
SRV-000526,Facility Management,Electrical Maintenance Annual,"{""scope"": ""complete"", ""testing"": true, ""certification"": true}",Bangalore,2025-04-17,Central Public Procurement Portal,1,57219.34,57219.34,B,0.913,3.0,45000,0.2,0.95
SRV-000527,Facility Management,Housekeeping Services Monthly,"{""area"": ""5000sqft"", ""staff"": 4, ""frequency"": ""daily""}",Chennai,2024-09-13,Industry Report,3,32823.69,98471.07,C,0.923,3.4,35000,0.2,0.9
SRV-000528,Professional Services,Consulting Service Man-Day,"{""domain"": ""IT"", ""level"": ""senior"", ""travel"": true}",Kolkata,2025-11-25,Industry Report,12,20445.82,245349.84,C,0.979,5.0,25000,0.25,1.1
SRV-000529,IT Services,Data Backup Service Monthly,"{""data"": ""5TB"", ""frequency"": ""daily"", ""retention"": ""90 days""}",Chandigarh,2026-08-11,Industry Report,1,23857.48,23857.48,C,0.952,4.1,25000,0.2,0.9
SRV-000530,Facility Management,Building Management System Annual,"{""floors"": 5, ""monitoring"": true, ""reporting"": true}",Patna,2025-11-25,Dealer Price List,6,187896.16,1127376.96,C,0.925,4.4,180000,0.3,1.1
SRV-000531,Professional Services,Consulting Service Man-Day,"{""domain"": ""IT"", ""level"": ""senior"", ""travel"": true}",Delhi,2025-06-19,Dealer Price List,6,22786.62,136719.72,B,0.944,3.2,25000,0.25,0.95
SRV-000532,Professional Services,Training Program 5-Day,"{""participants"": 20, ""topic"": ""IT"", ""certification"": true}",Jaipur,2026-04-23,Previous Purchase Order,3,134713.64,404140.92,A,0.967,4.8,150000,0.3,0.95
SRV-000533,IT Services,Server Maintenance Annual,"{""servers"": 5, ""support"": ""24x7"", ""response"": ""4hrs""}",Ahmedabad,2026-07-02,Online Marketplace,3,165159.67,495479.01,B,0.854,4.9,180000,0.25,0.9
SRV-000534,IT Services,Software AMC,"{""licenses"": 50, ""type"": ""enterprise"", ""support"": ""business hours""}",Lucknow,2025-02-11,Previous Purchase Order,3,185004.36,555013.08,A,0.908,4.2,150000,0.3,1.0
SRV-000535,Facility Management,Pest Control Quarterly,"{""area"": ""5000sqft"", ""type"": ""commercial"", ""guarantee"": ""3 months""}",Bangalore,2025-02-10,Previous Purchase Order,1,7673.27,7673.27,C,0.974,3.3,8000,0.2,1.0
SRV-000536,Facility Management,Building Management System Annual,"{""floors"": 5, ""monitoring"": true, ""reporting"": true}",Delhi,2025-08-10,Vendor Quotation,6,135824.3,814945.8,A,0.85,3.6,180000,0.3,0.9
SRV-000537,IT Services,Cloud Migration Service,"{""scope"": ""complete"", ""data"": ""10TB"", ""downtime"": ""minimal""}",Pune,2025-10-04,Industry Report,1,423291.55,423291.55,B,0.852,3.5,500000,0.4,1.1
SRV-000538,Facility Management,Housekeeping Services Monthly,"{""area"": ""5000sqft"", ""staff"": 4, ""frequency"": ""daily""}",Mumbai,2026-07-16,Central Public Procurement Portal,1,27859.1,27859.1,C,0.935,4.1,35000,0.2,0.9
SRV-000539,Facility Management,Plumbing Services Monthly,"{""scope"": ""complete building"", ""response"": ""24hrs""}",Thiruvananthapuram,2026-01-03,Dealer Price List,1,10779.99,10779.99,C,0.933,5.0,15000,0.25,1.0
SRV-000540,Professional Services,Mobile App Development,"{""platform"": ""both"", ""features"": ""moderate"", ""maintenance"": ""6 months""}",Guwahati,2024-10-20,Tender Document,6,656098.38,3936590.28,A,0.85,4.6,400000,0.4,1.1
SRV-000541,Professional Services,ERP Implementation,"{""modules"": ""complete"", ""users"": 100, ""customization"": ""moderate""}",Kolkata,2024-08-21,Tender Document,1,750905.29,750905.29,A,0.891,3.6,800000,0.35,0.9
SRV-000542,IT Services,Cloud Migration Service,"{""scope"": ""complete"", ""data"": ""10TB"", ""downtime"": ""minimal""}",Ahmedabad,2026-04-02,Central Public Procurement Portal,12,483832.81,5805993.72,B,0.943,4.5,500000,0.4,0.95
SRV-000543,Professional Services,Web Development Project,"{""pages"": 20, ""responsive"": true, ""CMS"": true}",Patna,2025-07-20,Industry Report,6,133185.41,799112.46,C,0.895,3.6,200000,0.35,0.9
SRV-000544,IT Services,IT Helpdesk Support Monthly,"{""users"": 100, ""response"": ""1hr"", ""resolution"": ""4hrs""}",Guwahati,2024-12-22,GeM Portal,12,50713.01,608556.12,A,0.99,4.6,45000,0.25,1.1
SRV-000545,Facility Management,Pest Control Quarterly,"{""area"": ""5000sqft"", ""type"": ""commercial"", ""guarantee"": ""3 months""}",Ahmedabad,2026-08-04,Previous Purchase Order,1,7711.18,7711.18,C,0.947,3.8,8000,0.2,0.9
SRV-000546,Professional Services,Mobile App Development,"{""platform"": ""both"", ""features"": ""moderate"", ""maintenance"": ""6 months""}",Delhi,2024-12-17,Tender Document,3,361070.96,1083212.88,C,0.918,3.8,400000,0.4,1.1
SRV-000547,IT Services,Cybersecurity Audit,"{""scope"": ""complete"", ""report"": true, ""remediation"": true}",Chandigarh,2025-07-02,GeM Portal,1,332053.66,332053.66,B,0.915,3.6,300000,0.35,0.9
SRV-000548,Professional Services,Consulting Service Man-Day,"{""domain"": ""IT"", ""level"": ""senior"", ""travel"": true}",Thiruvananthapuram,2025-09-19,Online Marketplace,6,23032.96,138197.76,C,0.97,3.8,25000,0.25,0.9
SRV-000549,IT Services,Server Maintenance Annual,"{""servers"": 5, ""support"": ""24x7"", ""response"": ""4hrs""}",Bhopal,2025-04-30,Vendor Quotation,6,185347.63,1112085.78,B,0.858,4.1,180000,0.25,0.95
SRV-000550,Facility Management,Security Guard Services Monthly,"{""guards"": 4, ""shift"": ""24x7"", ""armed"": false}",Guwahati,2024-11-01,Online Marketplace,12,67979.17,815750.04,B,0.854,4.2,80000,0.25,1.1
SRV-000551,IT Services,Cybersecurity Audit,"{""scope"": ""complete"", ""report"": true, ""remediation"": true}",Delhi,2025-12-18,State e-Procurement,12,256113.43,3073361.16,C,0.954,4.8,300000,0.35,1.1
SRV-000552,Facility Management,Garden Maintenance Monthly,"{""area"": ""2000sqft"", ""frequency"": ""weekly"", ""irrigation"": true}",Bangalore,2026-07-05,Online Marketplace,1,10930.42,10930.42,A,0.922,3.2,12000,0.25,0.9
SRV-000553,Facility Management,Electrical Maintenance Annual,"{""scope"": ""complete"", ""testing"": true, ""certification"": true}",Jaipur,2024-10-02,GeM Portal,1,57751.69,57751.69,A,0.935,4.0,45000,0.2,1.1
SRV-000554,IT Services,Data Backup Service Monthly,"{""data"": ""5TB"", ""frequency"": ""daily"", ""retention"": ""90 days""}",Chennai,2026-08-18,GeM Portal,3,29027.59,87082.77,B,0.989,4.0,25000,0.2,0.9
SRV-000555,Facility Management,Electrical Maintenance Annual,"{""scope"": ""complete"", ""testing"": true, ""certification"": true}",Bangalore,2025-07-08,Tender Document,12,33842.94,406115.28,C,0.876,4.2,45000,0.2,0.9
SRV-000556,Professional Services,Mobile App Development,"{""platform"": ""both"", ""features"": ""moderate"", ""maintenance"": ""6 months""}",Thiruvananthapuram,2026-06-27,State e-Procurement,1,482583.4,482583.4,A,0.916,3.2,400000,0.4,0.95
SRV-000557,Facility Management,Housekeeping Services Monthly,"{""area"": ""5000sqft"", ""staff"": 4, ""frequency"": ""daily""}",Delhi,2026-06-15,Tender Document,3,32832.93,98498.79,B,0.861,4.4,35000,0.2,0.95
SRV-000558,IT Services,Server Maintenance Annual,"{""servers"": 5, ""support"": ""24x7"", ""response"": ""4hrs""}",Guwahati,2025-07-27,Dealer Price List,12,166967.84,2003614.08,C,0.985,3.3,180000,0.25,0.9
SRV-000559,IT Services,Network Maintenance Annual,"{""scope"": ""complete network"", ""support"": ""24x7"", ""response"": ""4hrs""}",Hyderabad,2026-06-09,Previous Purchase Order,1,267967.1,267967.1,B,0.979,4.3,250000,0.3,0.95
SRV-000560,Professional Services,Consulting Service Man-Day,"{""domain"": ""IT"", ""level"": ""senior"", ""travel"": true}",Delhi,2026-08-16,Dealer Price List,3,16660.79,49982.37,C,0.911,4.3,25000,0.25,0.9
SRV-000561,Facility Management,Plumbing Services Monthly,"{""scope"": ""complete building"", ""response"": ""24hrs""}",Bangalore,2024-09-06,State e-Procurement,6,15188.71,91132.26,C,0.875,4.9,15000,0.25,0.9
SRV-000562,IT Services,Data Backup Service Monthly,"{""data"": ""5TB"", ""frequency"": ""daily"", ""retention"": ""90 days""}",Jaipur,2026-01-09,Online Marketplace,3,20591.39,61774.17,B,0.988,4.7,25000,0.2,1.0
SRV-000563,Facility Management,Electrical Maintenance Annual,"{""scope"": ""complete"", ""testing"": true, ""certification"": true}",Bangalore,2026-01-25,Online Marketplace,12,48418.81,581025.72,C,0.86,3.1,45000,0.2,1.0
SRV-000564,Professional Services,Document Digitization Project,"{""pages"": 10000, ""scanning"": true, ""indexing"": true}",Kolkata,2025-08-24,Industry Report,1,36048.48,36048.48,C,0.927,3.4,50000,0.2,0.9
SRV-000565,IT Services,Cybersecurity Audit,"{""scope"": ""complete"", ""report"": true, ""remediation"": true}",Bangalore,2025-12-16,Vendor Quotation,6,452286.54,2713719.24,B,0.947,4.3,300000,0.35,1.1
SRV-000566,Professional Services,Consulting Service Man-Day,"{""domain"": ""IT"", ""level"": ""senior"", ""travel"": true}",Hyderabad,2026-03-19,Dealer Price List,3,21994.86,65984.58,C,0.898,4.6,25000,0.25,1.0
SRV-000567,Facility Management,Garden Maintenance Monthly,"{""area"": ""2000sqft"", ""frequency"": ""weekly"", ""irrigation"": true}",Chandigarh,2024-10-24,Vendor Quotation,1,12392.48,12392.48,C,0.885,4.6,12000,0.25,1.1
SRV-000568,Facility Management,Housekeeping Services Monthly,"{""area"": ""5000sqft"", ""staff"": 4, ""frequency"": ""daily""}",Chandigarh,2025-08-25,GeM Portal,12,25889.97,310679.64,B,0.948,3.9,35000,0.2,0.9
SRV-000569,Facility Management,Security Guard Services Monthly,"{""guards"": 4, ""shift"": ""24x7"", ""armed"": false}",Delhi,2024-12-25,State e-Procurement,1,98176.78,98176.78,B,0.98,4.5,80000,0.25,1.1
SRV-000570,Facility Management,Plumbing Services Monthly,"{""scope"": ""complete building"", ""response"": ""24hrs""}",Lucknow,2024-09-25,GeM Portal,6,11797.44,70784.64,C,0.871,4.6,15000,0.25,0.9
SRV-000571,IT Services,Cloud Migration Service,"{""scope"": ""complete"", ""data"": ""10TB"", ""downtime"": ""minimal""}",Ahmedabad,2024-11-14,Industry Report,3,479439.39,1438318.17,C,0.861,4.4,500000,0.4,1.1
SRV-000572,Professional Services,Web Development Project,"{""pages"": 20, ""responsive"": true, ""CMS"": true}",Bangalore,2024-12-16,Dealer Price List,1,178435.16,178435.16,C,0.976,4.0,200000,0.35,1.1
SRV-000573,Facility Management,Pest Control Quarterly,"{""area"": ""5000sqft"", ""type"": ""commercial"", ""guarantee"": ""3 months""}",Guwahati,2025-02-10,Previous Purchase Order,1,8028.98,8028.98,A,0.95,4.8,8000,0.2,1.0
SRV-000574,Professional Services,Consulting Service Man-Day,"{""domain"": ""IT"", ""level"": ""senior"", ""travel"": true}",Mumbai,2024-11-15,Dealer Price List,6,25387.64,152325.84,A,0.957,3.4,25000,0.25,1.1
SRV-000575,Facility Management,Building Management System Annual,"{""floors"": 5, ""monitoring"": true, ""reporting"": true}",Jaipur,2025-02-16,Previous Purchase Order,12,160991.44,1931897.28,C,0.863,4.5,180000,0.3,1.0
SRV-000576,Facility Management,Electrical Maintenance Annual,"{""scope"": ""complete"", ""testing"": true, ""certification"": true}",Kolkata,2026-07-04,GeM Portal,3,44040.85,132122.55,C,0.964,4.5,45000,0.2,0.9
SRV-000577,Facility Management,Security Guard Services Monthly,"{""guards"": 4, ""shift"": ""24x7"", ""armed"": false}",Jaipur,2025-07-07,Tender Document,1,66488.88,66488.88,B,0.947,3.0,80000,0.25,0.9
SRV-000578,Facility Management,Plumbing Services Monthly,"{""scope"": ""complete building"", ""response"": ""24hrs""}",Bangalore,2026-06-22,GeM Portal,1,17231.86,17231.86,C,0.937,4.3,15000,0.25,0.95
SRV-000579,Facility Management,Garden Maintenance Monthly,"{""area"": ""2000sqft"", ""frequency"": ""weekly"", ""irrigation"": true}",Thiruvananthapuram,2026-05-28,GeM Portal,12,10574.82,126897.84,C,0.97,4.2,12000,0.25,0.95
SRV-000580,Facility Management,Building Management System Annual,"{""floors"": 5, ""monitoring"": true, ""reporting"": true}",Chennai,2025-05-18,Industry Report,3,235872.11,707616.33,B,0.874,4.8,180000,0.3,0.95
SRV-000581,Professional Services,Consulting Service Man-Day,"{""domain"": ""IT"", ""level"": ""senior"", ""travel"": true}",Bangalore,2025-08-31,Industry Report,6,24737.97,148427.82,C,0.988,3.2,25000,0.25,0.9
SRV-000582,Professional Services,Training Program 5-Day,"{""participants"": 20, ""topic"": ""IT"", ""certification"": true}",Jaipur,2024-08-29,GeM Portal,6,116294.4,697766.4,C,0.883,4.3,150000,0.3,0.9
SRV-000583,Facility Management,Building Management System Annual,"{""floors"": 5, ""monitoring"": true, ""reporting"": true}",Lucknow,2026-08-17,GeM Portal,6,211004.31,1266025.86,A,0.985,3.9,180000,0.3,0.9
SRV-000584,Professional Services,Document Digitization Project,"{""pages"": 10000, ""scanning"": true, ""indexing"": true}",Jaipur,2026-04-10,Central Public Procurement Portal,12,58231.96,698783.52,A,0.978,4.4,50000,0.2,0.95
SRV-000585,IT Services,Software AMC,"{""licenses"": 50, ""type"": ""enterprise"", ""support"": ""business hours""}",Bhopal,2025-10-22,State e-Procurement,6,125577.47,753464.82,C,0.935,4.9,150000,0.3,1.1
SRV-000586,Facility Management,Plumbing Services Monthly,"{""scope"": ""complete building"", ""response"": ""24hrs""}",Delhi,2026-04-02,GeM Portal,1,17723.82,17723.82,B,0.94,4.8,15000,0.25,0.95
SRV-000587,Professional Services,Document Digitization Project,"{""pages"": 10000, ""scanning"": true, ""indexing"": true}",Delhi,2024-10-21,Online Marketplace,3,48407.69,145223.07,B,0.884,4.9,50000,0.2,1.1
SRV-000588,Facility Management,Plumbing Services Monthly,"{""scope"": ""complete building"", ""response"": ""24hrs""}",Kolkata,2026-06-28,Online Marketplace,6,11210.64,67263.84,C,0.909,4.2,15000,0.25,0.95
SRV-000589,Facility Management,Plumbing Services Monthly,"{""scope"": ""complete building"", ""response"": ""24hrs""}",Ahmedabad,2025-10-28,State e-Procurement,12,15620.84,187450.08,C,0.891,4.8,15000,0.25,1.1
SRV-000590,Facility Management,Pest Control Quarterly,"{""area"": ""5000sqft"", ""type"": ""commercial"", ""guarantee"": ""3 months""}",Ahmedabad,2025-12-13,Online Marketplace,3,11287.27,33861.81,A,0.905,3.9,8000,0.2,1.1
SRV-000591,Facility Management,Garden Maintenance Monthly,"{""area"": ""2000sqft"", ""frequency"": ""weekly"", ""irrigation"": true}",Bangalore,2024-12-09,Tender Document,1,17849.77,17849.77,A,0.904,3.8,12000,0.25,1.1
SRV-000592,Professional Services,Web Development Project,"{""pages"": 20, ""responsive"": true, ""CMS"": true}",Delhi,2025-12-06,Online Marketplace,12,196598.0,2359176.0,B,0.883,3.9,200000,0.35,1.1
SRV-000593,Facility Management,Plumbing Services Monthly,"{""scope"": ""complete building"", ""response"": ""24hrs""}",Thiruvananthapuram,2025-03-19,Central Public Procurement Portal,6,18038.08,108228.48,A,0.954,4.6,15000,0.25,1.0
SRV-000594,IT Services,Network Maintenance Annual,"{""scope"": ""complete network"", ""support"": ""24x7"", ""response"": ""4hrs""}",Chandigarh,2026-03-11,State e-Procurement,1,254330.78,254330.78,A,0.957,3.0,250000,0.3,1.0
SRV-000595,Facility Management,Building Management System Annual,"{""floors"": 5, ""monitoring"": true, ""reporting"": true}",Guwahati,2025-08-31,Dealer Price List,3,159769.25,479307.75,B,0.961,4.3,180000,0.3,0.9
SRV-000596,IT Services,IT Helpdesk Support Monthly,"{""users"": 100, ""response"": ""1hr"", ""resolution"": ""4hrs""}",Guwahati,2025-01-27,Online Marketplace,3,39974.78,119924.34,C,0.94,4.8,45000,0.25,1.0
SRV-000597,Professional Services,Annual Maintenance Contract IT,"{""scope"": ""complete IT"", ""support"": ""24x7"", ""spare_parts"": true}",Ahmedabad,2025-08-31,Online Marketplace,6,374338.47,2246030.82,B,0.962,5.0,400000,0.3,0.9
SRV-000598,Professional Services,ERP Implementation,"{""modules"": ""complete"", ""users"": 100, ""customization"": ""moderate""}",Hyderabad,2025-09-13,State e-Procurement,12,820805.55,9849666.6,C,0.855,3.7,800000,0.35,0.9
SRV-000599,Professional Services,ERP Implementation,"{""modules"": ""complete"", ""users"": 100, ""customization"": ""moderate""}",Pune,2025-08-15,Tender Document,12,935726.67,11228720.04,A,0.911,4.9,800000,0.35,0.9
SRV-000600,Facility Management,Pest Control Quarterly,"{""area"": ""5000sqft"", ""type"": ""commercial"", ""guarantee"": ""3 months""}",Jaipur,2025-02-27,Dealer Price List,12,7996.71,95960.52,A,0.954,3.8,8000,0.2,1.0
SRV-000601,Facility Management,Building Management System Annual,"{""floors"": 5, ""monitoring"": true, ""reporting"": true}",Jaipur,2026-04-26,Dealer Price List,1,186518.66,186518.66,A,0.962,3.6,180000,0.3,0.95
SRV-000602,IT Services,Network Maintenance Annual,"{""scope"": ""complete network"", ""support"": ""24x7"", ""response"": ""4hrs""}",Bangalore,2025-08-23,Industry Report,12,187972.09,2255665.08,B,0.924,4.6,250000,0.3,0.9
SRV-000603,Professional Services,ERP Implementation,"{""modules"": ""complete"", ""users"": 100, ""customization"": ""moderate""}",Hyderabad,2025-12-17,Vendor Quotation,12,1233370.66,14800447.92,B,0.933,4.4,800000,0.35,1.1
SRV-000604,Professional Services,Consulting Service Man-Day,"{""domain"": ""IT"", ""level"": ""senior"", ""travel"": true}",Hyderabad,2024-12-27,State e-Procurement,6,39110.51,234663.06,B,0.95,4.0,25000,0.25,1.1
SRV-000605,Facility Management,Garden Maintenance Monthly,"{""area"": ""2000sqft"", ""frequency"": ""weekly"", ""irrigation"": true}",Delhi,2026-04-19,Previous Purchase Order,6,8523.62,51141.72,C,0.904,4.2,12000,0.25,0.95
SRV-000606,Facility Management,Housekeeping Services Monthly,"{""area"": ""5000sqft"", ""staff"": 4, ""frequency"": ""daily""}",Hyderabad,2026-01-13,Online Marketplace,12,46733.14,560797.68,A,0.95,3.9,35000,0.2,1.0
SRV-000607,IT Services,Cloud Migration Service,"{""scope"": ""complete"", ""data"": ""10TB"", ""downtime"": ""minimal""}",Lucknow,2024-10-23,Industry Report,1,715171.61,715171.61,A,0.87,3.3,500000,0.4,1.1
SRV-000608,Professional Services,Web Development Project,"{""pages"": 20, ""responsive"": true, ""CMS"": true}",Lucknow,2024-10-24,Online Marketplace,3,184883.77,554651.31,A,0.975,3.2,200000,0.35,1.1
SRV-000609,Professional Services,Document Digitization Project,"{""pages"": 10000, ""scanning"": true, ""indexing"": true}",Ahmedabad,2024-10-17,Industry Report,6,55469.87,332819.22,C,0.883,3.9,50000,0.2,1.1
SRV-000610,Facility Management,Electrical Maintenance Annual,"{""scope"": ""complete"", ""testing"": true, ""certification"": true}",Kolkata,2026-02-17,State e-Procurement,1,52368.3,52368.3,C,0.879,3.6,45000,0.2,1.0
SRV-000611,Professional Services,Mobile App Development,"{""platform"": ""both"", ""features"": ""moderate"", ""maintenance"": ""6 months""}",Chennai,2025-10-27,State e-Procurement,12,706764.32,8481171.84,A,0.932,3.9,400000,0.4,1.1
SRV-000612,Facility Management,Plumbing Services Monthly,"{""scope"": ""complete building"", ""response"": ""24hrs""}",Mumbai,2025-03-04,Central Public Procurement Portal,1,16617.99,16617.99,A,0.946,4.4,15000,0.25,1.0
SRV-000613,Professional Services,Document Digitization Project,"{""pages"": 10000, ""scanning"": true, ""indexing"": true}",Pune,2024-09-04,Dealer Price List,6,46226.16,277356.96,B,0.97,4.8,50000,0.2,0.9
SRV-000614,IT Services,Cloud Migration Service,"{""scope"": ""complete"", ""data"": ""10TB"", ""downtime"": ""minimal""}",Delhi,2025-02-06,Previous Purchase Order,1,328036.47,328036.47,C,0.893,4.7,500000,0.4,1.0
SRV-000615,Professional Services,Consulting Service Man-Day,"{""domain"": ""IT"", ""level"": ""senior"", ""travel"": true}",Hyderabad,2025-05-26,State e-Procurement,6,23304.24,139825.44,A,0.972,3.7,25000,0.25,0.95
SRV-000616,IT Services,Data Backup Service Monthly,"{""data"": ""5TB"", ""frequency"": ""daily"", ""retention"": ""90 days""}",Pune,2025-04-24,Previous Purchase Order,3,25108.4,75325.2,B,0.969,3.7,25000,0.2,0.95
SRV-000617,Professional Services,ERP Implementation,"{""modules"": ""complete"", ""users"": 100, ""customization"": ""moderate""}",Thiruvananthapuram,2025-07-15,Dealer Price List,3,825938.16,2477814.48,C,0.936,4.1,800000,0.35,0.9
SRV-000618,Professional Services,Consulting Service Man-Day,"{""domain"": ""IT"", ""level"": ""senior"", ""travel"": true}",Pune,2025-07-14,Central Public Procurement Portal,1,19859.05,19859.05,C,0.937,3.9,25000,0.25,0.9
SRV-000619,Professional Services,Consulting Service Man-Day,"{""domain"": ""IT"", ""level"": ""senior"", ""travel"": true}",Chandigarh,2025-05-05,Dealer Price List,6,28624.88,171749.28,B,0.919,4.0,25000,0.25,0.95
SRV-000620,Professional Services,ERP Implementation,"{""modules"": ""complete"", ""users"": 100, ""customization"": ""moderate""}",Jaipur,2025-02-12,GeM Portal,3,753365.04,2260095.12,B,0.96,3.8,800000,0.35,1.0
SRV-000621,IT Services,IT Helpdesk Support Monthly,"{""users"": 100, ""response"": ""1hr"", ""resolution"": ""4hrs""}",Lucknow,2024-11-07,Online Marketplace,3,43791.21,131373.63,B,0.971,4.2,45000,0.25,1.1
SRV-000622,Professional Services,Web Development Project,"{""pages"": 20, ""responsive"": true, ""CMS"": true}",Patna,2025-01-18,Dealer Price List,1,191530.29,191530.29,C,0.936,4.4,200000,0.35,1.0
SRV-000623,Professional Services,Annual Maintenance Contract IT,"{""scope"": ""complete IT"", ""support"": ""24x7"", ""spare_parts"": true}",Delhi,2026-02-01,Industry Report,1,319622.69,319622.69,C,0.855,4.6,400000,0.3,1.0
SRV-000624,IT Services,Cloud Migration Service,"{""scope"": ""complete"", ""data"": ""10TB"", ""downtime"": ""minimal""}",Delhi,2025-09-26,Industry Report,12,284765.24,3417182.88,C,0.951,3.2,500000,0.4,0.9
SRV-000625,Facility Management,Housekeeping Services Monthly,"{""area"": ""5000sqft"", ""staff"": 4, ""frequency"": ""daily""}",Bangalore,2025-10-13,Tender Document,6,38639.28,231835.68,B,0.923,4.3,35000,0.2,1.1
SRV-000626,Professional Services,Annual Maintenance Contract IT,"{""scope"": ""complete IT"", ""support"": ""24x7"", ""spare_parts"": true}",Ahmedabad,2025-01-09,Online Marketplace,6,321143.95,1926863.7,B,0.902,4.9,400000,0.3,1.0
SRV-000627,Professional Services,Annual Maintenance Contract IT,"{""scope"": ""complete IT"", ""support"": ""24x7"", ""spare_parts"": true}",Guwahati,2024-11-01,Central Public Procurement Portal,12,467269.8,5607237.6,A,0.962,4.9,400000,0.3,1.1
SRV-000628,Professional Services,Web Development Project,"{""pages"": 20, ""responsive"": true, ""CMS"": true}",Chennai,2025-03-29,GeM Portal,3,273294.8,819884.4,C,0.894,4.9,200000,0.35,1.0
SRV-000629,Facility Management,Building Management System Annual,"{""floors"": 5, ""monitoring"": true, ""reporting"": true}",Chennai,2025-03-04,Central Public Procurement Portal,3,218087.37,654262.11,C,0.852,4.9,180000,0.3,1.0
SRV-000630,Facility Management,Electrical Maintenance Annual,"{""scope"": ""complete"", ""testing"": true, ""certification"": true}",Patna,2026-04-29,Previous Purchase Order,3,52255.88,156767.64,A,0.958,3.2,45000,0.2,0.95
SRV-000631,Professional Services,ERP Implementation,"{""modules"": ""complete"", ""users"": 100, ""customization"": ""moderate""}",Hyderabad,2026-01-24,State e-Procurement,6,819852.27,4919113.62,A,0.92,3.8,800000,0.35,1.0
SRV-000632,Professional Services,Consulting Service Man-Day,"{""domain"": ""IT"", ""level"": ""senior"", ""travel"": true}",Delhi,2025-10-27,State e-Procurement,6,32174.19,193045.14,B,0.862,3.8,25000,0.25,1.1
SRV-000633,Facility Management,Housekeeping Services Monthly,"{""area"": ""5000sqft"", ""staff"": 4, ""frequency"": ""daily""}",Patna,2025-07-22,Central Public Procurement Portal,12,32927.21,395126.52,A,0.899,3.6,35000,0.2,0.9
SRV-000634,Facility Management,Building Management System Annual,"{""floors"": 5, ""monitoring"": true, ""reporting"": true}",Chennai,2026-05-05,Industry Report,3,150758.8,452276.4,B,0.94,4.8,180000,0.3,0.95
SRV-000635,Professional Services,Annual Maintenance Contract IT,"{""scope"": ""complete IT"", ""support"": ""24x7"", ""spare_parts"": true}",Pune,2026-04-03,Vendor Quotation,1,412502.25,412502.25,B,0.872,4.7,400000,0.3,0.95
SRV-000636,IT Services,Server Maintenance Annual,"{""servers"": 5, ""support"": ""24x7"", ""response"": ""4hrs""}",Mumbai,2025-11-29,Dealer Price List,1,238909.19,238909.19,C,0.891,4.2,180000,0.25,1.1
SRV-000637,IT Services,Cybersecurity Audit,"{""scope"": ""complete"", ""report"": true, ""remediation"": true}",Bhopal,2026-07-04,Central Public Procurement Portal,1,322037.18,322037.18,B,0.914,4.3,300000,0.35,0.9
SRV-000638,Professional Services,Annual Maintenance Contract IT,"{""scope"": ""complete IT"", ""support"": ""24x7"", ""spare_parts"": true}",Ahmedabad,2025-12-24,Online Marketplace,6,497168.95,2983013.7,B,0.984,3.3,400000,0.3,1.1
SRV-000639,IT Services,Server Maintenance Annual,"{""servers"": 5, ""support"": ""24x7"", ""response"": ""4hrs""}",Kolkata,2026-08-16,Online Marketplace,12,242368.76,2908425.12,A,0.951,4.1,180000,0.25,0.9
SRV-000640,IT Services,Server Maintenance Annual,"{""servers"": 5, ""support"": ""24x7"", ""response"": ""4hrs""}",Bhopal,2025-07-07,Industry Report,1,160920.16,160920.16,B,0.948,3.8,180000,0.25,0.9
SRV-000641,Professional Services,Training Program 5-Day,"{""participants"": 20, ""topic"": ""IT"", ""certification"": true}",Chandigarh,2024-12-20,State e-Procurement,12,115186.4,1382236.8,C,0.918,4.0,150000,0.3,1.1
SRV-000642,IT Services,IT Helpdesk Support Monthly,"{""users"": 100, ""response"": ""1hr"", ""resolution"": ""4hrs""}",Bangalore,2026-03-17,Industry Report,6,48169.21,289015.26,A,0.882,3.8,45000,0.25,1.0
SRV-000643,Professional Services,Document Digitization Project,"{""pages"": 10000, ""scanning"": true, ""indexing"": true}",Patna,2025-11-16,Central Public Procurement Portal,3,42667.61,128002.83,C,0.925,3.6,50000,0.2,1.1
SRV-000644,Facility Management,Building Management System Annual,"{""floors"": 5, ""monitoring"": true, ""reporting"": true}",Guwahati,2025-04-19,Central Public Procurement Portal,3,186889.3,560667.9,A,0.881,3.1,180000,0.3,0.95
SRV-000645,Professional Services,Training Program 5-Day,"{""participants"": 20, ""topic"": ""IT"", ""certification"": true}",Patna,2025-08-09,Tender Document,6,173379.09,1040274.54,A,0.94,3.7,150000,0.3,0.9
SRV-000646,Professional Services,Document Digitization Project,"{""pages"": 10000, ""scanning"": true, ""indexing"": true}",Thiruvananthapuram,2025-02-16,Previous Purchase Order,3,40949.88,122849.64,B,0.971,3.3,50000,0.2,1.0
SRV-000647,Facility Management,Housekeeping Services Monthly,"{""area"": ""5000sqft"", ""staff"": 4, ""frequency"": ""daily""}",Chandigarh,2025-12-10,State e-Procurement,6,45133.43,270800.58,B,0.917,3.7,35000,0.2,1.1
SRV-000648,Professional Services,Training Program 5-Day,"{""participants"": 20, ""topic"": ""IT"", ""certification"": true}",Bangalore,2025-11-29,State e-Procurement,6,236442.13,1418652.78,A,0.902,3.8,150000,0.3,1.1
SRV-000649,Professional Services,ERP Implementation,"{""modules"": ""complete"", ""users"": 100, ""customization"": ""moderate""}",Thiruvananthapuram,2026-07-03,Vendor Quotation,1,686311.74,686311.74,B,0.979,4.4,800000,0.35,0.9
SRV-000650,IT Services,Server Maintenance Annual,"{""servers"": 5, ""support"": ""24x7"", ""response"": ""4hrs""}",Lucknow,2026-08-14,GeM Portal,6,141559.34,849356.04,B,0.876,3.5,180000,0.25,0.9
SRV-000651,Professional Services,Consulting Service Man-Day,"{""domain"": ""IT"", ""level"": ""senior"", ""travel"": true}",Patna,2025-04-21,State e-Procurement,3,20942.32,62826.96,B,0.882,4.3,25000,0.25,0.95
SRV-000652,IT Services,Software AMC,"{""licenses"": 50, ""type"": ""enterprise"", ""support"": ""business hours""}",Delhi,2025-04-02,Tender Document,6,120628.55,723771.3,A,0.904,4.3,150000,0.3,0.95
SRV-000653,Facility Management,Electrical Maintenance Annual,"{""scope"": ""complete"", ""testing"": true, ""certification"": true}",Thiruvananthapuram,2026-01-06,Vendor Quotation,6,41235.48,247412.88,B,0.859,3.2,45000,0.2,1.0
SRV-000654,Facility Management,Garden Maintenance Monthly,"{""area"": ""2000sqft"", ""frequency"": ""weekly"", ""irrigation"": true}",Chennai,2025-08-04,Tender Document,1,8957.81,8957.81,C,0.942,3.1,12000,0.25,0.9
SRV-000655,Professional Services,Annual Maintenance Contract IT,"{""scope"": ""complete IT"", ""support"": ""24x7"", ""spare_parts"": true}",Bangalore,2025-11-25,Tender Document,12,487586.98,5851043.76,A,0.931,4.0,400000,0.3,1.1
SRV-000656,Facility Management,Electrical Maintenance Annual,"{""scope"": ""complete"", ""testing"": true, ""certification"": true}",Thiruvananthapuram,2025-01-02,Online Marketplace,1,40194.21,40194.21,C,0.894,3.3,45000,0.2,1.0
SRV-000657,IT Services,IT Helpdesk Support Monthly,"{""users"": 100, ""response"": ""1hr"", ""resolution"": ""4hrs""}",Hyderabad,2025-04-05,Industry Report,3,49090.1,147270.3,C,0.982,3.1,45000,0.25,0.95
SRV-000658,IT Services,Cybersecurity Audit,"{""scope"": ""complete"", ""report"": true, ""remediation"": true}",Delhi,2024-11-18,Dealer Price List,3,346877.02,1040631.06,C,0.952,4.9,300000,0.35,1.1
SRV-000659,Facility Management,Plumbing Services Monthly,"{""scope"": ""complete building"", ""response"": ""24hrs""}",Pune,2025-01-04,GeM Portal,6,13301.94,79811.64,C,0.858,4.3,15000,0.25,1.0
SRV-000660,IT Services,Software AMC,"{""licenses"": 50, ""type"": ""enterprise"", ""support"": ""business hours""}",Kolkata,2025-08-04,Dealer Price List,1,152367.53,152367.53,A,0.971,3.7,150000,0.3,0.9
SRV-000661,Facility Management,Building Management System Annual,"{""floors"": 5, ""monitoring"": true, ""reporting"": true}",Hyderabad,2025-09-11,GeM Portal,12,174642.46,2095709.52,B,0.908,3.7,180000,0.3,0.9
SRV-000662,Facility Management,Building Management System Annual,"{""floors"": 5, ""monitoring"": true, ""reporting"": true}",Hyderabad,2024-12-17,Tender Document,1,164444.61,164444.61,C,0.871,4.3,180000,0.3,1.1
SRV-000663,Professional Services,Training Program 5-Day,"{""participants"": 20, ""topic"": ""IT"", ""certification"": true}",Hyderabad,2025-07-08,Tender Document,12,171112.65,2053351.8,C,0.961,3.4,150000,0.3,0.9
SRV-000664,Professional Services,Document Digitization Project,"{""pages"": 10000, ""scanning"": true, ""indexing"": true}",Bhopal,2026-03-04,State e-Procurement,3,61983.49,185950.47,A,0.889,4.8,50000,0.2,1.0
SRV-000665,Facility Management,Security Guard Services Monthly,"{""guards"": 4, ""shift"": ""24x7"", ""armed"": false}",Delhi,2025-12-16,Previous Purchase Order,1,106919.8,106919.8,A,0.96,3.2,80000,0.25,1.1
SRV-000666,Facility Management,Security Guard Services Monthly,"{""guards"": 4, ""shift"": ""24x7"", ""armed"": false}",Bhopal,2025-01-08,Central Public Procurement Portal,1,91641.66,91641.66,A,0.965,4.7,80000,0.25,1.0
SRV-000667,Facility Management,Building Management System Annual,"{""floors"": 5, ""monitoring"": true, ""reporting"": true}",Lucknow,2026-05-07,Dealer Price List,3,110373.85,331121.55,C,0.981,3.1,180000,0.3,0.95
SRV-000668,Facility Management,Building Management System Annual,"{""floors"": 5, ""monitoring"": true, ""reporting"": true}",Chennai,2024-12-21,Industry Report,1,260543.22,260543.22,A,0.865,3.1,180000,0.3,1.1
SRV-000669,Facility Management,Plumbing Services Monthly,"{""scope"": ""complete building"", ""response"": ""24hrs""}",Bangalore,2026-03-14,GeM Portal,12,16787.6,201451.2,C,0.865,4.5,15000,0.25,1.0
SRV-000670,IT Services,Server Maintenance Annual,"{""servers"": 5, ""support"": ""24x7"", ""response"": ""4hrs""}",Guwahati,2026-01-09,State e-Procurement,12,232567.14,2790805.68,A,0.932,3.3,180000,0.25,1.0
SRV-000671,Professional Services,Annual Maintenance Contract IT,"{""scope"": ""complete IT"", ""support"": ""24x7"", ""spare_parts"": true}",Patna,2025-11-15,Central Public Procurement Portal,3,343220.61,1029661.83,A,0.948,4.1,400000,0.3,1.1
SRV-000672,Professional Services,ERP Implementation,"{""modules"": ""complete"", ""users"": 100, ""customization"": ""moderate""}",Patna,2025-10-17,Industry Report,3,1070180.14,3210540.42,A,0.964,3.9,800000,0.35,1.1
SRV-000673,Facility Management,Plumbing Services Monthly,"{""scope"": ""complete building"", ""response"": ""24hrs""}",Lucknow,2026-02-25,State e-Procurement,3,12183.87,36551.61,B,0.982,4.1,15000,0.25,1.0
SRV-000674,IT Services,Server Maintenance Annual,"{""servers"": 5, ""support"": ""24x7"", ""response"": ""4hrs""}",Chennai,2024-08-29,State e-Procurement,1,215488.6,215488.6,A,0.98,4.1,180000,0.25,0.9
SRV-000675,IT Services,Network Maintenance Annual,"{""scope"": ""complete network"", ""support"": ""24x7"", ""response"": ""4hrs""}",Chennai,2025-05-17,State e-Procurement,3,215908.51,647725.53,C,0.945,3.8,250000,0.3,0.95
SRV-000676,Professional Services,Document Digitization Project,"{""pages"": 10000, ""scanning"": true, ""indexing"": true}",Chandigarh,2025-11-20,State e-Procurement,3,50684.77,152054.31,C,0.908,4.8,50000,0.2,1.1
SRV-000677,Facility Management,Housekeeping Services Monthly,"{""area"": ""5000sqft"", ""staff"": 4, ""frequency"": ""daily""}",Chandigarh,2025-01-15,Dealer Price List,3,38230.49,114691.47,A,0.965,4.7,35000,0.2,1.0
SRV-000678,Facility Management,Security Guard Services Monthly,"{""guards"": 4, ""shift"": ""24x7"", ""armed"": false}",Thiruvananthapuram,2024-12-08,State e-Procurement,12,102270.62,1227247.44,B,0.951,4.7,80000,0.25,1.1
SRV-000679,IT Services,Data Backup Service Monthly,"{""data"": ""5TB"", ""frequency"": ""daily"", ""retention"": ""90 days""}",Ahmedabad,2026-02-11,Online Marketplace,6,21485.07,128910.42,C,0.866,4.7,25000,0.2,1.0
SRV-000680,Professional Services,Document Digitization Project,"{""pages"": 10000, ""scanning"": true, ""indexing"": true}",Jaipur,2025-06-27,Previous Purchase Order,12,42718.68,512624.16,C,0.868,3.2,50000,0.2,0.95
SRV-000681,Facility Management,Pest Control Quarterly,"{""area"": ""5000sqft"", ""type"": ""commercial"", ""guarantee"": ""3 months""}",Delhi,2024-12-16,Tender Document,12,7600.53,91206.36,B,0.955,4.4,8000,0.2,1.1
SRV-000682,Professional Services,ERP Implementation,"{""modules"": ""complete"", ""users"": 100, ""customization"": ""moderate""}",Chennai,2026-06-09,Online Marketplace,1,683574.45,683574.45,B,0.889,4.6,800000,0.35,0.95
SRV-000683,Professional Services,Mobile App Development,"{""platform"": ""both"", ""features"": ""moderate"", ""maintenance"": ""6 months""}",Delhi,2026-07-09,Dealer Price List,1,321098.49,321098.49,C,0.952,3.8,400000,0.4,0.9
SRV-000684,Facility Management,Security Guard Services Monthly,"{""guards"": 4, ""shift"": ""24x7"", ""armed"": false}",Patna,2025-07-29,Vendor Quotation,3,73146.77,219440.31,A,0.968,3.1,80000,0.25,0.9
SRV-000685,Facility Management,Security Guard Services Monthly,"{""guards"": 4, ""shift"": ""24x7"", ""armed"": false}",Patna,2025-09-10,Central Public Procurement Portal,12,89090.53,1069086.36,B,0.941,3.9,80000,0.25,0.9
SRV-000686,Professional Services,Mobile App Development,"{""platform"": ""both"", ""features"": ""moderate"", ""maintenance"": ""6 months""}",Pune,2025-04-04,Central Public Procurement Portal,3,400515.28,1201545.84,C,0.922,5.0,400000,0.4,0.95
SRV-000687,Facility Management,Security Guard Services Monthly,"{""guards"": 4, ""shift"": ""24x7"", ""armed"": false}",Lucknow,2025-10-24,State e-Procurement,12,76351.86,916222.32,B,0.951,3.9,80000,0.25,1.1
SRV-000688,Professional Services,Training Program 5-Day,"{""participants"": 20, ""topic"": ""IT"", ""certification"": true}",Guwahati,2026-01-30,Dealer Price List,3,147349.11,442047.33,C,0.879,3.9,150000,0.3,1.0
SRV-000689,Professional Services,ERP Implementation,"{""modules"": ""complete"", ""users"": 100, ""customization"": ""moderate""}",Chennai,2026-03-12,Tender Document,6,1257484.6,7544907.6,A,0.939,4.2,800000,0.35,1.0
SRV-000690,Facility Management,Security Guard Services Monthly,"{""guards"": 4, ""shift"": ""24x7"", ""armed"": false}",Lucknow,2026-03-02,State e-Procurement,3,90862.27,272586.81,A,0.936,4.0,80000,0.25,1.0
SRV-000691,Professional Services,Annual Maintenance Contract IT,"{""scope"": ""complete IT"", ""support"": ""24x7"", ""spare_parts"": true}",Chennai,2025-03-02,Vendor Quotation,1,291451.5,291451.5,C,0.966,3.3,400000,0.3,1.0
SRV-000692,IT Services,Cybersecurity Audit,"{""scope"": ""complete"", ""report"": true, ""remediation"": true}",Patna,2026-02-19,Industry Report,3,253608.63,760825.89,C,0.958,5.0,300000,0.35,1.0
SRV-000693,IT Services,Software AMC,"{""licenses"": 50, ""type"": ""enterprise"", ""support"": ""business hours""}",Lucknow,2025-07-20,GeM Portal,12,188696.31,2264355.72,A,0.976,3.3,150000,0.3,0.9
SRV-000694,Professional Services,Web Development Project,"{""pages"": 20, ""responsive"": true, ""CMS"": true}",Thiruvananthapuram,2026-07-06,Previous Purchase Order,1,209001.48,209001.48,C,0.973,3.8,200000,0.35,0.9
SRV-000695,Facility Management,Pest Control Quarterly,"{""area"": ""5000sqft"", ""type"": ""commercial"", ""guarantee"": ""3 months""}",Mumbai,2025-10-04,State e-Procurement,3,9237.8,27713.4,B,0.942,3.5,8000,0.2,1.1
SRV-000696,IT Services,Cybersecurity Audit,"{""scope"": ""complete"", ""report"": true, ""remediation"": true}",Bangalore,2025-08-05,Previous Purchase Order,12,191368.95,2296427.4,B,0.912,3.6,300000,0.35,0.9
SRV-000697,Professional Services,Web Development Project,"{""pages"": 20, ""responsive"": true, ""CMS"": true}",Jaipur,2025-01-06,Vendor Quotation,3,213329.09,639987.27,C,0.865,4.8,200000,0.35,1.0
SRV-000698,Professional Services,Document Digitization Project,"{""pages"": 10000, ""scanning"": true, ""indexing"": true}",Hyderabad,2025-11-05,GeM Portal,3,72670.58,218011.74,B,0.954,3.2,50000,0.2,1.1
SRV-000699,Professional Services,Consulting Service Man-Day,"{""domain"": ""IT"", ""level"": ""senior"", ""travel"": true}",Bhopal,2026-01-29,Vendor Quotation,12,21804.05,261648.6,C,0.868,5.0,25000,0.25,1.0
SRV-000700,Facility Management,Housekeeping Services Monthly,"{""area"": ""5000sqft"", ""staff"": 4, ""frequency"": ""daily""}",Hyderabad,2025-09-02,Vendor Quotation,3,29328.08,87984.24,C,0.959,4.8,35000,0.2,0.9
SRV-000701,IT Services,Data Backup Service Monthly,"{""data"": ""5TB"", ""frequency"": ""daily"", ""retention"": ""90 days""}",Jaipur,2025-03-16,Dealer Price List,6,24799.93,148799.58,C,0.944,3.9,25000,0.2,1.0
SRV-000702,Professional Services,Web Development Project,"{""pages"": 20, ""responsive"": true, ""CMS"": true}",Bhopal,2025-09-04,GeM Portal,1,212608.46,212608.46,A,0.863,4.8,200000,0.35,0.9
SRV-000703,Professional Services,Document Digitization Project,"{""pages"": 10000, ""scanning"": true, ""indexing"": true}",Bhopal,2025-09-04,Previous Purchase Order,12,41209.19,494510.28,C,0.856,4.8,50000,0.2,0.9
SRV-000704,Facility Management,Electrical Maintenance Annual,"{""scope"": ""complete"", ""testing"": true, ""certification"": true}",Hyderabad,2025-03-16,GeM Portal,3,45845.76,137537.28,C,0.97,4.6,45000,0.2,1.0
SRV-000705,Facility Management,Building Management System Annual,"{""floors"": 5, ""monitoring"": true, ""reporting"": true}",Patna,2026-04-08,Dealer Price List,3,138599.94,415799.82,A,0.885,4.8,180000,0.3,0.95
SRV-000706,Professional Services,Document Digitization Project,"{""pages"": 10000, ""scanning"": true, ""indexing"": true}",Chandigarh,2026-08-04,Vendor Quotation,12,57400.02,688800.24,A,0.914,3.9,50000,0.2,0.9
SRV-000707,IT Services,Cybersecurity Audit,"{""scope"": ""complete"", ""report"": true, ""remediation"": true}",Pune,2025-01-25,Central Public Procurement Portal,6,265814.29,1594885.74,B,0.88,3.4,300000,0.35,1.0
SRV-000708,Professional Services,Annual Maintenance Contract IT,"{""scope"": ""complete IT"", ""support"": ""24x7"", ""spare_parts"": true}",Kolkata,2024-09-20,Online Marketplace,6,424038.82,2544232.92,B,0.981,3.0,400000,0.3,0.9
SRV-000709,Facility Management,Plumbing Services Monthly,"{""scope"": ""complete building"", ""response"": ""24hrs""}",Chandigarh,2026-02-27,Industry Report,1,10163.83,10163.83,C,0.921,4.0,15000,0.25,1.0
SRV-000710,Facility Management,Electrical Maintenance Annual,"{""scope"": ""complete"", ""testing"": true, ""certification"": true}",Chennai,2024-10-26,Industry Report,6,47094.59,282567.54,B,0.908,4.8,45000,0.2,1.1
SRV-000711,IT Services,Cybersecurity Audit,"{""scope"": ""complete"", ""report"": true, ""remediation"": true}",Chandigarh,2025-01-10,Online Marketplace,3,216637.66,649912.98,A,0.987,4.2,300000,0.35,1.0
SRV-000712,Facility Management,Building Management System Annual,"{""floors"": 5, ""monitoring"": true, ""reporting"": true}",Guwahati,2026-02-23,GeM Portal,3,142399.09,427197.27,B,0.857,4.1,180000,0.3,1.0
SRV-000713,Professional Services,Document Digitization Project,"{""pages"": 10000, ""scanning"": true, ""indexing"": true}",Hyderabad,2024-11-16,Previous Purchase Order,1,58417.39,58417.39,A,0.884,4.3,50000,0.2,1.1
SRV-000714,Professional Services,Document Digitization Project,"{""pages"": 10000, ""scanning"": true, ""indexing"": true}",Delhi,2025-08-20,Industry Report,12,41367.17,496406.04,C,0.861,4.1,50000,0.2,0.9
SRV-000715,IT Services,Data Backup Service Monthly,"{""data"": ""5TB"", ""frequency"": ""daily"", ""retention"": ""90 days""}",Kolkata,2026-03-25,Central Public Procurement Portal,12,29534.12,354409.44,B,0.975,4.2,25000,0.2,1.0
SRV-000716,Facility Management,Garden Maintenance Monthly,"{""area"": ""2000sqft"", ""frequency"": ""weekly"", ""irrigation"": true}",Patna,2026-07-23,Tender Document,6,11910.03,71460.18,C,0.871,5.0,12000,0.25,0.9
SRV-000717,IT Services,Data Backup Service Monthly,"{""data"": ""5TB"", ""frequency"": ""daily"", ""retention"": ""90 days""}",Hyderabad,2025-10-13,Online Marketplace,1,32192.02,32192.02,B,0.922,3.0,25000,0.2,1.1
SRV-000718,IT Services,Server Maintenance Annual,"{""servers"": 5, ""support"": ""24x7"", ""response"": ""4hrs""}",Pune,2026-02-25,Previous Purchase Order,6,244685.93,1468115.58,B,0.863,3.0,180000,0.25,1.0
SRV-000719,IT Services,Data Backup Service Monthly,"{""data"": ""5TB"", ""frequency"": ""daily"", ""retention"": ""90 days""}",Bangalore,2025-06-04,GeM Portal,6,21643.82,129862.92,B,0.936,4.0,25000,0.2,0.95
SRV-000720,Professional Services,Document Digitization Project,"{""pages"": 10000, ""scanning"": true, ""indexing"": true}",Chennai,2025-06-27,State e-Procurement,1,43515.48,43515.48,C,0.922,3.0,50000,0.2,0.95
SRV-000721,Facility Management,Security Guard Services Monthly,"{""guards"": 4, ""shift"": ""24x7"", ""armed"": false}",Kolkata,2024-09-05,GeM Portal,3,60946.76,182840.28,C,0.976,4.5,80000,0.25,0.9
SRV-000722,Facility Management,Housekeeping Services Monthly,"{""area"": ""5000sqft"", ""staff"": 4, ""frequency"": ""daily""}",Hyderabad,2024-08-20,State e-Procurement,3,40779.33,122337.99,B,0.973,4.2,35000,0.2,0.9
SRV-000723,IT Services,Network Maintenance Annual,"{""scope"": ""complete network"", ""support"": ""24x7"", ""response"": ""4hrs""}",Lucknow,2025-09-09,Central Public Procurement Portal,12,196804.74,2361656.88,C,0.881,4.5,250000,0.3,0.9
SRV-000724,Professional Services,Mobile App Development,"{""platform"": ""both"", ""features"": ""moderate"", ""maintenance"": ""6 months""}",Chandigarh,2024-11-23,GeM Portal,6,524031.79,3144190.74,C,0.883,3.4,400000,0.4,1.1
SRV-000725,IT Services,Data Backup Service Monthly,"{""data"": ""5TB"", ""frequency"": ""daily"", ""retention"": ""90 days""}",Mumbai,2026-03-04,State e-Procurement,3,30944.47,92833.41,B,0.955,3.6,25000,0.2,1.0
SRV-000726,Professional Services,Annual Maintenance Contract IT,"{""scope"": ""complete IT"", ""support"": ""24x7"", ""spare_parts"": true}",Thiruvananthapuram,2025-11-09,Online Marketplace,12,376981.41,4523776.92,C,0.904,4.7,400000,0.3,1.1
SRV-000727,Facility Management,Garden Maintenance Monthly,"{""area"": ""2000sqft"", ""frequency"": ""weekly"", ""irrigation"": true}",Jaipur,2026-06-16,Dealer Price List,12,12946.81,155361.72,B,0.932,3.5,12000,0.25,0.95
SRV-000728,Professional Services,Document Digitization Project,"{""pages"": 10000, ""scanning"": true, ""indexing"": true}",Chandigarh,2025-10-25,Online Marketplace,3,64635.75,193907.25,B,0.941,4.9,50000,0.2,1.1
SRV-000729,Professional Services,Training Program 5-Day,"{""participants"": 20, ""topic"": ""IT"", ""certification"": true}",Chandigarh,2026-07-12,Vendor Quotation,1,141489.48,141489.48,B,0.965,4.6,150000,0.3,0.9
SRV-000730,Facility Management,Electrical Maintenance Annual,"{""scope"": ""complete"", ""testing"": true, ""certification"": true}",Mumbai,2026-06-09,GeM Portal,1,41237.79,41237.79,C,0.853,4.5,45000,0.2,0.95
SRV-000731,IT Services,Server Maintenance Annual,"{""servers"": 5, ""support"": ""24x7"", ""response"": ""4hrs""}",Kolkata,2025-02-28,Previous Purchase Order,6,264567.07,1587402.42,A,0.941,4.1,180000,0.25,1.0
SRV-000732,Facility Management,Electrical Maintenance Annual,"{""scope"": ""complete"", ""testing"": true, ""certification"": true}",Chandigarh,2026-04-09,Previous Purchase Order,1,51943.95,51943.95,A,0.971,4.2,45000,0.2,0.95
SRV-000733,Professional Services,Consulting Service Man-Day,"{""domain"": ""IT"", ""level"": ""senior"", ""travel"": true}",Ahmedabad,2024-12-26,Previous Purchase Order,1,28659.32,28659.32,C,0.894,3.5,25000,0.25,1.1
SRV-000734,IT Services,Software AMC,"{""licenses"": 50, ""type"": ""enterprise"", ""support"": ""business hours""}",Kolkata,2026-06-24,Central Public Procurement Portal,1,137391.01,137391.01,C,0.876,4.4,150000,0.3,0.95
SRV-000735,Facility Management,Security Guard Services Monthly,"{""guards"": 4, ""shift"": ""24x7"", ""armed"": false}",Bhopal,2024-09-13,Vendor Quotation,6,75006.11,450036.66,A,0.961,3.1,80000,0.25,0.9
SRV-000736,Professional Services,Mobile App Development,"{""platform"": ""both"", ""features"": ""moderate"", ""maintenance"": ""6 months""}",Delhi,2025-01-13,Previous Purchase Order,3,408379.0,1225137.0,C,0.941,4.9,400000,0.4,1.0
SRV-000737,IT Services,Data Backup Service Monthly,"{""data"": ""5TB"", ""frequency"": ""daily"", ""retention"": ""90 days""}",Pune,2026-06-22,Previous Purchase Order,1,29118.47,29118.47,B,0.977,4.4,25000,0.2,0.95
SRV-000738,IT Services,Network Maintenance Annual,"{""scope"": ""complete network"", ""support"": ""24x7"", ""response"": ""4hrs""}",Delhi,2026-07-08,Dealer Price List,6,177003.67,1062022.02,C,0.972,4.5,250000,0.3,0.9
SRV-000739,Professional Services,Mobile App Development,"{""platform"": ""both"", ""features"": ""moderate"", ""maintenance"": ""6 months""}",Mumbai,2025-08-27,GeM Portal,1,379182.73,379182.73,B,0.971,5.0,400000,0.4,0.9
SRV-000740,IT Services,Network Maintenance Annual,"{""scope"": ""complete network"", ""support"": ""24x7"", ""response"": ""4hrs""}",Hyderabad,2025-03-11,Tender Document,6,344086.0,2064516.0,B,0.909,3.2,250000,0.3,1.0
SRV-000741,IT Services,Cloud Migration Service,"{""scope"": ""complete"", ""data"": ""10TB"", ""downtime"": ""minimal""}",Pune,2025-06-04,GeM Portal,6,431469.83,2588818.98,B,0.901,4.2,500000,0.4,0.95
SRV-000742,Professional Services,Web Development Project,"{""pages"": 20, ""responsive"": true, ""CMS"": true}",Kolkata,2025-11-20,Central Public Procurement Portal,3,249331.63,747994.89,C,0.876,3.6,200000,0.35,1.1
SRV-000743,Facility Management,Housekeeping Services Monthly,"{""area"": ""5000sqft"", ""staff"": 4, ""frequency"": ""daily""}",Hyderabad,2026-07-28,Online Marketplace,6,30165.29,180991.74,C,0.988,4.7,35000,0.2,0.9
SRV-000744,IT Services,Software AMC,"{""licenses"": 50, ""type"": ""enterprise"", ""support"": ""business hours""}",Bhopal,2025-05-07,State e-Procurement,1,140763.22,140763.22,B,0.973,3.7,150000,0.3,0.95
SRV-000745,Professional Services,Mobile App Development,"{""platform"": ""both"", ""features"": ""moderate"", ""maintenance"": ""6 months""}",Mumbai,2025-12-26,Industry Report,12,521760.88,6261130.56,C,0.958,3.9,400000,0.4,1.1
SRV-000746,IT Services,Network Maintenance Annual,"{""scope"": ""complete network"", ""support"": ""24x7"", ""response"": ""4hrs""}",Hyderabad,2026-04-20,Central Public Procurement Portal,12,215169.54,2582034.48,A,0.906,4.5,250000,0.3,0.95
SRV-000747,IT Services,IT Helpdesk Support Monthly,"{""users"": 100, ""response"": ""1hr"", ""resolution"": ""4hrs""}",Bhopal,2026-05-12,Dealer Price List,3,33622.51,100867.53,B,0.942,4.4,45000,0.25,0.95
SRV-000748,Facility Management,Electrical Maintenance Annual,"{""scope"": ""complete"", ""testing"": true, ""certification"": true}",Chennai,2026-04-26,Previous Purchase Order,12,56213.56,674562.72,A,0.875,4.2,45000,0.2,0.95
SRV-000749,IT Services,Data Backup Service Monthly,"{""data"": ""5TB"", ""frequency"": ""daily"", ""retention"": ""90 days""}",Guwahati,2025-09-19,Online Marketplace,6,29117.33,174703.98,A,0.936,4.2,25000,0.2,0.9
SRV-000750,Professional Services,Annual Maintenance Contract IT,"{""scope"": ""complete IT"", ""support"": ""24x7"", ""spare_parts"": true}",Ahmedabad,2025-09-27,State e-Procurement,3,411070.96,1233212.88,B,0.897,4.4,400000,0.3,0.9
SRV-000751,IT Services,IT Helpdesk Support Monthly,"{""users"": 100, ""response"": ""1hr"", ""resolution"": ""4hrs""}",Bhopal,2025-03-28,GeM Portal,12,59801.79,717621.48,A,0.852,4.7,45000,0.25,1.0
SRV-000752,IT Services,Server Maintenance Annual,"{""servers"": 5, ""support"": ""24x7"", ""response"": ""4hrs""}",Bangalore,2025-05-26,GeM Portal,6,177087.22,1062523.32,A,0.969,4.6,180000,0.25,0.95
SRV-000753,Professional Services,Web Development Project,"{""pages"": 20, ""responsive"": true, ""CMS"": true}",Jaipur,2025-09-24,Previous Purchase Order,3,206444.58,619333.74,C,0.982,3.9,200000,0.35,0.9
SRV-000754,Facility Management,Housekeeping Services Monthly,"{""area"": ""5000sqft"", ""staff"": 4, ""frequency"": ""daily""}",Jaipur,2025-05-28,Tender Document,1,31796.67,31796.67,C,0.905,3.7,35000,0.2,0.95
SRV-000755,Professional Services,Consulting Service Man-Day,"{""domain"": ""IT"", ""level"": ""senior"", ""travel"": true}",Pune,2025-09-27,State e-Procurement,3,26874.88,80624.64,A,0.92,4.6,25000,0.25,0.9
SRV-000756,Facility Management,Housekeeping Services Monthly,"{""area"": ""5000sqft"", ""staff"": 4, ""frequency"": ""daily""}",Mumbai,2024-12-30,GeM Portal,3,40029.08,120087.24,C,0.938,3.9,35000,0.2,1.1
SRV-000757,IT Services,IT Helpdesk Support Monthly,"{""users"": 100, ""response"": ""1hr"", ""resolution"": ""4hrs""}",Guwahati,2024-08-26,Central Public Procurement Portal,1,39621.74,39621.74,B,0.965,4.1,45000,0.25,0.9
SRV-000758,IT Services,IT Helpdesk Support Monthly,"{""users"": 100, ""response"": ""1hr"", ""resolution"": ""4hrs""}",Lucknow,2026-04-23,Tender Document,12,56091.93,673103.16,A,0.95,4.1,45000,0.25,0.95
SRV-000759,Professional Services,Web Development Project,"{""pages"": 20, ""responsive"": true, ""CMS"": true}",Thiruvananthapuram,2024-10-10,State e-Procurement,3,233278.96,699836.88,C,0.855,3.1,200000,0.35,1.1
SRV-000760,Professional Services,Consulting Service Man-Day,"{""domain"": ""IT"", ""level"": ""senior"", ""travel"": true}",Ahmedabad,2026-06-01,Previous Purchase Order,6,18802.27,112813.62,B,0.911,3.5,25000,0.25,0.95
SRV-000761,Professional Services,Mobile App Development,"{""platform"": ""both"", ""features"": ""moderate"", ""maintenance"": ""6 months""}",Thiruvananthapuram,2025-11-20,Industry Report,3,549413.98,1648241.94,C,0.926,4.3,400000,0.4,1.1
SRV-000762,Facility Management,Plumbing Services Monthly,"{""scope"": ""complete building"", ""response"": ""24hrs""}",Hyderabad,2026-03-19,GeM Portal,12,14437.52,173250.24,B,0.897,4.4,15000,0.25,1.0
SRV-000763,Facility Management,Plumbing Services Monthly,"{""scope"": ""complete building"", ""response"": ""24hrs""}",Bangalore,2025-12-13,Dealer Price List,12,16146.16,193753.92,C,0.933,4.5,15000,0.25,1.1
SRV-000764,Professional Services,Consulting Service Man-Day,"{""domain"": ""IT"", ""level"": ""senior"", ""travel"": true}",Guwahati,2025-05-28,Online Marketplace,1,18885.64,18885.64,B,0.959,4.1,25000,0.25,0.95
SRV-000765,IT Services,Network Maintenance Annual,"{""scope"": ""complete network"", ""support"": ""24x7"", ""response"": ""4hrs""}",Hyderabad,2026-02-24,Central Public Procurement Portal,3,268336.93,805010.79,C,0.907,3.5,250000,0.3,1.0
SRV-000766,Professional Services,Training Program 5-Day,"{""participants"": 20, ""topic"": ""IT"", ""certification"": true}",Bangalore,2026-02-06,Previous Purchase Order,12,233632.1,2803585.2,A,0.989,4.0,150000,0.3,1.0
SRV-000767,Facility Management,Garden Maintenance Monthly,"{""area"": ""2000sqft"", ""frequency"": ""weekly"", ""irrigation"": true}",Ahmedabad,2025-12-22,Tender Document,12,10215.32,122583.84,C,0.921,3.1,12000,0.25,1.1
SRV-000768,Facility Management,Garden Maintenance Monthly,"{""area"": ""2000sqft"", ""frequency"": ""weekly"", ""irrigation"": true}",Jaipur,2026-08-07,Central Public Procurement Portal,1,12985.76,12985.76,B,0.965,4.5,12000,0.25,0.9
SRV-000769,Professional Services,Document Digitization Project,"{""pages"": 10000, ""scanning"": true, ""indexing"": true}",Patna,2025-12-04,State e-Procurement,3,63157.81,189473.43,A,0.931,5.0,50000,0.2,1.1
SRV-000770,Professional Services,ERP Implementation,"{""modules"": ""complete"", ""users"": 100, ""customization"": ""moderate""}",Mumbai,2026-02-04,Vendor Quotation,1,685929.68,685929.68,C,0.931,5.0,800000,0.35,1.0
SRV-000771,Facility Management,Garden Maintenance Monthly,"{""area"": ""2000sqft"", ""frequency"": ""weekly"", ""irrigation"": true}",Lucknow,2026-06-23,State e-Procurement,3,11941.63,35824.89,C,0.99,4.2,12000,0.25,0.95
SRV-000772,Professional Services,Mobile App Development,"{""platform"": ""both"", ""features"": ""moderate"", ""maintenance"": ""6 months""}",Thiruvananthapuram,2025-07-20,Online Marketplace,12,302399.53,3628794.36,A,0.921,4.4,400000,0.4,0.9
SRV-000773,Professional Services,Mobile App Development,"{""platform"": ""both"", ""features"": ""moderate"", ""maintenance"": ""6 months""}",Delhi,2025-05-19,Central Public Procurement Portal,6,509746.11,3058476.66,A,0.85,4.0,400000,0.4,0.95
SRV-000774,Professional Services,Web Development Project,"{""pages"": 20, ""responsive"": true, ""CMS"": true}",Chandigarh,2025-07-24,State e-Procurement,12,131975.6,1583707.2,C,0.972,3.3,200000,0.35,0.9
SRV-000775,IT Services,Data Backup Service Monthly,"{""data"": ""5TB"", ""frequency"": ""daily"", ""retention"": ""90 days""}",Jaipur,2024-12-26,Online Marketplace,1,29331.02,29331.02,B,0.887,3.7,25000,0.2,1.1
SRV-000776,IT Services,IT Helpdesk Support Monthly,"{""users"": 100, ""response"": ""1hr"", ""resolution"": ""4hrs""}",Delhi,2025-11-14,Tender Document,3,66444.23,199332.69,A,0.884,3.2,45000,0.25,1.1
SRV-000777,Professional Services,Web Development Project,"{""pages"": 20, ""responsive"": true, ""CMS"": true}",Bhopal,2024-10-13,State e-Procurement,12,138302.89,1659634.68,C,0.921,4.3,200000,0.35,1.1
SRV-000778,Facility Management,Garden Maintenance Monthly,"{""area"": ""2000sqft"", ""frequency"": ""weekly"", ""irrigation"": true}",Chennai,2026-07-28,Online Marketplace,12,9937.67,119252.04,C,0.859,4.7,12000,0.25,0.9
SRV-000779,IT Services,IT Helpdesk Support Monthly,"{""users"": 100, ""response"": ""1hr"", ""resolution"": ""4hrs""}",Chennai,2024-12-29,Vendor Quotation,6,59266.92,355601.52,C,0.981,3.7,45000,0.25,1.1
SRV-000780,IT Services,Cloud Migration Service,"{""scope"": ""complete"", ""data"": ""10TB"", ""downtime"": ""minimal""}",Pune,2024-10-29,Online Marketplace,12,568687.27,6824247.24,B,0.869,3.6,500000,0.4,1.1
SRV-000781,IT Services,IT Helpdesk Support Monthly,"{""users"": 100, ""response"": ""1hr"", ""resolution"": ""4hrs""}",Bhopal,2025-08-21,Industry Report,1,36053.0,36053.0,A,0.914,4.1,45000,0.25,0.9
SRV-000782,Professional Services,Web Development Project,"{""pages"": 20, ""responsive"": true, ""CMS"": true}",Hyderabad,2024-09-22,GeM Portal,1,136052.08,136052.08,C,0.951,3.0,200000,0.35,0.9
SRV-000783,Professional Services,Mobile App Development,"{""platform"": ""both"", ""features"": ""moderate"", ""maintenance"": ""6 months""}",Delhi,2024-11-16,Online Marketplace,3,545973.95,1637921.85,C,0.881,4.3,400000,0.4,1.1
SRV-000784,Facility Management,Housekeeping Services Monthly,"{""area"": ""5000sqft"", ""staff"": 4, ""frequency"": ""daily""}",Bhopal,2026-07-13,Tender Document,6,30677.87,184067.22,B,0.858,3.9,35000,0.2,0.9
SRV-000785,Facility Management,Pest Control Quarterly,"{""area"": ""5000sqft"", ""type"": ""commercial"", ""guarantee"": ""3 months""}",Kolkata,2024-12-27,Central Public Procurement Portal,6,9053.2,54319.2,C,0.953,3.2,8000,0.2,1.1
SRV-000786,IT Services,IT Helpdesk Support Monthly,"{""users"": 100, ""response"": ""1hr"", ""resolution"": ""4hrs""}",Bangalore,2026-01-14,Previous Purchase Order,1,41578.37,41578.37,B,0.866,3.9,45000,0.25,1.0
SRV-000787,Facility Management,Housekeeping Services Monthly,"{""area"": ""5000sqft"", ""staff"": 4, ""frequency"": ""daily""}",Hyderabad,2024-09-02,GeM Portal,1,45559.22,45559.22,A,0.954,4.4,35000,0.2,0.9
SRV-000788,Facility Management,Garden Maintenance Monthly,"{""area"": ""2000sqft"", ""frequency"": ""weekly"", ""irrigation"": true}",Mumbai,2024-11-11,Central Public Procurement Portal,1,14957.51,14957.51,C,0.956,4.8,12000,0.25,1.1
SRV-000789,Professional Services,ERP Implementation,"{""modules"": ""complete"", ""users"": 100, ""customization"": ""moderate""}",Lucknow,2026-01-15,Tender Document,12,616045.5,7392546.0,B,0.899,4.9,800000,0.35,1.0
SRV-000790,Professional Services,ERP Implementation,"{""modules"": ""complete"", ""users"": 100, ""customization"": ""moderate""}",Lucknow,2025-12-19,GeM Portal,1,1158261.84,1158261.84,A,0.89,4.1,800000,0.35,1.1
SRV-000791,Facility Management,Garden Maintenance Monthly,"{""area"": ""2000sqft"", ""frequency"": ""weekly"", ""irrigation"": true}",Kolkata,2026-04-19,Central Public Procurement Portal,12,11929.23,143150.76,B,0.9,3.6,12000,0.25,0.95
SRV-000792,Facility Management,Pest Control Quarterly,"{""area"": ""5000sqft"", ""type"": ""commercial"", ""guarantee"": ""3 months""}",Hyderabad,2024-09-08,GeM Portal,1,7819.4,7819.4,C,0.972,3.3,8000,0.2,0.9
SRV-000793,Facility Management,Security Guard Services Monthly,"{""guards"": 4, ""shift"": ""24x7"", ""armed"": false}",Guwahati,2025-09-05,Dealer Price List,3,75260.52,225781.56,C,0.886,3.9,80000,0.25,0.9
SRV-000794,Professional Services,Annual Maintenance Contract IT,"{""scope"": ""complete IT"", ""support"": ""24x7"", ""spare_parts"": true}",Mumbai,2025-05-19,Industry Report,3,516536.79,1549610.37,B,0.878,3.3,400000,0.3,0.95
SRV-000795,IT Services,Cybersecurity Audit,"{""scope"": ""complete"", ""report"": true, ""remediation"": true}",Hyderabad,2025-02-13,GeM Portal,12,364639.44,4375673.28,A,0.99,4.6,300000,0.35,1.0
SRV-000796,IT Services,Server Maintenance Annual,"{""servers"": 5, ""support"": ""24x7"", ""response"": ""4hrs""}",Lucknow,2026-01-12,GeM Portal,12,213931.08,2567172.96,B,0.955,4.8,180000,0.25,1.0
SRV-000797,Facility Management,Electrical Maintenance Annual,"{""scope"": ""complete"", ""testing"": true, ""certification"": true}",Pune,2025-08-15,Dealer Price List,12,38445.67,461348.04,B,0.905,4.8,45000,0.2,0.9
SRV-000798,Facility Management,Building Management System Annual,"{""floors"": 5, ""monitoring"": true, ""reporting"": true}",Chennai,2026-06-03,Industry Report,3,142960.91,428882.73,B,0.953,5.0,180000,0.3,0.95
SRV-000799,Facility Management,Plumbing Services Monthly,"{""scope"": ""complete building"", ""response"": ""24hrs""}",Bhopal,2025-10-31,Dealer Price List,3,20589.86,61769.58,A,0.904,4.1,15000,0.25,1.1
SRV-000800,Facility Management,Housekeeping Services Monthly,"{""area"": ""5000sqft"", ""staff"": 4, ""frequency"": ""daily""}",Jaipur,2026-02-25,Central Public Procurement Portal,12,36444.88,437338.56,A,0.877,3.5,35000,0.2,1.0
SRV-000801,Professional Services,Web Development Project,"{""pages"": 20, ""responsive"": true, ""CMS"": true}",Thiruvananthapuram,2026-01-18,GeM Portal,1,161081.47,161081.47,B,0.927,4.8,200000,0.35,1.0
SRV-000802,IT Services,Network Maintenance Annual,"{""scope"": ""complete network"", ""support"": ""24x7"", ""response"": ""4hrs""}",Delhi,2024-11-07,Vendor Quotation,1,377409.88,377409.88,A,0.858,3.2,250000,0.3,1.1
SRV-000803,Professional Services,Mobile App Development,"{""platform"": ""both"", ""features"": ""moderate"", ""maintenance"": ""6 months""}",Guwahati,2025-11-28,Vendor Quotation,12,385310.1,4623721.2,A,0.886,3.2,400000,0.4,1.1
SRV-000804,IT Services,Cybersecurity Audit,"{""scope"": ""complete"", ""report"": true, ""remediation"": true}",Chandigarh,2025-01-05,GeM Portal,6,276577.3,1659463.8,B,0.932,4.2,300000,0.35,1.0
SRV-000805,Facility Management,Plumbing Services Monthly,"{""scope"": ""complete building"", ""response"": ""24hrs""}",Jaipur,2025-08-21,Tender Document,12,15172.47,182069.64,A,0.897,4.4,15000,0.25,0.9
SRV-000806,Facility Management,Housekeeping Services Monthly,"{""area"": ""5000sqft"", ""staff"": 4, ""frequency"": ""daily""}",Lucknow,2025-03-26,GeM Portal,6,39570.78,237424.68,B,0.898,3.2,35000,0.2,1.0
SRV-000807,Facility Management,Pest Control Quarterly,"{""area"": ""5000sqft"", ""type"": ""commercial"", ""guarantee"": ""3 months""}",Patna,2025-11-04,GeM Portal,6,8891.39,53348.34,A,0.869,3.9,8000,0.2,1.1
SRV-000808,Professional Services,Document Digitization Project,"{""pages"": 10000, ""scanning"": true, ""indexing"": true}",Bhopal,2026-06-03,Online Marketplace,3,40962.77,122888.31,B,0.915,3.4,50000,0.2,0.95
SRV-000809,IT Services,Data Backup Service Monthly,"{""data"": ""5TB"", ""frequency"": ""daily"", ""retention"": ""90 days""}",Bangalore,2024-09-11,Dealer Price List,3,25948.96,77846.88,B,0.928,3.3,25000,0.2,0.9
SRV-000810,Facility Management,Housekeeping Services Monthly,"{""area"": ""5000sqft"", ""staff"": 4, ""frequency"": ""daily""}",Delhi,2025-11-16,Industry Report,1,27733.75,27733.75,C,0.972,4.3,35000,0.2,1.1
SRV-000811,IT Services,Data Backup Service Monthly,"{""data"": ""5TB"", ""frequency"": ""daily"", ""retention"": ""90 days""}",Pune,2026-02-15,GeM Portal,6,21089.47,126536.82,C,0.936,3.9,25000,0.2,1.0
SRV-000812,Facility Management,Pest Control Quarterly,"{""area"": ""5000sqft"", ""type"": ""commercial"", ""guarantee"": ""3 months""}",Bhopal,2024-12-28,Industry Report,1,9367.37,9367.37,A,0.974,3.5,8000,0.2,1.1
SRV-000813,Professional Services,Consulting Service Man-Day,"{""domain"": ""IT"", ""level"": ""senior"", ""travel"": true}",Lucknow,2025-07-22,Industry Report,12,19220.39,230644.68,C,0.896,4.5,25000,0.25,0.9
SRV-000814,Facility Management,Building Management System Annual,"{""floors"": 5, ""monitoring"": true, ""reporting"": true}",Lucknow,2026-02-03,Vendor Quotation,12,202480.43,2429765.16,C,0.969,4.6,180000,0.3,1.0
SRV-000815,Facility Management,Pest Control Quarterly,"{""area"": ""5000sqft"", ""type"": ""commercial"", ""guarantee"": ""3 months""}",Chennai,2025-02-19,Central Public Procurement Portal,3,11772.12,35316.36,A,0.955,5.0,8000,0.2,1.0
SRV-000816,IT Services,Cybersecurity Audit,"{""scope"": ""complete"", ""report"": true, ""remediation"": true}",Kolkata,2025-05-24,Tender Document,1,207811.07,207811.07,B,0.953,4.8,300000,0.35,0.95
SRV-000817,Professional Services,ERP Implementation,"{""modules"": ""complete"", ""users"": 100, ""customization"": ""moderate""}",Kolkata,2026-01-01,Previous Purchase Order,3,1036039.94,3108119.82,C,0.982,4.1,800000,0.35,1.0
SRV-000818,Professional Services,Document Digitization Project,"{""pages"": 10000, ""scanning"": true, ""indexing"": true}",Thiruvananthapuram,2025-12-24,Dealer Price List,1,44152.24,44152.24,B,0.852,4.1,50000,0.2,1.1
SRV-000819,Professional Services,Annual Maintenance Contract IT,"{""scope"": ""complete IT"", ""support"": ""24x7"", ""spare_parts"": true}",Delhi,2025-09-15,Tender Document,6,346018.8,2076112.8,B,0.913,3.8,400000,0.3,0.9
SRV-000820,IT Services,IT Helpdesk Support Monthly,"{""users"": 100, ""response"": ""1hr"", ""resolution"": ""4hrs""}",Bhopal,2024-12-09,Dealer Price List,12,59838.71,718064.52,B,0.9,4.7,45000,0.25,1.1
SRV-000821,Facility Management,Building Management System Annual,"{""floors"": 5, ""monitoring"": true, ""reporting"": true}",Chennai,2025-02-23,Central Public Procurement Portal,3,221264.28,663792.84,C,0.913,4.5,180000,0.3,1.0
SRV-000822,Professional Services,ERP Implementation,"{""modules"": ""complete"", ""users"": 100, ""customization"": ""moderate""}",Bangalore,2026-08-05,GeM Portal,6,982472.35,5894834.1,A,0.864,3.5,800000,0.35,0.9
SRV-000823,Professional Services,Mobile App Development,"{""platform"": ""both"", ""features"": ""moderate"", ""maintenance"": ""6 months""}",Chandigarh,2025-02-14,Dealer Price List,3,281929.12,845787.36,B,0.891,3.5,400000,0.4,1.0
SRV-000824,IT Services,Software AMC,"{""licenses"": 50, ""type"": ""enterprise"", ""support"": ""business hours""}",Pune,2025-09-28,Central Public Procurement Portal,3,184154.03,552462.09,A,0.946,4.9,150000,0.3,0.9
SRV-000825,IT Services,IT Helpdesk Support Monthly,"{""users"": 100, ""response"": ""1hr"", ""resolution"": ""4hrs""}",Guwahati,2025-04-02,Online Marketplace,1,48823.33,48823.33,B,0.952,3.8,45000,0.25,0.95
SRV-000826,Professional Services,Consulting Service Man-Day,"{""domain"": ""IT"", ""level"": ""senior"", ""travel"": true}",Pune,2026-05-20,GeM Portal,12,27045.42,324545.04,A,0.977,3.9,25000,0.25,0.95
SRV-000827,Facility Management,Building Management System Annual,"{""floors"": 5, ""monitoring"": true, ""reporting"": true}",Hyderabad,2024-11-20,Tender Document,3,157730.34,473191.02,B,0.89,3.0,180000,0.3,1.1
SRV-000828,Professional Services,ERP Implementation,"{""modules"": ""complete"", ""users"": 100, ""customization"": ""moderate""}",Bangalore,2025-06-13,Industry Report,3,1016085.34,3048256.02,B,0.946,4.8,800000,0.35,0.95
SRV-000829,Professional Services,Mobile App Development,"{""platform"": ""both"", ""features"": ""moderate"", ""maintenance"": ""6 months""}",Jaipur,2025-12-05,Industry Report,1,409043.87,409043.87,C,0.92,3.6,400000,0.4,1.1
SRV-000830,Professional Services,Document Digitization Project,"{""pages"": 10000, ""scanning"": true, ""indexing"": true}",Kolkata,2024-11-15,Previous Purchase Order,1,57289.58,57289.58,B,0.913,3.3,50000,0.2,1.1
SRV-000831,Professional Services,Mobile App Development,"{""platform"": ""both"", ""features"": ""moderate"", ""maintenance"": ""6 months""}",Patna,2025-07-06,Tender Document,3,267546.71,802640.13,A,0.916,3.9,400000,0.4,0.9
SRV-000832,Professional Services,ERP Implementation,"{""modules"": ""complete"", ""users"": 100, ""customization"": ""moderate""}",Pune,2024-12-09,Online Marketplace,1,1176080.14,1176080.14,A,0.87,4.0,800000,0.35,1.1
SRV-000833,Facility Management,Pest Control Quarterly,"{""area"": ""5000sqft"", ""type"": ""commercial"", ""guarantee"": ""3 months""}",Lucknow,2025-07-14,Tender Document,3,9208.71,27626.13,A,0.872,4.4,8000,0.2,0.9
SRV-000834,Professional Services,Document Digitization Project,"{""pages"": 10000, ""scanning"": true, ""indexing"": true}",Pune,2025-12-31,Industry Report,3,70608.94,211826.82,A,0.871,4.9,50000,0.2,1.1
SRV-000835,IT Services,Software AMC,"{""licenses"": 50, ""type"": ""enterprise"", ""support"": ""business hours""}",Chandigarh,2026-07-27,Vendor Quotation,1,144798.28,144798.28,B,0.969,3.5,150000,0.3,0.9
SRV-000836,Facility Management,Electrical Maintenance Annual,"{""scope"": ""complete"", ""testing"": true, ""certification"": true}",Thiruvananthapuram,2024-11-24,Central Public Procurement Portal,6,59664.41,357986.46,A,0.959,3.8,45000,0.2,1.1
SRV-000837,Professional Services,Consulting Service Man-Day,"{""domain"": ""IT"", ""level"": ""senior"", ""travel"": true}",Bhopal,2025-03-08,Dealer Price List,1,23549.42,23549.42,B,0.942,3.2,25000,0.25,1.0
SRV-000838,IT Services,Software AMC,"{""licenses"": 50, ""type"": ""enterprise"", ""support"": ""business hours""}",Delhi,2024-08-21,Tender Document,3,138677.0,416031.0,C,0.856,3.4,150000,0.3,0.9
SRV-000839,IT Services,Software AMC,"{""licenses"": 50, ""type"": ""enterprise"", ""support"": ""business hours""}",Thiruvananthapuram,2026-06-07,Industry Report,3,172187.72,516563.16,A,0.864,4.9,150000,0.3,0.95
SRV-000840,Professional Services,Document Digitization Project,"{""pages"": 10000, ""scanning"": true, ""indexing"": true}",Bhopal,2025-08-28,Previous Purchase Order,1,51631.13,51631.13,B,0.938,4.6,50000,0.2,0.9
SRV-000841,Professional Services,Mobile App Development,"{""platform"": ""both"", ""features"": ""moderate"", ""maintenance"": ""6 months""}",Chennai,2025-01-22,Dealer Price List,1,507441.68,507441.68,C,0.969,3.4,400000,0.4,1.0
SRV-000842,Facility Management,Plumbing Services Monthly,"{""scope"": ""complete building"", ""response"": ""24hrs""}",Ahmedabad,2026-03-23,Previous Purchase Order,1,14350.07,14350.07,B,0.928,4.4,15000,0.25,1.0
SRV-000843,Facility Management,Building Management System Annual,"{""floors"": 5, ""monitoring"": true, ""reporting"": true}",Patna,2026-01-03,Previous Purchase Order,3,116329.74,348989.22,C,0.891,4.2,180000,0.3,1.0
SRV-000844,IT Services,IT Helpdesk Support Monthly,"{""users"": 100, ""response"": ""1hr"", ""resolution"": ""4hrs""}",Chennai,2024-09-28,Industry Report,1,46648.03,46648.03,A,0.941,3.5,45000,0.25,0.9
SRV-000845,Facility Management,Electrical Maintenance Annual,"{""scope"": ""complete"", ""testing"": true, ""certification"": true}",Pune,2025-05-18,Dealer Price List,6,40838.47,245030.82,B,0.913,3.3,45000,0.2,0.95
SRV-000846,IT Services,Network Maintenance Annual,"{""scope"": ""complete network"", ""support"": ""24x7"", ""response"": ""4hrs""}",Thiruvananthapuram,2026-02-05,Industry Report,6,201560.52,1209363.12,C,0.892,3.2,250000,0.3,1.0
SRV-000847,Facility Management,Building Management System Annual,"{""floors"": 5, ""monitoring"": true, ""reporting"": true}",Patna,2024-08-18,Online Marketplace,3,183215.51,549646.53,A,0.957,4.2,180000,0.3,0.9
SRV-000848,Facility Management,Building Management System Annual,"{""floors"": 5, ""monitoring"": true, ""reporting"": true}",Ahmedabad,2026-01-08,Vendor Quotation,1,215239.47,215239.47,B,0.868,3.9,180000,0.3,1.0
SRV-000849,Facility Management,Security Guard Services Monthly,"{""guards"": 4, ""shift"": ""24x7"", ""armed"": false}",Kolkata,2025-11-04,Dealer Price List,6,114102.16,684612.96,A,0.947,4.5,80000,0.25,1.1
SRV-000850,IT Services,IT Helpdesk Support Monthly,"{""users"": 100, ""response"": ""1hr"", ""resolution"": ""4hrs""}",Pune,2026-03-18,Vendor Quotation,6,46155.29,276931.74,C,0.947,4.4,45000,0.25,1.0
SRV-000851,Facility Management,Garden Maintenance Monthly,"{""area"": ""2000sqft"", ""frequency"": ""weekly"", ""irrigation"": true}",Bhopal,2024-10-31,Central Public Procurement Portal,3,16456.97,49370.91,B,0.947,4.4,12000,0.25,1.1
SRV-000852,Professional Services,ERP Implementation,"{""modules"": ""complete"", ""users"": 100, ""customization"": ""moderate""}",Chandigarh,2025-06-18,Vendor Quotation,6,767880.67,4607284.02,B,0.972,5.0,800000,0.35,0.95
SRV-000853,IT Services,Cloud Migration Service,"{""scope"": ""complete"", ""data"": ""10TB"", ""downtime"": ""minimal""}",Jaipur,2024-09-05,State e-Procurement,6,550456.15,3302736.9,B,0.936,3.2,500000,0.4,0.9
SRV-000854,Professional Services,Training Program 5-Day,"{""participants"": 20, ""topic"": ""IT"", ""certification"": true}",Ahmedabad,2026-06-18,Vendor Quotation,1,161886.2,161886.2,B,0.949,4.6,150000,0.3,0.95
SRV-000855,Facility Management,Building Management System Annual,"{""floors"": 5, ""monitoring"": true, ""reporting"": true}",Patna,2026-07-19,Online Marketplace,12,138057.46,1656689.52,A,0.942,3.6,180000,0.3,0.9
SRV-000856,Professional Services,ERP Implementation,"{""modules"": ""complete"", ""users"": 100, ""customization"": ""moderate""}",Thiruvananthapuram,2024-12-17,Central Public Procurement Portal,6,1040327.09,6241962.54,B,0.884,4.4,800000,0.35,1.1
SRV-000857,IT Services,Data Backup Service Monthly,"{""data"": ""5TB"", ""frequency"": ""daily"", ""retention"": ""90 days""}",Delhi,2024-12-24,GeM Portal,6,27769.41,166616.46,A,0.851,4.3,25000,0.2,1.1
SRV-000858,Facility Management,Plumbing Services Monthly,"{""scope"": ""complete building"", ""response"": ""24hrs""}",Jaipur,2024-09-24,Vendor Quotation,12,10889.57,130674.84,B,0.942,4.9,15000,0.25,0.9
SRV-000859,IT Services,Cloud Migration Service,"{""scope"": ""complete"", ""data"": ""10TB"", ""downtime"": ""minimal""}",Jaipur,2024-11-16,Vendor Quotation,12,680821.39,8169856.68,C,0.883,4.6,500000,0.4,1.1
SRV-000860,Facility Management,Garden Maintenance Monthly,"{""area"": ""2000sqft"", ""frequency"": ""weekly"", ""irrigation"": true}",Pune,2025-11-25,Industry Report,3,15341.36,46024.08,A,0.96,3.1,12000,0.25,1.1
SRV-000861,IT Services,Software AMC,"{""licenses"": 50, ""type"": ""enterprise"", ""support"": ""business hours""}",Ahmedabad,2025-11-02,Central Public Procurement Portal,1,155806.56,155806.56,B,0.897,4.6,150000,0.3,1.1
SRV-000862,IT Services,Cloud Migration Service,"{""scope"": ""complete"", ""data"": ""10TB"", ""downtime"": ""minimal""}",Kolkata,2026-04-10,GeM Portal,3,443824.28,1331472.84,C,0.934,5.0,500000,0.4,0.95
SRV-000863,Facility Management,Building Management System Annual,"{""floors"": 5, ""monitoring"": true, ""reporting"": true}",Hyderabad,2025-09-02,Online Marketplace,3,245881.95,737645.85,A,0.951,4.7,180000,0.3,0.9
SRV-000864,Professional Services,Training Program 5-Day,"{""participants"": 20, ""topic"": ""IT"", ""certification"": true}",Ahmedabad,2025-07-17,Industry Report,12,184040.72,2208488.64,A,0.86,3.6,150000,0.3,0.9
SRV-000865,Facility Management,Building Management System Annual,"{""floors"": 5, ""monitoring"": true, ""reporting"": true}",Kolkata,2024-09-27,Industry Report,1,158031.57,158031.57,B,0.874,4.0,180000,0.3,0.9
SRV-000866,IT Services,IT Helpdesk Support Monthly,"{""users"": 100, ""response"": ""1hr"", ""resolution"": ""4hrs""}",Kolkata,2025-01-09,Tender Document,12,58879.4,706552.8,A,0.943,3.1,45000,0.25,1.0
SRV-000867,Facility Management,Electrical Maintenance Annual,"{""scope"": ""complete"", ""testing"": true, ""certification"": true}",Hyderabad,2025-12-19,Industry Report,6,65139.26,390835.56,B,0.937,4.8,45000,0.2,1.1
SRV-000868,Professional Services,Mobile App Development,"{""platform"": ""both"", ""features"": ""moderate"", ""maintenance"": ""6 months""}",Bangalore,2025-01-03,GeM Portal,12,318658.92,3823907.04,B,0.867,3.8,400000,0.4,1.0
SRV-000869,IT Services,Software AMC,"{""licenses"": 50, ""type"": ""enterprise"", ""support"": ""business hours""}",Kolkata,2025-03-30,Previous Purchase Order,6,148706.2,892237.2,B,0.892,4.3,150000,0.3,1.0
SRV-000870,Professional Services,Document Digitization Project,"{""pages"": 10000, ""scanning"": true, ""indexing"": true}",Bhopal,2024-12-02,Vendor Quotation,1,46874.27,46874.27,C,0.971,4.3,50000,0.2,1.1
SRV-000871,IT Services,Cybersecurity Audit,"{""scope"": ""complete"", ""report"": true, ""remediation"": true}",Bhopal,2025-07-20,Dealer Price List,3,194572.24,583716.72,C,0.897,4.7,300000,0.35,0.9
SRV-000872,Facility Management,Housekeeping Services Monthly,"{""area"": ""5000sqft"", ""staff"": 4, ""frequency"": ""daily""}",Kolkata,2025-03-13,Vendor Quotation,6,33184.26,199105.56,C,0.941,3.7,35000,0.2,1.0
SRV-000873,Professional Services,Mobile App Development,"{""platform"": ""both"", ""features"": ""moderate"", ""maintenance"": ""6 months""}",Guwahati,2025-05-14,Tender Document,6,349106.45,2094638.7,A,0.917,3.4,400000,0.4,0.95
SRV-000874,Professional Services,Consulting Service Man-Day,"{""domain"": ""IT"", ""level"": ""senior"", ""travel"": true}",Chennai,2024-10-20,Previous Purchase Order,6,23320.65,139923.9,C,0.893,3.6,25000,0.25,1.1
SRV-000875,IT Services,Network Maintenance Annual,"{""scope"": ""complete network"", ""support"": ""24x7"", ""response"": ""4hrs""}",Bangalore,2025-12-16,Dealer Price List,6,350526.62,2103159.72,C,0.96,3.1,250000,0.3,1.1
SRV-000876,Facility Management,Pest Control Quarterly,"{""area"": ""5000sqft"", ""type"": ""commercial"", ""guarantee"": ""3 months""}",Guwahati,2025-11-04,State e-Procurement,3,8156.51,24469.53,A,0.964,4.2,8000,0.2,1.1
SRV-000877,Professional Services,Annual Maintenance Contract IT,"{""scope"": ""complete IT"", ""support"": ""24x7"", ""spare_parts"": true}",Kolkata,2026-08-11,Tender Document,12,319785.44,3837425.28,B,0.925,4.7,400000,0.3,0.9
SRV-000878,Professional Services,Consulting Service Man-Day,"{""domain"": ""IT"", ""level"": ""senior"", ""travel"": true}",Pune,2024-11-05,Tender Document,1,21427.88,21427.88,C,0.95,5.0,25000,0.25,1.1
SRV-000879,Professional Services,Document Digitization Project,"{""pages"": 10000, ""scanning"": true, ""indexing"": true}",Ahmedabad,2026-01-26,Online Marketplace,3,56143.2,168429.6,B,0.889,4.4,50000,0.2,1.0
SRV-000880,Facility Management,Security Guard Services Monthly,"{""guards"": 4, ""shift"": ""24x7"", ""armed"": false}",Kolkata,2025-04-29,Dealer Price List,1,106238.93,106238.93,A,0.965,4.8,80000,0.25,0.95
SRV-000881,Facility Management,Garden Maintenance Monthly,"{""area"": ""2000sqft"", ""frequency"": ""weekly"", ""irrigation"": true}",Jaipur,2026-02-01,Dealer Price List,1,9590.58,9590.58,B,0.865,4.6,12000,0.25,1.0
SRV-000882,Facility Management,Garden Maintenance Monthly,"{""area"": ""2000sqft"", ""frequency"": ""weekly"", ""irrigation"": true}",Mumbai,2026-03-11,Online Marketplace,12,12211.65,146539.8,A,0.906,4.6,12000,0.25,1.0
SRV-000883,IT Services,Cloud Migration Service,"{""scope"": ""complete"", ""data"": ""10TB"", ""downtime"": ""minimal""}",Patna,2026-05-23,Dealer Price List,12,366404.18,4396850.16,A,0.944,3.0,500000,0.4,0.95
SRV-000884,IT Services,Network Maintenance Annual,"{""scope"": ""complete network"", ""support"": ""24x7"", ""response"": ""4hrs""}",Kolkata,2024-09-02,GeM Portal,3,168278.35,504835.05,C,0.862,4.7,250000,0.3,0.9
SRV-000885,IT Services,Cybersecurity Audit,"{""scope"": ""complete"", ""report"": true, ""remediation"": true}",Bhopal,2025-07-07,Central Public Procurement Portal,12,338809.33,4065711.96,B,0.956,3.5,300000,0.35,0.9
SRV-000886,Professional Services,Web Development Project,"{""pages"": 20, ""responsive"": true, ""CMS"": true}",Pune,2025-10-04,State e-Procurement,12,214989.43,2579873.16,C,0.889,4.0,200000,0.35,1.1
SRV-000887,Professional Services,Document Digitization Project,"{""pages"": 10000, ""scanning"": true, ""indexing"": true}",Jaipur,2025-01-04,Tender Document,12,49230.25,590763.0,C,0.863,3.6,50000,0.2,1.0
SRV-000888,Facility Management,Garden Maintenance Monthly,"{""area"": ""2000sqft"", ""frequency"": ""weekly"", ""irrigation"": true}",Bangalore,2025-03-22,Central Public Procurement Portal,3,17503.76,52511.28,A,0.981,5.0,12000,0.25,1.0
SRV-000889,Facility Management,Garden Maintenance Monthly,"{""area"": ""2000sqft"", ""frequency"": ""weekly"", ""irrigation"": true}",Lucknow,2026-04-12,State e-Procurement,12,11551.96,138623.52,B,0.89,4.6,12000,0.25,0.95
SRV-000890,Facility Management,Plumbing Services Monthly,"{""scope"": ""complete building"", ""response"": ""24hrs""}",Patna,2025-06-11,Tender Document,1,11822.59,11822.59,B,0.885,4.6,15000,0.25,0.95
SRV-000891,Professional Services,Training Program 5-Day,"{""participants"": 20, ""topic"": ""IT"", ""certification"": true}",Mumbai,2025-05-22,Online Marketplace,6,161068.2,966409.2,A,0.941,4.5,150000,0.3,0.95
SRV-000892,Professional Services,Document Digitization Project,"{""pages"": 10000, ""scanning"": true, ""indexing"": true}",Lucknow,2025-05-04,Industry Report,3,36338.72,109016.16,C,0.889,3.4,50000,0.2,0.95
SRV-000893,Facility Management,Garden Maintenance Monthly,"{""area"": ""2000sqft"", ""frequency"": ""weekly"", ""irrigation"": true}",Jaipur,2024-09-09,Industry Report,3,11166.34,33499.02,A,0.957,4.4,12000,0.25,0.9
SRV-000894,Facility Management,Security Guard Services Monthly,"{""guards"": 4, ""shift"": ""24x7"", ""armed"": false}",Lucknow,2026-06-23,Tender Document,3,90393.5,271180.5,A,0.851,3.3,80000,0.25,0.95
SRV-000895,Facility Management,Building Management System Annual,"{""floors"": 5, ""monitoring"": true, ""reporting"": true}",Mumbai,2025-05-23,Vendor Quotation,6,168981.14,1013886.84,A,0.87,3.8,180000,0.3,0.95
SRV-000896,Facility Management,Pest Control Quarterly,"{""area"": ""5000sqft"", ""type"": ""commercial"", ""guarantee"": ""3 months""}",Bangalore,2025-04-16,Previous Purchase Order,1,7806.84,7806.84,A,0.96,4.1,8000,0.2,0.95
SRV-000897,Facility Management,Pest Control Quarterly,"{""area"": ""5000sqft"", ""type"": ""commercial"", ""guarantee"": ""3 months""}",Jaipur,2026-02-14,State e-Procurement,1,7355.76,7355.76,A,0.975,4.9,8000,0.2,1.0
SRV-000898,Professional Services,ERP Implementation,"{""modules"": ""complete"", ""users"": 100, ""customization"": ""moderate""}",Mumbai,2026-05-16,Dealer Price List,1,606721.92,606721.92,C,0.968,4.1,800000,0.35,0.95
SRV-000899,Facility Management,Building Management System Annual,"{""floors"": 5, ""monitoring"": true, ""reporting"": true}",Delhi,2025-05-08,Online Marketplace,12,152872.95,1834475.4,B,0.917,4.0,180000,0.3,0.95
SRV-000900,Professional Services,Consulting Service Man-Day,"{""domain"": ""IT"", ""level"": ""senior"", ""travel"": true}",Chennai,2026-01-16,Central Public Procurement Portal,12,29870.48,358445.76,A,0.954,3.5,25000,0.25,1.0
SRV-000901,Facility Management,Pest Control Quarterly,"{""area"": ""5000sqft"", ""type"": ""commercial"", ""guarantee"": ""3 months""}",Chennai,2026-01-29,Tender Document,12,10183.01,122196.12,A,0.87,3.7,8000,0.2,1.0
SRV-000902,Facility Management,Security Guard Services Monthly,"{""guards"": 4, ""shift"": ""24x7"", ""armed"": false}",Hyderabad,2026-08-10,Industry Report,6,105425.57,632553.42,A,0.88,3.2,80000,0.25,0.9
SRV-000903,IT Services,Server Maintenance Annual,"{""servers"": 5, ""support"": ""24x7"", ""response"": ""4hrs""}",Bhopal,2026-05-20,State e-Procurement,1,189814.24,189814.24,A,0.927,3.7,180000,0.25,0.95
SRV-000904,IT Services,Software AMC,"{""licenses"": 50, ""type"": ""enterprise"", ""support"": ""business hours""}",Kolkata,2025-05-14,Online Marketplace,1,162388.44,162388.44,B,0.87,4.1,150000,0.3,0.95
SRV-000905,Facility Management,Electrical Maintenance Annual,"{""scope"": ""complete"", ""testing"": true, ""certification"": true}",Lucknow,2025-01-11,Industry Report,12,37112.68,445352.16,B,0.973,3.3,45000,0.2,1.0
SRV-000906,IT Services,Server Maintenance Annual,"{""servers"": 5, ""support"": ""24x7"", ""response"": ""4hrs""}",Mumbai,2026-08-17,Dealer Price List,12,191780.49,2301365.88,B,0.906,4.5,180000,0.25,0.9
SRV-000907,Professional Services,Document Digitization Project,"{""pages"": 10000, ""scanning"": true, ""indexing"": true}",Bhopal,2025-08-05,State e-Procurement,3,40491.29,121473.87,C,0.952,4.0,50000,0.2,0.9
SRV-000908,IT Services,Network Maintenance Annual,"{""scope"": ""complete network"", ""support"": ""24x7"", ""response"": ""4hrs""}",Mumbai,2026-01-09,Previous Purchase Order,6,297210.57,1783263.42,B,0.935,4.2,250000,0.3,1.0
SRV-000909,Facility Management,Garden Maintenance Monthly,"{""area"": ""2000sqft"", ""frequency"": ""weekly"", ""irrigation"": true}",Thiruvananthapuram,2025-07-09,Vendor Quotation,3,12361.79,37085.37,B,0.983,3.8,12000,0.25,0.9
SRV-000910,Facility Management,Electrical Maintenance Annual,"{""scope"": ""complete"", ""testing"": true, ""certification"": true}",Pune,2025-06-15,Vendor Quotation,6,41987.1,251922.6,C,0.9,3.8,45000,0.2,0.95
SRV-000911,Professional Services,ERP Implementation,"{""modules"": ""complete"", ""users"": 100, ""customization"": ""moderate""}",Bhopal,2025-01-02,Previous Purchase Order,1,888959.61,888959.61,C,0.922,4.5,800000,0.35,1.0
SRV-000912,IT Services,Data Backup Service Monthly,"{""data"": ""5TB"", ""frequency"": ""daily"", ""retention"": ""90 days""}",Pune,2026-04-05,Vendor Quotation,12,21030.52,252366.24,B,0.976,3.4,25000,0.2,0.95
SRV-000913,IT Services,Cybersecurity Audit,"{""scope"": ""complete"", ""report"": true, ""remediation"": true}",Bangalore,2025-07-28,GeM Portal,1,178555.6,178555.6,C,0.949,3.9,300000,0.35,0.9
SRV-000914,Facility Management,Security Guard Services Monthly,"{""guards"": 4, ""shift"": ""24x7"", ""armed"": false}",Guwahati,2026-03-21,Previous Purchase Order,3,70559.22,211677.66,C,0.944,3.5,80000,0.25,1.0
SRV-000915,IT Services,Network Maintenance Annual,"{""scope"": ""complete network"", ""support"": ""24x7"", ""response"": ""4hrs""}",Lucknow,2025-11-19,State e-Procurement,6,316561.82,1899370.92,B,0.871,3.8,250000,0.3,1.1
SRV-000916,IT Services,Data Backup Service Monthly,"{""data"": ""5TB"", ""frequency"": ""daily"", ""retention"": ""90 days""}",Thiruvananthapuram,2026-06-28,Industry Report,12,25232.08,302784.96,B,0.966,4.6,25000,0.2,0.95
SRV-000917,Professional Services,Mobile App Development,"{""platform"": ""both"", ""features"": ""moderate"", ""maintenance"": ""6 months""}",Delhi,2025-03-22,Vendor Quotation,3,470939.39,1412818.17,B,0.9,3.2,400000,0.4,1.0
SRV-000918,IT Services,Network Maintenance Annual,"{""scope"": ""complete network"", ""support"": ""24x7"", ""response"": ""4hrs""}",Bangalore,2026-01-10,GeM Portal,3,212263.98,636791.94,C,0.97,4.9,250000,0.3,1.0
SRV-000919,Professional Services,Consulting Service Man-Day,"{""domain"": ""IT"", ""level"": ""senior"", ""travel"": true}",Lucknow,2026-02-03,Tender Document,1,17729.87,17729.87,C,0.925,4.3,25000,0.25,1.0
SRV-000920,IT Services,Software AMC,"{""licenses"": 50, ""type"": ""enterprise"", ""support"": ""business hours""}",Patna,2024-10-05,GeM Portal,6,167269.57,1003617.42,C,0.94,4.5,150000,0.3,1.1
SRV-000921,Professional Services,ERP Implementation,"{""modules"": ""complete"", ""users"": 100, ""customization"": ""moderate""}",Kolkata,2025-06-08,Dealer Price List,12,804975.88,9659710.56,A,0.879,3.0,800000,0.35,0.95
SRV-000922,Professional Services,Annual Maintenance Contract IT,"{""scope"": ""complete IT"", ""support"": ""24x7"", ""spare_parts"": true}",Delhi,2025-03-11,Online Marketplace,3,400484.97,1201454.91,A,0.863,3.6,400000,0.3,1.0
SRV-000923,IT Services,Software AMC,"{""licenses"": 50, ""type"": ""enterprise"", ""support"": ""business hours""}",Bhopal,2026-08-12,GeM Portal,6,145385.02,872310.12,B,0.975,4.7,150000,0.3,0.9
SRV-000924,Facility Management,Electrical Maintenance Annual,"{""scope"": ""complete"", ""testing"": true, ""certification"": true}",Delhi,2024-08-31,Central Public Procurement Portal,1,40142.65,40142.65,A,0.869,3.4,45000,0.2,0.9
SRV-000925,Facility Management,Security Guard Services Monthly,"{""guards"": 4, ""shift"": ""24x7"", ""armed"": false}",Patna,2025-06-18,Vendor Quotation,6,103287.24,619723.44,A,0.927,3.4,80000,0.25,0.95
SRV-000926,Facility Management,Pest Control Quarterly,"{""area"": ""5000sqft"", ""type"": ""commercial"", ""guarantee"": ""3 months""}",Chennai,2026-05-06,State e-Procurement,1,8468.05,8468.05,C,0.976,3.5,8000,0.2,0.95
SRV-000927,IT Services,Software AMC,"{""licenses"": 50, ""type"": ""enterprise"", ""support"": ""business hours""}",Kolkata,2024-11-22,Industry Report,3,152953.43,458860.29,C,0.975,4.7,150000,0.3,1.1
SRV-000928,Professional Services,Web Development Project,"{""pages"": 20, ""responsive"": true, ""CMS"": true}",Thiruvananthapuram,2024-12-17,Dealer Price List,1,208305.61,208305.61,C,0.881,3.8,200000,0.35,1.1
SRV-000929,Professional Services,Training Program 5-Day,"{""participants"": 20, ""topic"": ""IT"", ""certification"": true}",Guwahati,2024-12-10,GeM Portal,3,233296.44,699889.32,A,0.935,4.6,150000,0.3,1.1
SRV-000930,Facility Management,Pest Control Quarterly,"{""area"": ""5000sqft"", ""type"": ""commercial"", ""guarantee"": ""3 months""}",Mumbai,2024-10-29,Dealer Price List,6,9513.48,57080.88,B,0.91,4.4,8000,0.2,1.1
SRV-000931,Professional Services,Consulting Service Man-Day,"{""domain"": ""IT"", ""level"": ""senior"", ""travel"": true}",Bangalore,2025-08-06,GeM Portal,6,26207.04,157242.24,C,0.917,3.7,25000,0.25,0.9
SRV-000932,Professional Services,Document Digitization Project,"{""pages"": 10000, ""scanning"": true, ""indexing"": true}",Chennai,2026-07-24,Online Marketplace,1,40345.04,40345.04,C,0.894,4.6,50000,0.2,0.9
SRV-000933,IT Services,Cloud Migration Service,"{""scope"": ""complete"", ""data"": ""10TB"", ""downtime"": ""minimal""}",Guwahati,2026-08-05,Tender Document,1,580277.42,580277.42,A,0.961,4.9,500000,0.4,0.9
SRV-000934,Facility Management,Building Management System Annual,"{""floors"": 5, ""monitoring"": true, ""reporting"": true}",Chandigarh,2025-06-18,Vendor Quotation,12,202023.62,2424283.44,A,0.976,3.3,180000,0.3,0.95
SRV-000935,Facility Management,Security Guard Services Monthly,"{""guards"": 4, ""shift"": ""24x7"", ""armed"": false}",Lucknow,2025-08-11,Previous Purchase Order,3,68905.49,206716.47,C,0.958,3.5,80000,0.25,0.9
SRV-000936,Professional Services,ERP Implementation,"{""modules"": ""complete"", ""users"": 100, ""customization"": ""moderate""}",Patna,2026-01-18,Dealer Price List,1,1028304.34,1028304.34,A,0.959,4.7,800000,0.35,1.0
SRV-000937,IT Services,IT Helpdesk Support Monthly,"{""users"": 100, ""response"": ""1hr"", ""resolution"": ""4hrs""}",Lucknow,2026-07-15,Online Marketplace,6,40381.97,242291.82,A,0.945,3.6,45000,0.25,0.9
SRV-000938,IT Services,Software AMC,"{""licenses"": 50, ""type"": ""enterprise"", ""support"": ""business hours""}",Chennai,2025-08-16,GeM Portal,3,186149.65,558448.95,A,0.934,3.8,150000,0.3,0.9
SRV-000939,Facility Management,Garden Maintenance Monthly,"{""area"": ""2000sqft"", ""frequency"": ""weekly"", ""irrigation"": true}",Bhopal,2025-10-07,State e-Procurement,1,9872.18,9872.18,C,0.875,3.2,12000,0.25,1.1
SRV-000940,Facility Management,Electrical Maintenance Annual,"{""scope"": ""complete"", ""testing"": true, ""certification"": true}",Ahmedabad,2025-11-20,GeM Portal,6,51837.84,311027.04,B,0.969,3.0,45000,0.2,1.1
SRV-000941,Professional Services,Document Digitization Project,"{""pages"": 10000, ""scanning"": true, ""indexing"": true}",Hyderabad,2025-08-19,Industry Report,12,44828.69,537944.28,A,0.953,3.3,50000,0.2,0.9
SRV-000942,Professional Services,Document Digitization Project,"{""pages"": 10000, ""scanning"": true, ""indexing"": true}",Chennai,2025-11-02,State e-Procurement,6,58998.09,353988.54,A,0.906,3.4,50000,0.2,1.1
SRV-000943,Professional Services,Training Program 5-Day,"{""participants"": 20, ""topic"": ""IT"", ""certification"": true}",Thiruvananthapuram,2026-05-08,Previous Purchase Order,3,142886.91,428660.73,A,0.952,4.2,150000,0.3,0.95
SRV-000944,Facility Management,Security Guard Services Monthly,"{""guards"": 4, ""shift"": ""24x7"", ""armed"": false}",Lucknow,2024-11-15,Central Public Procurement Portal,3,76529.19,229587.57,A,0.939,4.0,80000,0.25,1.1
SRV-000945,Professional Services,Document Digitization Project,"{""pages"": 10000, ""scanning"": true, ""indexing"": true}",Thiruvananthapuram,2024-09-07,Central Public Procurement Portal,12,52822.18,633866.16,B,0.891,4.5,50000,0.2,0.9
SRV-000946,Facility Management,Garden Maintenance Monthly,"{""area"": ""2000sqft"", ""frequency"": ""weekly"", ""irrigation"": true}",Chandigarh,2024-11-17,GeM Portal,6,13251.31,79507.86,C,0.881,4.8,12000,0.25,1.1
SRV-000947,IT Services,Network Maintenance Annual,"{""scope"": ""complete network"", ""support"": ""24x7"", ""response"": ""4hrs""}",Jaipur,2024-09-25,Industry Report,12,201428.76,2417145.12,C,0.945,3.3,250000,0.3,0.9
SRV-000948,Professional Services,Document Digitization Project,"{""pages"": 10000, ""scanning"": true, ""indexing"": true}",Delhi,2024-09-06,Previous Purchase Order,6,44704.52,268227.12,A,0.932,3.6,50000,0.2,0.9
SRV-000949,IT Services,Cybersecurity Audit,"{""scope"": ""complete"", ""report"": true, ""remediation"": true}",Delhi,2025-03-09,GeM Portal,3,269941.96,809825.88,C,0.902,4.3,300000,0.35,1.0
SRV-000950,Facility Management,Building Management System Annual,"{""floors"": 5, ""monitoring"": true, ""reporting"": true}",Patna,2024-11-07,Tender Document,12,196472.87,2357674.44,B,0.851,4.3,180000,0.3,1.1
SRV-000951,Professional Services,Annual Maintenance Contract IT,"{""scope"": ""complete IT"", ""support"": ""24x7"", ""spare_parts"": true}",Chennai,2026-07-03,Tender Document,12,409269.86,4911238.32,A,0.863,3.4,400000,0.3,0.9
SRV-000952,IT Services,Server Maintenance Annual,"{""servers"": 5, ""support"": ""24x7"", ""response"": ""4hrs""}",Ahmedabad,2026-01-19,Dealer Price List,3,170653.46,511960.38,A,0.981,3.9,180000,0.25,1.0
SRV-000953,IT Services,Software AMC,"{""licenses"": 50, ""type"": ""enterprise"", ""support"": ""business hours""}",Jaipur,2025-06-25,Tender Document,6,93011.97,558071.82,C,0.869,3.2,150000,0.3,0.95
SRV-000954,Professional Services,ERP Implementation,"{""modules"": ""complete"", ""users"": 100, ""customization"": ""moderate""}",Chennai,2025-05-08,GeM Portal,12,862707.99,10352495.88,B,0.92,3.7,800000,0.35,0.95
SRV-000955,Professional Services,Web Development Project,"{""pages"": 20, ""responsive"": true, ""CMS"": true}",Thiruvananthapuram,2025-11-29,Vendor Quotation,6,293476.66,1760859.96,A,0.895,3.9,200000,0.35,1.1
SRV-000956,Professional Services,Document Digitization Project,"{""pages"": 10000, ""scanning"": true, ""indexing"": true}",Mumbai,2026-08-04,Previous Purchase Order,1,53554.99,53554.99,B,0.961,4.3,50000,0.2,0.9
SRV-000957,Professional Services,Web Development Project,"{""pages"": 20, ""responsive"": true, ""CMS"": true}",Jaipur,2025-12-13,Central Public Procurement Portal,12,185599.34,2227192.08,C,0.921,4.9,200000,0.35,1.1
SRV-000958,IT Services,Cloud Migration Service,"{""scope"": ""complete"", ""data"": ""10TB"", ""downtime"": ""minimal""}",Patna,2026-08-16,GeM Portal,6,558998.15,3353988.9,A,0.977,3.4,500000,0.4,0.9
SRV-000959,Professional Services,Annual Maintenance Contract IT,"{""scope"": ""complete IT"", ""support"": ""24x7"", ""spare_parts"": true}",Hyderabad,2024-10-15,Previous Purchase Order,3,546625.24,1639875.72,A,0.895,4.9,400000,0.3,1.1
SRV-000960,Professional Services,Mobile App Development,"{""platform"": ""both"", ""features"": ""moderate"", ""maintenance"": ""6 months""}",Chandigarh,2025-03-18,Previous Purchase Order,1,298171.28,298171.28,A,0.976,3.9,400000,0.4,1.0
SRV-000961,Professional Services,Consulting Service Man-Day,"{""domain"": ""IT"", ""level"": ""senior"", ""travel"": true}",Kolkata,2026-03-02,Industry Report,6,22385.57,134313.42,B,0.885,3.0,25000,0.25,1.0
SRV-000962,IT Services,Data Backup Service Monthly,"{""data"": ""5TB"", ""frequency"": ""daily"", ""retention"": ""90 days""}",Lucknow,2026-03-22,Online Marketplace,6,21358.07,128148.42,B,0.942,5.0,25000,0.2,1.0
SRV-000963,Facility Management,Housekeeping Services Monthly,"{""area"": ""5000sqft"", ""staff"": 4, ""frequency"": ""daily""}",Kolkata,2026-05-07,Previous Purchase Order,12,33862.22,406346.64,A,0.875,4.5,35000,0.2,0.95
SRV-000964,IT Services,Network Maintenance Annual,"{""scope"": ""complete network"", ""support"": ""24x7"", ""response"": ""4hrs""}",Patna,2024-11-30,GeM Portal,3,233177.69,699533.07,A,0.884,3.4,250000,0.3,1.1
SRV-000965,IT Services,Software AMC,"{""licenses"": 50, ""type"": ""enterprise"", ""support"": ""business hours""}",Bangalore,2026-04-30,Previous Purchase Order,12,167174.93,2006099.16,B,0.922,3.1,150000,0.3,0.95
SRV-000966,IT Services,Network Maintenance Annual,"{""scope"": ""complete network"", ""support"": ""24x7"", ""response"": ""4hrs""}",Mumbai,2025-03-09,Previous Purchase Order,3,322498.1,967494.3,A,0.869,3.1,250000,0.3,1.0
SRV-000967,Facility Management,Building Management System Annual,"{""floors"": 5, ""monitoring"": true, ""reporting"": true}",Bhopal,2024-12-13,GeM Portal,6,160911.56,965469.36,B,0.954,4.2,180000,0.3,1.1
SRV-000968,IT Services,Data Backup Service Monthly,"{""data"": ""5TB"", ""frequency"": ""daily"", ""retention"": ""90 days""}",Pune,2026-04-06,Central Public Procurement Portal,12,28539.02,342468.24,A,0.897,4.9,25000,0.2,0.95
SRV-000969,Facility Management,Plumbing Services Monthly,"{""scope"": ""complete building"", ""response"": ""24hrs""}",Lucknow,2025-03-08,Previous Purchase Order,1,14360.16,14360.16,A,0.976,4.2,15000,0.25,1.0
SRV-000970,IT Services,Network Maintenance Annual,"{""scope"": ""complete network"", ""support"": ""24x7"", ""response"": ""4hrs""}",Mumbai,2024-08-22,State e-Procurement,3,210089.32,630267.96,A,0.983,3.8,250000,0.3,0.9
SRV-000971,Professional Services,Web Development Project,"{""pages"": 20, ""responsive"": true, ""CMS"": true}",Mumbai,2025-05-10,Online Marketplace,12,230722.57,2768670.84,C,0.93,4.7,200000,0.35,0.95
SRV-000972,Facility Management,Pest Control Quarterly,"{""area"": ""5000sqft"", ""type"": ""commercial"", ""guarantee"": ""3 months""}",Chandigarh,2024-10-21,Online Marketplace,3,10280.82,30842.46,B,0.918,4.3,8000,0.2,1.1
SRV-000973,IT Services,Server Maintenance Annual,"{""servers"": 5, ""support"": ""24x7"", ""response"": ""4hrs""}",Jaipur,2025-07-17,Vendor Quotation,6,109567.25,657403.5,C,0.885,3.6,180000,0.25,0.9
SRV-000974,IT Services,Software AMC,"{""licenses"": 50, ""type"": ""enterprise"", ""support"": ""business hours""}",Chennai,2025-11-03,Previous Purchase Order,3,134482.96,403448.88,B,0.895,4.9,150000,0.3,1.1
SRV-000975,IT Services,IT Helpdesk Support Monthly,"{""users"": 100, ""response"": ""1hr"", ""resolution"": ""4hrs""}",Jaipur,2025-04-07,GeM Portal,1,46353.88,46353.88,B,0.91,5.0,45000,0.25,0.95
SRV-000976,Facility Management,Security Guard Services Monthly,"{""guards"": 4, ""shift"": ""24x7"", ""armed"": false}",Jaipur,2025-09-02,GeM Portal,6,53564.73,321388.38,C,0.917,4.3,80000,0.25,0.9
SRV-000977,IT Services,Cybersecurity Audit,"{""scope"": ""complete"", ""report"": true, ""remediation"": true}",Thiruvananthapuram,2026-03-06,Previous Purchase Order,1,186004.74,186004.74,C,0.95,3.2,300000,0.35,1.0
SRV-000978,Facility Management,Electrical Maintenance Annual,"{""scope"": ""complete"", ""testing"": true, ""certification"": true}",Chennai,2026-03-15,Online Marketplace,12,41066.54,492798.48,B,0.98,4.4,45000,0.2,1.0
SRV-000979,Facility Management,Security Guard Services Monthly,"{""guards"": 4, ""shift"": ""24x7"", ""armed"": false}",Mumbai,2024-09-01,GeM Portal,12,77206.98,926483.76,C,0.891,4.2,80000,0.25,0.9
SRV-000980,IT Services,Cloud Migration Service,"{""scope"": ""complete"", ""data"": ""10TB"", ""downtime"": ""minimal""}",Kolkata,2026-06-28,Central Public Procurement Portal,1,469310.51,469310.51,B,0.947,3.3,500000,0.4,0.95
SRV-000981,Facility Management,Plumbing Services Monthly,"{""scope"": ""complete building"", ""response"": ""24hrs""}",Ahmedabad,2026-05-24,Tender Document,6,12046.01,72276.06,B,0.964,4.3,15000,0.25,0.95
SRV-000982,Facility Management,Housekeeping Services Monthly,"{""area"": ""5000sqft"", ""staff"": 4, ""frequency"": ""daily""}",Jaipur,2024-12-19,Previous Purchase Order,6,40517.26,243103.56,B,0.909,3.8,35000,0.2,1.1
SRV-000983,IT Services,Cybersecurity Audit,"{""scope"": ""complete"", ""report"": true, ""remediation"": true}",Pune,2025-12-09,Previous Purchase Order,6,378288.68,2269732.08,C,0.921,4.9,300000,0.35,1.1
SRV-000984,IT Services,Server Maintenance Annual,"{""servers"": 5, ""support"": ""24x7"", ""response"": ""4hrs""}",Mumbai,2026-01-27,Dealer Price List,6,265296.72,1591780.32,A,0.965,4.1,180000,0.25,1.0
SRV-000985,IT Services,Software AMC,"{""licenses"": 50, ""type"": ""enterprise"", ""support"": ""business hours""}",Thiruvananthapuram,2025-04-14,Tender Document,3,129154.62,387463.86,C,0.858,4.1,150000,0.3,0.95
SRV-000986,Professional Services,Consulting Service Man-Day,"{""domain"": ""IT"", ""level"": ""senior"", ""travel"": true}",Delhi,2026-07-26,State e-Procurement,1,29707.15,29707.15,A,0.959,4.6,25000,0.25,0.9
SRV-000987,Professional Services,Training Program 5-Day,"{""participants"": 20, ""topic"": ""IT"", ""certification"": true}",Bangalore,2025-10-01,Online Marketplace,3,156867.97,470603.91,A,0.883,3.6,150000,0.3,1.1
SRV-000988,Professional Services,ERP Implementation,"{""modules"": ""complete"", ""users"": 100, ""customization"": ""moderate""}",Bangalore,2025-10-03,GeM Portal,6,908400.89,5450405.34,C,0.928,3.9,800000,0.35,1.1
SRV-000989,Facility Management,Electrical Maintenance Annual,"{""scope"": ""complete"", ""testing"": true, ""certification"": true}",Thiruvananthapuram,2025-12-11,Central Public Procurement Portal,6,49802.49,298814.94,A,0.863,4.8,45000,0.2,1.1
SRV-000990,Facility Management,Building Management System Annual,"{""floors"": 5, ""monitoring"": true, ""reporting"": true}",Guwahati,2026-03-31,Online Marketplace,6,114505.49,687032.94,C,0.85,4.7,180000,0.3,1.0
SRV-000991,IT Services,Network Maintenance Annual,"{""scope"": ""complete network"", ""support"": ""24x7"", ""response"": ""4hrs""}",Chennai,2026-03-30,GeM Portal,1,364343.78,364343.78,B,0.852,3.5,250000,0.3,1.0
SRV-000992,IT Services,Network Maintenance Annual,"{""scope"": ""complete network"", ""support"": ""24x7"", ""response"": ""4hrs""}",Delhi,2026-04-25,Central Public Procurement Portal,1,335208.21,335208.21,A,0.963,4.1,250000,0.3,0.95
SRV-000993,Facility Management,Garden Maintenance Monthly,"{""area"": ""2000sqft"", ""frequency"": ""weekly"", ""irrigation"": true}",Kolkata,2026-02-10,Previous Purchase Order,6,12052.92,72317.52,A,0.853,4.2,12000,0.25,1.0
SRV-000994,IT Services,Cloud Migration Service,"{""scope"": ""complete"", ""data"": ""10TB"", ""downtime"": ""minimal""}",Chandigarh,2025-03-22,Dealer Price List,1,277859.48,277859.48,C,0.989,3.4,500000,0.4,1.0
SRV-000995,Facility Management,Pest Control Quarterly,"{""area"": ""5000sqft"", ""type"": ""commercial"", ""guarantee"": ""3 months""}",Chandigarh,2026-04-04,State e-Procurement,12,8240.55,98886.6,B,0.872,4.1,8000,0.2,0.95
SRV-000996,IT Services,Data Backup Service Monthly,"{""data"": ""5TB"", ""frequency"": ""daily"", ""retention"": ""90 days""}",Bangalore,2026-06-25,Online Marketplace,6,20042.73,120256.38,C,0.932,3.2,25000,0.2,0.95
SRV-000997,Professional Services,Training Program 5-Day,"{""participants"": 20, ""topic"": ""IT"", ""certification"": true}",Pune,2024-11-29,Dealer Price List,12,198359.19,2380310.28,C,0.979,4.8,150000,0.3,1.1
SRV-000998,Professional Services,Mobile App Development,"{""platform"": ""both"", ""features"": ""moderate"", ""maintenance"": ""6 months""}",Hyderabad,2024-09-30,Online Marketplace,12,458013.47,5496161.64,C,0.867,5.0,400000,0.4,0.9
SRV-000999,Professional Services,Annual Maintenance Contract IT,"{""scope"": ""complete IT"", ""support"": ""24x7"", ""spare_parts"": true}",Kolkata,2026-06-14,Central Public Procurement Portal,6,445518.07,2673108.42,A,0.958,3.5,400000,0.3,0.95
SRV-001000,IT Services,IT Helpdesk Support Monthly,"{""users"": 100, ""response"": ""1hr"", ""resolution"": ""4hrs""}",Ahmedabad,2025-10-26,Online Marketplace,12,49611.23,595334.76,C,0.967,4.6,45000,0.25,1.1
SRV-001001,Facility Management,Security Guard Services Monthly,"{""guards"": 4, ""shift"": ""24x7"", ""armed"": false}",Bhopal,2024-08-25,Dealer Price List,3,63865.72,191597.16,B,0.906,3.8,80000,0.25,0.9
SRV-001002,IT Services,Cybersecurity Audit,"{""scope"": ""complete"", ""report"": true, ""remediation"": true}",Pune,2026-07-23,Tender Document,12,314885.53,3778626.36,A,0.913,4.0,300000,0.35,0.9
SRV-001003,IT Services,Network Maintenance Annual,"{""scope"": ""complete network"", ""support"": ""24x7"", ""response"": ""4hrs""}",Lucknow,2025-03-25,Previous Purchase Order,1,254756.35,254756.35,B,0.965,4.0,250000,0.3,1.0
SRV-001004,Professional Services,Annual Maintenance Contract IT,"{""scope"": ""complete IT"", ""support"": ""24x7"", ""spare_parts"": true}",Hyderabad,2026-04-09,State e-Procurement,1,391246.01,391246.01,A,0.962,3.6,400000,0.3,0.95
SRV-001005,IT Services,Server Maintenance Annual,"{""servers"": 5, ""support"": ""24x7"", ""response"": ""4hrs""}",Patna,2026-08-10,Dealer Price List,6,156392.8,938356.8,C,0.871,3.7,180000,0.25,0.9
SRV-001006,IT Services,Server Maintenance Annual,"{""servers"": 5, ""support"": ""24x7"", ""response"": ""4hrs""}",Bhopal,2025-01-12,Industry Report,3,195147.14,585441.42,C,0.978,4.2,180000,0.25,1.0
SRV-001007,IT Services,Data Backup Service Monthly,"{""data"": ""5TB"", ""frequency"": ""daily"", ""retention"": ""90 days""}",Bhopal,2026-01-15,State e-Procurement,1,24321.16,24321.16,C,0.97,4.9,25000,0.2,1.0
SRV-001008,Facility Management,Security Guard Services Monthly,"{""guards"": 4, ""shift"": ""24x7"", ""armed"": false}",Chennai,2025-06-28,Central Public Procurement Portal,12,92007.15,1104085.8,A,0.908,3.1,80000,0.25,0.95
SRV-001009,Facility Management,Plumbing Services Monthly,"{""scope"": ""complete building"", ""response"": ""24hrs""}",Guwahati,2025-10-08,Dealer Price List,6,14276.82,85660.92,C,0.961,4.6,15000,0.25,1.1
SRV-001010,Facility Management,Electrical Maintenance Annual,"{""scope"": ""complete"", ""testing"": true, ""certification"": true}",Ahmedabad,2025-04-06,GeM Portal,1,54405.61,54405.61,A,0.857,4.1,45000,0.2,0.95
SRV-001011,Professional Services,Consulting Service Man-Day,"{""domain"": ""IT"", ""level"": ""senior"", ""travel"": true}",Thiruvananthapuram,2026-06-10,Industry Report,1,20996.98,20996.98,A,0.878,4.8,25000,0.25,0.95
SRV-001012,Facility Management,Garden Maintenance Monthly,"{""area"": ""2000sqft"", ""frequency"": ""weekly"", ""irrigation"": true}",Jaipur,2026-04-09,Dealer Price List,1,12519.88,12519.88,A,0.956,3.1,12000,0.25,0.95
SRV-001013,IT Services,Cloud Migration Service,"{""scope"": ""complete"", ""data"": ""10TB"", ""downtime"": ""minimal""}",Mumbai,2024-10-25,Industry Report,12,573689.59,6884275.08,B,0.869,3.7,500000,0.4,1.1
SRV-001014,IT Services,Server Maintenance Annual,"{""servers"": 5, ""support"": ""24x7"", ""response"": ""4hrs""}",Pune,2026-04-07,Previous Purchase Order,12,164087.2,1969046.4,A,0.986,4.7,180000,0.25,0.95
SRV-001015,IT Services,Data Backup Service Monthly,"{""data"": ""5TB"", ""frequency"": ""daily"", ""retention"": ""90 days""}",Guwahati,2025-09-05,Previous Purchase Order,6,24094.45,144566.7,C,0.968,4.7,25000,0.2,0.9
SRV-001016,Professional Services,Training Program 5-Day,"{""participants"": 20, ""topic"": ""IT"", ""certification"": true}",Bhopal,2025-05-19,Vendor Quotation,6,164008.52,984051.12,A,0.923,3.8,150000,0.3,0.95
SRV-001017,Facility Management,Plumbing Services Monthly,"{""scope"": ""complete building"", ""response"": ""24hrs""}",Jaipur,2025-08-29,Dealer Price List,1,17211.85,17211.85,A,0.875,3.1,15000,0.25,0.9
SRV-001018,Facility Management,Plumbing Services Monthly,"{""scope"": ""complete building"", ""response"": ""24hrs""}",Bhopal,2024-11-14,Dealer Price List,1,22214.64,22214.64,A,0.851,5.0,15000,0.25,1.1
SRV-001019,Facility Management,Electrical Maintenance Annual,"{""scope"": ""complete"", ""testing"": true, ""certification"": true}",Kolkata,2025-11-06,Previous Purchase Order,1,64358.56,64358.56,A,0.948,4.6,45000,0.2,1.1
SRV-001020,IT Services,Data Backup Service Monthly,"{""data"": ""5TB"", ""frequency"": ""daily"", ""retention"": ""90 days""}",Ahmedabad,2025-03-15,Previous Purchase Order,6,20208.26,121249.56,C,0.958,4.6,25000,0.2,1.0
SRV-001021,IT Services,Software AMC,"{""licenses"": 50, ""type"": ""enterprise"", ""support"": ""business hours""}",Kolkata,2025-05-23,Vendor Quotation,3,114867.82,344603.46,C,0.879,3.4,150000,0.3,0.95
SRV-001022,Facility Management,Garden Maintenance Monthly,"{""area"": ""2000sqft"", ""frequency"": ""weekly"", ""irrigation"": true}",Pune,2025-10-29,GeM Portal,12,11597.12,139165.44,B,0.903,4.8,12000,0.25,1.1
SRV-001023,Professional Services,Training Program 5-Day,"{""participants"": 20, ""topic"": ""IT"", ""certification"": true}",Mumbai,2025-02-13,Central Public Procurement Portal,1,125880.96,125880.96,C,0.939,4.8,150000,0.3,1.0
SRV-001024,Facility Management,Housekeeping Services Monthly,"{""area"": ""5000sqft"", ""staff"": 4, ""frequency"": ""daily""}",Jaipur,2025-04-04,State e-Procurement,12,30219.71,362636.52,C,0.902,4.7,35000,0.2,0.95
SRV-001025,Professional Services,Mobile App Development,"{""platform"": ""both"", ""features"": ""moderate"", ""maintenance"": ""6 months""}",Kolkata,2025-05-01,Dealer Price List,12,340990.6,4091887.2,B,0.912,4.6,400000,0.4,0.95
SRV-001026,Facility Management,Electrical Maintenance Annual,"{""scope"": ""complete"", ""testing"": true, ""certification"": true}",Bhopal,2025-07-31,Previous Purchase Order,3,29608.78,88826.34,C,0.932,4.2,45000,0.2,0.9
SRV-001027,Facility Management,Security Guard Services Monthly,"{""guards"": 4, ""shift"": ""24x7"", ""armed"": false}",Bhopal,2024-10-30,Vendor Quotation,1,96170.25,96170.25,C,0.89,3.6,80000,0.25,1.1
SRV-001028,Professional Services,Consulting Service Man-Day,"{""domain"": ""IT"", ""level"": ""senior"", ""travel"": true}",Guwahati,2026-05-03,Tender Document,12,23043.24,276518.88,B,0.9,4.5,25000,0.25,0.95
SRV-001029,Facility Management,Pest Control Quarterly,"{""area"": ""5000sqft"", ""type"": ""commercial"", ""guarantee"": ""3 months""}",Guwahati,2026-04-17,Previous Purchase Order,6,8834.02,53004.12,A,0.956,4.6,8000,0.2,0.95
SRV-001030,Facility Management,Plumbing Services Monthly,"{""scope"": ""complete building"", ""response"": ""24hrs""}",Thiruvananthapuram,2025-09-01,Industry Report,12,14719.61,176635.32,C,0.91,5.0,15000,0.25,0.9
SRV-001031,Professional Services,Training Program 5-Day,"{""participants"": 20, ""topic"": ""IT"", ""certification"": true}",Chandigarh,2025-05-04,GeM Portal,1,106370.1,106370.1,C,0.95,4.1,150000,0.3,0.95
SRV-001032,Facility Management,Garden Maintenance Monthly,"{""area"": ""2000sqft"", ""frequency"": ""weekly"", ""irrigation"": true}",Chandigarh,2025-10-06,GeM Portal,6,13762.39,82574.34,C,0.917,4.6,12000,0.25,1.1
SRV-001033,Facility Management,Security Guard Services Monthly,"{""guards"": 4, ""shift"": ""24x7"", ""armed"": false}",Delhi,2026-06-07,GeM Portal,3,92346.41,277039.23,B,0.953,4.6,80000,0.25,0.95
SRV-001034,IT Services,IT Helpdesk Support Monthly,"{""users"": 100, ""response"": ""1hr"", ""resolution"": ""4hrs""}",Patna,2026-05-04,Previous Purchase Order,12,36848.21,442178.52,A,0.879,4.9,45000,0.25,0.95
SRV-001035,IT Services,Software AMC,"{""licenses"": 50, ""type"": ""enterprise"", ""support"": ""business hours""}",Lucknow,2026-04-29,State e-Procurement,3,143115.74,429347.22,C,0.929,3.7,150000,0.3,0.95
SRV-001036,Professional Services,Document Digitization Project,"{""pages"": 10000, ""scanning"": true, ""indexing"": true}",Jaipur,2025-07-23,Industry Report,3,36799.0,110397.0,B,0.902,4.0,50000,0.2,0.9
SRV-001037,Facility Management,Housekeeping Services Monthly,"{""area"": ""5000sqft"", ""staff"": 4, ""frequency"": ""daily""}",Hyderabad,2025-09-02,Industry Report,3,26766.04,80298.12,C,0.921,4.2,35000,0.2,0.9
SRV-001038,Facility Management,Building Management System Annual,"{""floors"": 5, ""monitoring"": true, ""reporting"": true}",Guwahati,2025-03-26,Central Public Procurement Portal,6,151911.14,911466.84,B,0.932,4.8,180000,0.3,1.0
SRV-001039,Professional Services,Consulting Service Man-Day,"{""domain"": ""IT"", ""level"": ""senior"", ""travel"": true}",Hyderabad,2025-09-24,Online Marketplace,12,27732.5,332790.0,A,0.98,3.2,25000,0.25,0.9
SRV-001040,Facility Management,Security Guard Services Monthly,"{""guards"": 4, ""shift"": ""24x7"", ""armed"": false}",Thiruvananthapuram,2026-01-09,Previous Purchase Order,6,63832.46,382994.76,B,0.917,4.2,80000,0.25,1.0
SRV-001041,IT Services,Cybersecurity Audit,"{""scope"": ""complete"", ""report"": true, ""remediation"": true}",Bhopal,2026-03-14,State e-Procurement,3,312879.08,938637.24,A,0.896,4.3,300000,0.35,1.0
SRV-001042,IT Services,Network Maintenance Annual,"{""scope"": ""complete network"", ""support"": ""24x7"", ""response"": ""4hrs""}",Kolkata,2026-08-15,Central Public Procurement Portal,6,180944.41,1085666.46,B,0.882,4.8,250000,0.3,0.9
SRV-001043,Professional Services,Training Program 5-Day,"{""participants"": 20, ""topic"": ""IT"", ""certification"": true}",Delhi,2026-03-06,Dealer Price List,6,114811.33,688867.98,B,0.883,3.5,150000,0.3,1.0
SRV-001044,IT Services,Data Backup Service Monthly,"{""data"": ""5TB"", ""frequency"": ""daily"", ""retention"": ""90 days""}",Delhi,2025-11-06,Central Public Procurement Portal,12,29661.91,355942.92,C,0.851,4.3,25000,0.2,1.1
SRV-001045,Facility Management,Housekeeping Services Monthly,"{""area"": ""5000sqft"", ""staff"": 4, ""frequency"": ""daily""}",Lucknow,2025-05-13,Online Marketplace,12,41983.51,503802.12,A,0.944,3.7,35000,0.2,0.95
SRV-001046,IT Services,Software AMC,"{""licenses"": 50, ""type"": ""enterprise"", ""support"": ""business hours""}",Delhi,2025-01-08,GeM Portal,3,210372.63,631117.89,A,0.975,3.9,150000,0.3,1.0
SRV-001047,IT Services,Data Backup Service Monthly,"{""data"": ""5TB"", ""frequency"": ""daily"", ""retention"": ""90 days""}",Lucknow,2025-07-15,Industry Report,3,20843.96,62531.88,C,0.985,5.0,25000,0.2,0.9
SRV-001048,IT Services,Network Maintenance Annual,"{""scope"": ""complete network"", ""support"": ""24x7"", ""response"": ""4hrs""}",Hyderabad,2025-06-12,GeM Portal,6,235247.4,1411484.4,C,0.892,3.7,250000,0.3,0.95
SRV-001049,IT Services,Cloud Migration Service,"{""scope"": ""complete"", ""data"": ""10TB"", ""downtime"": ""minimal""}",Patna,2024-11-13,Online Marketplace,6,442773.79,2656642.74,A,0.879,4.3,500000,0.4,1.1
SRV-001050,Professional Services,Consulting Service Man-Day,"{""domain"": ""IT"", ""level"": ""senior"", ""travel"": true}",Kolkata,2024-10-02,Previous Purchase Order,3,29669.7,89009.1,B,0.906,3.7,25000,0.25,1.1
SRV-001051,IT Services,Cloud Migration Service,"{""scope"": ""complete"", ""data"": ""10TB"", ""downtime"": ""minimal""}",Kolkata,2026-06-06,Previous Purchase Order,1,824514.76,824514.76,A,0.904,4.8,500000,0.4,0.95
SRV-001052,IT Services,IT Helpdesk Support Monthly,"{""users"": 100, ""response"": ""1hr"", ""resolution"": ""4hrs""}",Patna,2026-07-16,State e-Procurement,12,33582.03,402984.36,C,0.944,4.9,45000,0.25,0.9
SRV-001053,Facility Management,Garden Maintenance Monthly,"{""area"": ""2000sqft"", ""frequency"": ""weekly"", ""irrigation"": true}",Bhopal,2025-10-18,GeM Portal,12,13723.42,164681.04,A,0.945,3.6,12000,0.25,1.1
SRV-001054,IT Services,Server Maintenance Annual,"{""servers"": 5, ""support"": ""24x7"", ""response"": ""4hrs""}",Bangalore,2025-08-12,Central Public Procurement Portal,12,174283.34,2091400.08,A,0.987,3.9,180000,0.25,0.9
SRV-001055,Facility Management,Housekeeping Services Monthly,"{""area"": ""5000sqft"", ""staff"": 4, ""frequency"": ""daily""}",Lucknow,2025-04-21,Online Marketplace,3,35163.51,105490.53,C,0.978,3.5,35000,0.2,0.95
SRV-001056,Professional Services,Training Program 5-Day,"{""participants"": 20, ""topic"": ""IT"", ""certification"": true}",Delhi,2025-03-01,Industry Report,6,141163.75,846982.5,B,0.94,4.0,150000,0.3,1.0
SRV-001057,IT Services,Network Maintenance Annual,"{""scope"": ""complete network"", ""support"": ""24x7"", ""response"": ""4hrs""}",Kolkata,2025-11-15,Vendor Quotation,3,263397.02,790191.06,A,0.955,3.9,250000,0.3,1.1
SRV-001058,IT Services,Cloud Migration Service,"{""scope"": ""complete"", ""data"": ""10TB"", ""downtime"": ""minimal""}",Guwahati,2025-10-29,GeM Portal,1,662193.58,662193.58,A,0.862,4.0,500000,0.4,1.1
SRV-001059,Professional Services,Web Development Project,"{""pages"": 20, ""responsive"": true, ""CMS"": true}",Patna,2025-05-07,Dealer Price List,3,272030.78,816092.34,A,0.976,3.7,200000,0.35,0.95
SRV-001060,IT Services,Cybersecurity Audit,"{""scope"": ""complete"", ""report"": true, ""remediation"": true}",Ahmedabad,2024-11-24,Previous Purchase Order,6,303521.38,1821128.28,C,0.948,3.7,300000,0.35,1.1
SRV-001061,Professional Services,Consulting Service Man-Day,"{""domain"": ""IT"", ""level"": ""senior"", ""travel"": true}",Chennai,2025-04-07,Online Marketplace,3,20451.35,61354.05,B,0.934,3.0,25000,0.25,0.95
SRV-001062,Professional Services,Document Digitization Project,"{""pages"": 10000, ""scanning"": true, ""indexing"": true}",Pune,2026-05-26,GeM Portal,12,42632.08,511584.96,B,0.899,4.1,50000,0.2,0.95
SRV-001063,Professional Services,Document Digitization Project,"{""pages"": 10000, ""scanning"": true, ""indexing"": true}",Ahmedabad,2025-05-14,Tender Document,1,47941.32,47941.32,A,0.889,4.7,50000,0.2,0.95
SRV-001064,IT Services,Network Maintenance Annual,"{""scope"": ""complete network"", ""support"": ""24x7"", ""response"": ""4hrs""}",Mumbai,2026-07-16,Vendor Quotation,6,175238.66,1051431.96,C,0.983,4.3,250000,0.3,0.9
SRV-001065,IT Services,Data Backup Service Monthly,"{""data"": ""5TB"", ""frequency"": ""daily"", ""retention"": ""90 days""}",Patna,2026-01-18,State e-Procurement,3,24454.85,73364.55,C,0.91,3.0,25000,0.2,1.0
SRV-001066,Facility Management,Security Guard Services Monthly,"{""guards"": 4, ""shift"": ""24x7"", ""armed"": false}",Bangalore,2025-04-29,Vendor Quotation,6,90784.13,544704.78,B,0.865,3.9,80000,0.25,0.95
SRV-001067,IT Services,Software AMC,"{""licenses"": 50, ""type"": ""enterprise"", ""support"": ""business hours""}",Kolkata,2026-07-19,Tender Document,3,180532.31,541596.93,B,0.915,3.9,150000,0.3,0.9
SRV-001068,Professional Services,Mobile App Development,"{""platform"": ""both"", ""features"": ""moderate"", ""maintenance"": ""6 months""}",Kolkata,2025-02-01,Previous Purchase Order,12,509038.9,6108466.8,C,0.956,3.7,400000,0.4,1.0
SRV-001069,Professional Services,ERP Implementation,"{""modules"": ""complete"", ""users"": 100, ""customization"": ""moderate""}",Pune,2025-11-06,GeM Portal,3,735608.2,2206824.6,A,0.945,4.4,800000,0.35,1.1
SRV-001070,Facility Management,Housekeeping Services Monthly,"{""area"": ""5000sqft"", ""staff"": 4, ""frequency"": ""daily""}",Pune,2025-09-20,Industry Report,6,36829.54,220977.24,C,0.939,4.1,35000,0.2,0.9
SRV-001071,IT Services,Cloud Migration Service,"{""scope"": ""complete"", ""data"": ""10TB"", ""downtime"": ""minimal""}",Lucknow,2026-01-29,Vendor Quotation,12,324222.68,3890672.16,C,0.915,4.1,500000,0.4,1.0
SRV-001072,IT Services,Server Maintenance Annual,"{""servers"": 5, ""support"": ""24x7"", ""response"": ""4hrs""}",Mumbai,2024-10-01,Previous Purchase Order,1,263648.55,263648.55,B,0.987,4.1,180000,0.25,1.1
SRV-001073,Professional Services,Training Program 5-Day,"{""participants"": 20, ""topic"": ""IT"", ""certification"": true}",Lucknow,2025-10-03,GeM Portal,12,139504.46,1674053.52,B,0.877,3.3,150000,0.3,1.1
SRV-001074,IT Services,Network Maintenance Annual,"{""scope"": ""complete network"", ""support"": ""24x7"", ""response"": ""4hrs""}",Bangalore,2024-10-10,Online Marketplace,6,253063.41,1518380.46,C,0.912,5.0,250000,0.3,1.1
SRV-001075,Facility Management,Pest Control Quarterly,"{""area"": ""5000sqft"", ""type"": ""commercial"", ""guarantee"": ""3 months""}",Mumbai,2025-11-20,GeM Portal,12,11641.1,139693.2,A,0.867,3.9,8000,0.2,1.1
SRV-001076,Facility Management,Building Management System Annual,"{""floors"": 5, ""monitoring"": true, ""reporting"": true}",Delhi,2024-11-24,State e-Procurement,12,155342.97,1864115.64,C,0.975,3.4,180000,0.3,1.1
SRV-001077,Facility Management,Housekeeping Services Monthly,"{""area"": ""5000sqft"", ""staff"": 4, ""frequency"": ""daily""}",Hyderabad,2026-01-20,GeM Portal,12,38167.57,458010.84,B,0.922,4.7,35000,0.2,1.0
SRV-001078,IT Services,Server Maintenance Annual,"{""servers"": 5, ""support"": ""24x7"", ""response"": ""4hrs""}",Ahmedabad,2025-11-11,State e-Procurement,6,171413.86,1028483.16,B,0.903,4.6,180000,0.25,1.1
SRV-001079,Facility Management,Building Management System Annual,"{""floors"": 5, ""monitoring"": true, ""reporting"": true}",Pune,2025-10-21,GeM Portal,6,197547.89,1185287.34,C,0.854,4.5,180000,0.3,1.1
SRV-001080,IT Services,Network Maintenance Annual,"{""scope"": ""complete network"", ""support"": ""24x7"", ""response"": ""4hrs""}",Lucknow,2025-06-30,GeM Portal,12,304785.95,3657431.4,B,0.937,4.7,250000,0.3,0.95
SRV-001081,Professional Services,Mobile App Development,"{""platform"": ""both"", ""features"": ""moderate"", ""maintenance"": ""6 months""}",Bangalore,2024-09-28,State e-Procurement,12,391556.34,4698676.08,B,0.852,4.3,400000,0.4,0.9
SRV-001082,Professional Services,Web Development Project,"{""pages"": 20, ""responsive"": true, ""CMS"": true}",Thiruvananthapuram,2026-06-01,Central Public Procurement Portal,6,189083.48,1134500.88,B,0.959,4.4,200000,0.35,0.95
SRV-001083,IT Services,Server Maintenance Annual,"{""servers"": 5, ""support"": ""24x7"", ""response"": ""4hrs""}",Hyderabad,2024-09-20,State e-Procurement,3,221884.38,665653.14,B,0.91,3.6,180000,0.25,0.9
SRV-001084,Professional Services,Web Development Project,"{""pages"": 20, ""responsive"": true, ""CMS"": true}",Pune,2026-03-29,Previous Purchase Order,3,246150.61,738451.83,A,0.856,5.0,200000,0.35,1.0
SRV-001085,Professional Services,Mobile App Development,"{""platform"": ""both"", ""features"": ""moderate"", ""maintenance"": ""6 months""}",Patna,2025-12-09,Industry Report,6,552279.72,3313678.32,C,0.934,3.7,400000,0.4,1.1
SRV-001086,IT Services,Cybersecurity Audit,"{""scope"": ""complete"", ""report"": true, ""remediation"": true}",Ahmedabad,2025-04-16,Industry Report,1,229748.27,229748.27,B,0.889,3.1,300000,0.35,0.95
SRV-001087,Facility Management,Garden Maintenance Monthly,"{""area"": ""2000sqft"", ""frequency"": ""weekly"", ""irrigation"": true}",Hyderabad,2026-03-06,Dealer Price List,6,13762.25,82573.5,A,0.951,3.7,12000,0.25,1.0
SRV-001088,Facility Management,Building Management System Annual,"{""floors"": 5, ""monitoring"": true, ""reporting"": true}",Jaipur,2025-12-20,Tender Document,12,162284.53,1947414.36,B,0.926,4.9,180000,0.3,1.1
SRV-001089,IT Services,Cloud Migration Service,"{""scope"": ""complete"", ""data"": ""10TB"", ""downtime"": ""minimal""}",Lucknow,2026-01-09,Tender Document,6,635857.66,3815145.96,A,0.919,4.6,500000,0.4,1.0
SRV-001090,IT Services,Cybersecurity Audit,"{""scope"": ""complete"", ""report"": true, ""remediation"": true}",Chennai,2025-04-22,Vendor Quotation,3,340771.12,1022313.36,C,0.879,4.7,300000,0.35,0.95
SRV-001091,Facility Management,Building Management System Annual,"{""floors"": 5, ""monitoring"": true, ""reporting"": true}",Chandigarh,2025-08-23,Central Public Procurement Portal,3,128393.76,385181.28,C,0.982,3.6,180000,0.3,0.9
SRV-001092,Facility Management,Garden Maintenance Monthly,"{""area"": ""2000sqft"", ""frequency"": ""weekly"", ""irrigation"": true}",Jaipur,2025-07-23,Online Marketplace,1,11794.48,11794.48,C,0.985,3.3,12000,0.25,0.9
SRV-001093,Professional Services,Web Development Project,"{""pages"": 20, ""responsive"": true, ""CMS"": true}",Ahmedabad,2025-06-17,Industry Report,3,253108.48,759325.44,B,0.862,3.4,200000,0.35,0.95
SRV-001094,IT Services,Network Maintenance Annual,"{""scope"": ""complete network"", ""support"": ""24x7"", ""response"": ""4hrs""}",Delhi,2026-03-25,State e-Procurement,6,241625.32,1449751.92,B,0.989,4.0,250000,0.3,1.0
SRV-001095,IT Services,Cybersecurity Audit,"{""scope"": ""complete"", ""report"": true, ""remediation"": true}",Chennai,2024-10-13,Online Marketplace,6,420696.61,2524179.66,A,0.986,4.6,300000,0.35,1.1
SRV-001096,Facility Management,Building Management System Annual,"{""floors"": 5, ""monitoring"": true, ""reporting"": true}",Delhi,2025-01-22,State e-Procurement,3,165229.5,495688.5,A,0.892,3.2,180000,0.3,1.0
SRV-001097,IT Services,Cloud Migration Service,"{""scope"": ""complete"", ""data"": ""10TB"", ""downtime"": ""minimal""}",Thiruvananthapuram,2025-11-20,Central Public Procurement Portal,1,674914.94,674914.94,A,0.875,3.5,500000,0.4,1.1
SRV-001098,IT Services,IT Helpdesk Support Monthly,"{""users"": 100, ""response"": ""1hr"", ""resolution"": ""4hrs""}",Ahmedabad,2025-05-15,Previous Purchase Order,12,56150.52,673806.24,A,0.896,4.1,45000,0.25,0.95
SRV-001099,Professional Services,Mobile App Development,"{""platform"": ""both"", ""features"": ""moderate"", ""maintenance"": ""6 months""}",Lucknow,2024-11-10,State e-Procurement,12,444337.56,5332050.72,A,0.86,3.7,400000,0.4,1.1
SRV-001100,Professional Services,Document Digitization Project,"{""pages"": 10000, ""scanning"": true, ""indexing"": true}",Jaipur,2025-01-11,Previous Purchase Order,6,48161.36,288968.16,B,0.975,3.6,50000,0.2,1.0
SRV-001101,IT Services,Cloud Migration Service,"{""scope"": ""complete"", ""data"": ""10TB"", ""downtime"": ""minimal""}",Guwahati,2026-04-12,Online Marketplace,3,386200.46,1158601.38,C,0.96,4.5,500000,0.4,0.95
SRV-001102,Professional Services,Document Digitization Project,"{""pages"": 10000, ""scanning"": true, ""indexing"": true}",Thiruvananthapuram,2025-07-10,Vendor Quotation,3,45332.22,135996.66,C,0.984,4.6,50000,0.2,0.9
SRV-001103,IT Services,IT Helpdesk Support Monthly,"{""users"": 100, ""response"": ""1hr"", ""resolution"": ""4hrs""}",Kolkata,2024-09-22,GeM Portal,3,43733.93,131201.79,B,0.921,3.6,45000,0.25,0.9
SRV-001104,Professional Services,Web Development Project,"{""pages"": 20, ""responsive"": true, ""CMS"": true}",Thiruvananthapuram,2024-11-30,Industry Report,1,170684.31,170684.31,C,0.881,3.3,200000,0.35,1.1
SRV-001105,Professional Services,Document Digitization Project,"{""pages"": 10000, ""scanning"": true, ""indexing"": true}",Pune,2024-10-07,Central Public Procurement Portal,1,45688.82,45688.82,C,0.974,4.9,50000,0.2,1.1
SRV-001106,Professional Services,Annual Maintenance Contract IT,"{""scope"": ""complete IT"", ""support"": ""24x7"", ""spare_parts"": true}",Jaipur,2024-12-12,GeM Portal,1,416616.65,416616.65,C,0.968,3.4,400000,0.3,1.1
SRV-001107,Facility Management,Housekeeping Services Monthly,"{""area"": ""5000sqft"", ""staff"": 4, ""frequency"": ""daily""}",Lucknow,2025-12-25,Vendor Quotation,3,44685.78,134057.34,B,0.921,3.1,35000,0.2,1.1
SRV-001108,Facility Management,Security Guard Services Monthly,"{""guards"": 4, ""shift"": ""24x7"", ""armed"": false}",Kolkata,2025-09-15,Previous Purchase Order,3,70254.01,210762.03,A,0.856,3.6,80000,0.25,0.9
SRV-001109,Facility Management,Pest Control Quarterly,"{""area"": ""5000sqft"", ""type"": ""commercial"", ""guarantee"": ""3 months""}",Lucknow,2026-04-01,Previous Purchase Order,12,6262.19,75146.28,B,0.883,3.5,8000,0.2,0.95
SRV-001110,IT Services,IT Helpdesk Support Monthly,"{""users"": 100, ""response"": ""1hr"", ""resolution"": ""4hrs""}",Bangalore,2026-02-16,Dealer Price List,3,66276.58,198829.74,A,0.883,4.4,45000,0.25,1.0
SRV-001111,IT Services,IT Helpdesk Support Monthly,"{""users"": 100, ""response"": ""1hr"", ""resolution"": ""4hrs""}",Hyderabad,2025-12-18,Industry Report,6,69931.38,419588.28,A,0.973,3.7,45000,0.25,1.1
SRV-001112,IT Services,IT Helpdesk Support Monthly,"{""users"": 100, ""response"": ""1hr"", ""resolution"": ""4hrs""}",Mumbai,2024-11-23,Online Marketplace,3,40937.15,122811.45,C,0.935,3.7,45000,0.25,1.1
SRV-001113,IT Services,Cybersecurity Audit,"{""scope"": ""complete"", ""report"": true, ""remediation"": true}",Patna,2025-12-02,Dealer Price List,1,369938.47,369938.47,B,0.883,4.4,300000,0.35,1.1
SRV-001114,IT Services,Data Backup Service Monthly,"{""data"": ""5TB"", ""frequency"": ""daily"", ""retention"": ""90 days""}",Chandigarh,2025-09-06,Online Marketplace,1,19014.25,19014.25,C,0.914,4.1,25000,0.2,0.9
SRV-001115,Facility Management,Housekeeping Services Monthly,"{""area"": ""5000sqft"", ""staff"": 4, ""frequency"": ""daily""}",Jaipur,2026-02-22,Online Marketplace,6,37607.15,225642.9,B,0.883,4.7,35000,0.2,1.0
SRV-001116,IT Services,Server Maintenance Annual,"{""servers"": 5, ""support"": ""24x7"", ""response"": ""4hrs""}",Chennai,2025-06-08,Online Marketplace,1,183521.73,183521.73,C,0.986,4.3,180000,0.25,0.95
SRV-001117,Professional Services,ERP Implementation,"{""modules"": ""complete"", ""users"": 100, ""customization"": ""moderate""}",Guwahati,2025-09-21,Dealer Price List,12,765625.47,9187505.64,A,0.872,4.1,800000,0.35,0.9
SRV-001118,Facility Management,Plumbing Services Monthly,"{""scope"": ""complete building"", ""response"": ""24hrs""}",Kolkata,2026-06-12,Dealer Price List,1,11667.64,11667.64,C,0.907,4.4,15000,0.25,0.95
SRV-001119,Professional Services,Web Development Project,"{""pages"": 20, ""responsive"": true, ""CMS"": true}",Chennai,2024-10-13,State e-Procurement,12,214990.69,2579888.28,A,0.896,3.9,200000,0.35,1.1
SRV-001120,IT Services,Server Maintenance Annual,"{""servers"": 5, ""support"": ""24x7"", ""response"": ""4hrs""}",Bhopal,2024-12-30,Central Public Procurement Portal,1,202465.58,202465.58,C,0.938,3.6,180000,0.25,1.1
SRV-001121,Professional Services,ERP Implementation,"{""modules"": ""complete"", ""users"": 100, ""customization"": ""moderate""}",Pune,2025-08-10,Industry Report,12,787645.58,9451746.96,A,0.933,3.7,800000,0.35,0.9
SRV-001122,IT Services,Cloud Migration Service,"{""scope"": ""complete"", ""data"": ""10TB"", ""downtime"": ""minimal""}",Lucknow,2025-09-04,Tender Document,12,584376.29,7012515.48,A,0.931,3.3,500000,0.4,0.9
SRV-001123,Facility Management,Plumbing Services Monthly,"{""scope"": ""complete building"", ""response"": ""24hrs""}",Guwahati,2024-10-23,Online Marketplace,6,14934.72,89608.32,B,0.881,3.8,15000,0.25,1.1
SRV-001124,Professional Services,Consulting Service Man-Day,"{""domain"": ""IT"", ""level"": ""senior"", ""travel"": true}",Thiruvananthapuram,2024-12-15,Central Public Procurement Portal,12,27719.78,332637.36,B,0.921,4.5,25000,0.25,1.1
SRV-001125,Professional Services,Training Program 5-Day,"{""participants"": 20, ""topic"": ""IT"", ""certification"": true}",Pune,2026-02-11,GeM Portal,3,153643.73,460931.19,A,0.898,3.6,150000,0.3,1.0
SRV-001126,Facility Management,Pest Control Quarterly,"{""area"": ""5000sqft"", ""type"": ""commercial"", ""guarantee"": ""3 months""}",Kolkata,2024-09-15,Industry Report,6,9617.2,57703.2,A,0.903,4.5,8000,0.2,0.9
SRV-001127,IT Services,Cloud Migration Service,"{""scope"": ""complete"", ""data"": ""10TB"", ""downtime"": ""minimal""}",Chandigarh,2025-11-16,GeM Portal,6,790728.2,4744369.2,A,0.957,3.1,500000,0.4,1.1
SRV-001128,IT Services,Software AMC,"{""licenses"": 50, ""type"": ""enterprise"", ""support"": ""business hours""}",Lucknow,2025-06-16,Central Public Procurement Portal,12,187539.05,2250468.6,A,0.958,4.3,150000,0.3,0.95
SRV-001129,IT Services,Network Maintenance Annual,"{""scope"": ""complete network"", ""support"": ""24x7"", ""response"": ""4hrs""}",Ahmedabad,2025-04-25,Dealer Price List,6,274553.19,1647319.14,B,0.987,3.9,250000,0.3,0.95
SRV-001130,IT Services,Server Maintenance Annual,"{""servers"": 5, ""support"": ""24x7"", ""response"": ""4hrs""}",Bangalore,2026-02-09,Central Public Procurement Portal,6,139143.11,834858.66,C,0.857,3.6,180000,0.25,1.0
SRV-001131,IT Services,Data Backup Service Monthly,"{""data"": ""5TB"", ""frequency"": ""daily"", ""retention"": ""90 days""}",Mumbai,2026-02-03,Dealer Price List,1,25166.88,25166.88,C,0.946,4.6,25000,0.2,1.0
SRV-001132,Professional Services,Document Digitization Project,"{""pages"": 10000, ""scanning"": true, ""indexing"": true}",Guwahati,2025-12-23,GeM Portal,12,53249.66,638995.92,B,0.976,3.2,50000,0.2,1.1
SRV-001133,IT Services,Network Maintenance Annual,"{""scope"": ""complete network"", ""support"": ""24x7"", ""response"": ""4hrs""}",Ahmedabad,2026-05-07,Industry Report,3,314562.74,943688.22,A,0.966,3.6,250000,0.3,0.95
SRV-001134,Professional Services,ERP Implementation,"{""modules"": ""complete"", ""users"": 100, ""customization"": ""moderate""}",Jaipur,2025-01-23,Vendor Quotation,1,687280.5,687280.5,B,0.893,4.6,800000,0.35,1.0
SRV-001135,Professional Services,Document Digitization Project,"{""pages"": 10000, ""scanning"": true, ""indexing"": true}",Chennai,2026-02-27,Vendor Quotation,1,61332.04,61332.04,B,0.933,3.3,50000,0.2,1.0
SRV-001136,IT Services,Software AMC,"{""licenses"": 50, ""type"": ""enterprise"", ""support"": ""business hours""}",Hyderabad,2025-09-22,Vendor Quotation,3,167558.32,502674.96,A,0.872,4.9,150000,0.3,0.9
SRV-001137,Facility Management,Plumbing Services Monthly,"{""scope"": ""complete building"", ""response"": ""24hrs""}",Pune,2024-09-29,Vendor Quotation,6,16198.59,97191.54,C,0.875,3.4,15000,0.25,0.9
SRV-001138,IT Services,Network Maintenance Annual,"{""scope"": ""complete network"", ""support"": ""24x7"", ""response"": ""4hrs""}",Bhopal,2026-05-31,Dealer Price List,1,151788.22,151788.22,C,0.951,4.3,250000,0.3,0.95
SRV-001139,Facility Management,Security Guard Services Monthly,"{""guards"": 4, ""shift"": ""24x7"", ""armed"": false}",Patna,2025-08-27,Vendor Quotation,12,60410.36,724924.32,B,0.961,3.6,80000,0.25,0.9
SRV-001140,Professional Services,Web Development Project,"{""pages"": 20, ""responsive"": true, ""CMS"": true}",Bhopal,2025-11-25,Industry Report,3,180168.25,540504.75,A,0.909,3.2,200000,0.35,1.1
SRV-001141,Professional Services,Document Digitization Project,"{""pages"": 10000, ""scanning"": true, ""indexing"": true}",Jaipur,2025-09-21,State e-Procurement,1,40738.39,40738.39,B,0.902,4.7,50000,0.2,0.9
SRV-001142,Facility Management,Building Management System Annual,"{""floors"": 5, ""monitoring"": true, ""reporting"": true}",Pune,2025-01-10,Tender Document,3,254697.85,764093.55,A,0.951,4.1,180000,0.3,1.0
SRV-001143,IT Services,Cloud Migration Service,"{""scope"": ""complete"", ""data"": ""10TB"", ""downtime"": ""minimal""}",Patna,2026-04-04,Tender Document,6,373067.91,2238407.46,C,0.952,4.4,500000,0.4,0.95
SRV-001144,Facility Management,Building Management System Annual,"{""floors"": 5, ""monitoring"": true, ""reporting"": true}",Jaipur,2026-02-22,GeM Portal,6,173575.98,1041455.88,C,0.937,4.4,180000,0.3,1.0
SRV-001145,Facility Management,Garden Maintenance Monthly,"{""area"": ""2000sqft"", ""frequency"": ""weekly"", ""irrigation"": true}",Mumbai,2025-06-17,Tender Document,1,10991.3,10991.3,C,0.873,4.8,12000,0.25,0.95
SRV-001146,Professional Services,Document Digitization Project,"{""pages"": 10000, ""scanning"": true, ""indexing"": true}",Chandigarh,2026-05-23,Tender Document,3,44503.36,133510.08,B,0.868,4.2,50000,0.2,0.95
SRV-001147,Facility Management,Pest Control Quarterly,"{""area"": ""5000sqft"", ""type"": ""commercial"", ""guarantee"": ""3 months""}",Lucknow,2026-05-01,Vendor Quotation,6,7223.0,43338.0,B,0.964,3.9,8000,0.2,0.95
SRV-001148,IT Services,Data Backup Service Monthly,"{""data"": ""5TB"", ""frequency"": ""daily"", ""retention"": ""90 days""}",Pune,2026-05-08,Industry Report,3,30140.43,90421.29,A,0.879,3.8,25000,0.2,0.95
SRV-001149,Professional Services,Training Program 5-Day,"{""participants"": 20, ""topic"": ""IT"", ""certification"": true}",Mumbai,2025-06-20,Vendor Quotation,6,169175.09,1015050.54,B,0.931,5.0,150000,0.3,0.95
SRV-001150,Facility Management,Housekeeping Services Monthly,"{""area"": ""5000sqft"", ""staff"": 4, ""frequency"": ""daily""}",Pune,2025-06-05,Central Public Procurement Portal,6,45006.64,270039.84,A,0.867,3.1,35000,0.2,0.95
SRV-001151,Facility Management,Security Guard Services Monthly,"{""guards"": 4, ""shift"": ""24x7"", ""armed"": false}",Chennai,2024-09-19,Dealer Price List,12,76280.71,915368.52,A,0.924,4.0,80000,0.25,0.9
SRV-001152,Professional Services,Annual Maintenance Contract IT,"{""scope"": ""complete IT"", ""support"": ""24x7"", ""spare_parts"": true}",Bhopal,2025-07-23,Vendor Quotation,1,376210.19,376210.19,B,0.954,4.9,400000,0.3,0.9
SRV-001153,IT Services,Cloud Migration Service,"{""scope"": ""complete"", ""data"": ""10TB"", ""downtime"": ""minimal""}",Bhopal,2025-04-10,Previous Purchase Order,12,680612.13,8167345.56,A,0.867,3.7,500000,0.4,0.95
SRV-001154,Professional Services,Annual Maintenance Contract IT,"{""scope"": ""complete IT"", ""support"": ""24x7"", ""spare_parts"": true}",Patna,2025-12-16,Industry Report,3,413091.01,1239273.03,A,0.875,4.1,400000,0.3,1.1
SRV-001155,IT Services,Cloud Migration Service,"{""scope"": ""complete"", ""data"": ""10TB"", ""downtime"": ""minimal""}",Thiruvananthapuram,2024-12-17,Tender Document,1,573436.34,573436.34,B,0.882,4.4,500000,0.4,1.1
SRV-001156,Professional Services,Document Digitization Project,"{""pages"": 10000, ""scanning"": true, ""indexing"": true}",Pune,2026-03-28,Dealer Price List,12,51755.29,621063.48,C,0.905,4.8,50000,0.2,1.0
SRV-001157,Facility Management,Security Guard Services Monthly,"{""guards"": 4, ""shift"": ""24x7"", ""armed"": false}",Guwahati,2025-11-12,GeM Portal,12,97783.42,1173401.04,A,0.899,3.5,80000,0.25,1.1
SRV-001158,IT Services,Cybersecurity Audit,"{""scope"": ""complete"", ""report"": true, ""remediation"": true}",Chennai,2024-11-26,Central Public Procurement Portal,12,315646.66,3787759.92,A,0.964,3.2,300000,0.35,1.1
SRV-001159,Facility Management,Electrical Maintenance Annual,"{""scope"": ""complete"", ""testing"": true, ""certification"": true}",Patna,2025-10-01,Dealer Price List,12,40848.69,490184.28,C,0.856,4.6,45000,0.2,1.1
SRV-001160,Professional Services,ERP Implementation,"{""modules"": ""complete"", ""users"": 100, ""customization"": ""moderate""}",Ahmedabad,2026-08-04,Previous Purchase Order,3,536578.87,1609736.61,A,0.893,4.1,800000,0.35,0.9
SRV-001161,Professional Services,ERP Implementation,"{""modules"": ""complete"", ""users"": 100, ""customization"": ""moderate""}",Hyderabad,2026-04-17,Vendor Quotation,6,767575.48,4605452.88,B,0.889,4.6,800000,0.35,0.95
SRV-001162,Facility Management,Building Management System Annual,"{""floors"": 5, ""monitoring"": true, ""reporting"": true}",Delhi,2025-07-14,Previous Purchase Order,12,228877.74,2746532.88,A,0.899,3.1,180000,0.3,0.9
SRV-001163,IT Services,Software AMC,"{""licenses"": 50, ""type"": ""enterprise"", ""support"": ""business hours""}",Bhopal,2025-02-10,Vendor Quotation,6,97461.83,584770.98,C,0.956,4.1,150000,0.3,1.0
SRV-001164,IT Services,Server Maintenance Annual,"{""servers"": 5, ""support"": ""24x7"", ""response"": ""4hrs""}",Lucknow,2026-04-12,Dealer Price List,12,195247.17,2342966.04,B,0.948,4.8,180000,0.25,0.95
SRV-001165,Facility Management,Pest Control Quarterly,"{""area"": ""5000sqft"", ""type"": ""commercial"", ""guarantee"": ""3 months""}",Hyderabad,2025-06-16,Dealer Price List,1,8912.83,8912.83,C,0.917,3.6,8000,0.2,0.95
SRV-001166,Professional Services,ERP Implementation,"{""modules"": ""complete"", ""users"": 100, ""customization"": ""moderate""}",Mumbai,2026-04-08,Previous Purchase Order,1,840270.29,840270.29,B,0.935,3.4,800000,0.35,0.95
SRV-001167,Professional Services,ERP Implementation,"{""modules"": ""complete"", ""users"": 100, ""customization"": ""moderate""}",Pune,2025-06-26,Vendor Quotation,1,831070.01,831070.01,C,0.937,3.5,800000,0.35,0.95
SRV-001168,IT Services,Cybersecurity Audit,"{""scope"": ""complete"", ""report"": true, ""remediation"": true}",Hyderabad,2026-03-07,Industry Report,3,275895.46,827686.38,C,0.973,4.0,300000,0.35,1.0
SRV-001169,IT Services,Network Maintenance Annual,"{""scope"": ""complete network"", ""support"": ""24x7"", ""response"": ""4hrs""}",Chennai,2024-11-24,State e-Procurement,12,217844.35,2614132.2,C,0.945,3.4,250000,0.3,1.1
SRV-001170,Facility Management,Electrical Maintenance Annual,"{""scope"": ""complete"", ""testing"": true, ""certification"": true}",Chennai,2026-01-23,Previous Purchase Order,6,59375.08,356250.48,B,0.89,4.3,45000,0.2,1.0
SRV-001171,Professional Services,Consulting Service Man-Day,"{""domain"": ""IT"", ""level"": ""senior"", ""travel"": true}",Mumbai,2025-04-28,Dealer Price List,3,23863.97,71591.91,B,0.893,5.0,25000,0.25,0.95
SRV-001172,Professional Services,ERP Implementation,"{""modules"": ""complete"", ""users"": 100, ""customization"": ""moderate""}",Jaipur,2024-08-28,Online Marketplace,3,695693.67,2087081.01,C,0.968,3.1,800000,0.35,0.9
SRV-001173,IT Services,Software AMC,"{""licenses"": 50, ""type"": ""enterprise"", ""support"": ""business hours""}",Bhopal,2025-12-29,Previous Purchase Order,12,149981.64,1799779.68,B,0.953,4.3,150000,0.3,1.1
SRV-001174,IT Services,Cloud Migration Service,"{""scope"": ""complete"", ""data"": ""10TB"", ""downtime"": ""minimal""}",Pune,2025-03-22,State e-Procurement,1,410035.8,410035.8,B,0.887,4.2,500000,0.4,1.0
SRV-001175,IT Services,Cloud Migration Service,"{""scope"": ""complete"", ""data"": ""10TB"", ""downtime"": ""minimal""}",Thiruvananthapuram,2025-05-28,Central Public Procurement Portal,3,415935.93,1247807.79,B,0.893,3.4,500000,0.4,0.95
SRV-001176,Professional Services,ERP Implementation,"{""modules"": ""complete"", ""users"": 100, ""customization"": ""moderate""}",Lucknow,2025-08-28,Industry Report,6,741564.64,4449387.84,A,0.877,4.9,800000,0.35,0.9
SRV-001177,Facility Management,Building Management System Annual,"{""floors"": 5, ""monitoring"": true, ""reporting"": true}",Delhi,2024-10-06,Online Marketplace,6,141259.33,847555.98,C,0.978,3.9,180000,0.3,1.1
SRV-001178,Professional Services,Annual Maintenance Contract IT,"{""scope"": ""complete IT"", ""support"": ""24x7"", ""spare_parts"": true}",Chandigarh,2024-12-05,State e-Procurement,12,407756.62,4893079.44,B,0.882,4.3,400000,0.3,1.1
SRV-001179,IT Services,IT Helpdesk Support Monthly,"{""users"": 100, ""response"": ""1hr"", ""resolution"": ""4hrs""}",Thiruvananthapuram,2024-12-05,GeM Portal,12,48682.64,584191.68,C,0.915,3.1,45000,0.25,1.1
SRV-001180,Professional Services,Mobile App Development,"{""platform"": ""both"", ""features"": ""moderate"", ""maintenance"": ""6 months""}",Jaipur,2025-09-19,Industry Report,6,432477.83,2594866.98,C,0.987,3.9,400000,0.4,0.9
SRV-001181,IT Services,Cloud Migration Service,"{""scope"": ""complete"", ""data"": ""10TB"", ""downtime"": ""minimal""}",Lucknow,2024-08-31,Vendor Quotation,6,441826.1,2650956.6,C,0.913,3.6,500000,0.4,0.9
SRV-001182,IT Services,Network Maintenance Annual,"{""scope"": ""complete network"", ""support"": ""24x7"", ""response"": ""4hrs""}",Kolkata,2025-11-22,Central Public Procurement Portal,1,247369.78,247369.78,A,0.965,3.0,250000,0.3,1.1
SRV-001183,Facility Management,Pest Control Quarterly,"{""area"": ""5000sqft"", ""type"": ""commercial"", ""guarantee"": ""3 months""}",Kolkata,2025-01-02,GeM Portal,12,9403.64,112843.68,B,0.88,3.4,8000,0.2,1.0
SRV-001184,Facility Management,Security Guard Services Monthly,"{""guards"": 4, ""shift"": ""24x7"", ""armed"": false}",Kolkata,2025-02-01,State e-Procurement,12,97754.13,1173049.56,B,0.877,3.8,80000,0.25,1.0
SRV-001185,Facility Management,Housekeeping Services Monthly,"{""area"": ""5000sqft"", ""staff"": 4, ""frequency"": ""daily""}",Kolkata,2025-08-05,GeM Portal,12,37716.61,452599.32,A,0.937,3.8,35000,0.2,0.9
SRV-001186,Professional Services,Document Digitization Project,"{""pages"": 10000, ""scanning"": true, ""indexing"": true}",Ahmedabad,2026-01-25,GeM Portal,6,50687.76,304126.56,B,0.984,3.2,50000,0.2,1.0
SRV-001187,Facility Management,Garden Maintenance Monthly,"{""area"": ""2000sqft"", ""frequency"": ""weekly"", ""irrigation"": true}",Pune,2026-06-28,Vendor Quotation,12,11157.6,133891.2,B,0.984,3.4,12000,0.25,0.95
SRV-001188,Professional Services,Annual Maintenance Contract IT,"{""scope"": ""complete IT"", ""support"": ""24x7"", ""spare_parts"": true}",Lucknow,2025-09-24,Dealer Price List,1,311677.85,311677.85,A,0.909,3.1,400000,0.3,0.9
SRV-001189,Professional Services,Web Development Project,"{""pages"": 20, ""responsive"": true, ""CMS"": true}",Pune,2026-05-10,Industry Report,6,200487.93,1202927.58,C,0.858,4.0,200000,0.35,0.95
SRV-001190,IT Services,Cloud Migration Service,"{""scope"": ""complete"", ""data"": ""10TB"", ""downtime"": ""minimal""}",Bangalore,2025-11-04,Vendor Quotation,1,821067.99,821067.99,B,0.9,5.0,500000,0.4,1.1
SRV-001191,Facility Management,Plumbing Services Monthly,"{""scope"": ""complete building"", ""response"": ""24hrs""}",Delhi,2026-04-19,Previous Purchase Order,1,13030.0,13030.0,C,0.903,3.8,15000,0.25,0.95
SRV-001192,Facility Management,Housekeeping Services Monthly,"{""area"": ""5000sqft"", ""staff"": 4, ""frequency"": ""daily""}",Jaipur,2025-01-18,State e-Procurement,3,33802.38,101407.14,A,0.922,3.9,35000,0.2,1.0
SRV-001193,IT Services,Cybersecurity Audit,"{""scope"": ""complete"", ""report"": true, ""remediation"": true}",Bangalore,2026-05-20,Industry Report,3,229570.78,688712.34,C,0.894,4.0,300000,0.35,0.95
SRV-001194,Professional Services,Web Development Project,"{""pages"": 20, ""responsive"": true, ""CMS"": true}",Delhi,2024-12-27,State e-Procurement,6,136784.99,820709.94,C,0.872,4.9,200000,0.35,1.1
SRV-001195,IT Services,Network Maintenance Annual,"{""scope"": ""complete network"", ""support"": ""24x7"", ""response"": ""4hrs""}",Thiruvananthapuram,2025-10-11,Central Public Procurement Portal,6,282071.13,1692426.78,B,0.859,4.4,250000,0.3,1.1
SRV-001196,Professional Services,Annual Maintenance Contract IT,"{""scope"": ""complete IT"", ""support"": ""24x7"", ""spare_parts"": true}",Guwahati,2026-02-19,Dealer Price List,1,265349.42,265349.42,C,0.953,4.5,400000,0.3,1.0
SRV-001197,Professional Services,ERP Implementation,"{""modules"": ""complete"", ""users"": 100, ""customization"": ""moderate""}",Hyderabad,2026-04-11,Industry Report,12,1038317.81,12459813.72,A,0.862,4.5,800000,0.35,0.95
SRV-001198,Professional Services,Mobile App Development,"{""platform"": ""both"", ""features"": ""moderate"", ""maintenance"": ""6 months""}",Bhopal,2025-12-03,GeM Portal,12,280902.86,3370834.32,C,0.898,4.9,400000,0.4,1.1
SRV-001199,Facility Management,Garden Maintenance Monthly,"{""area"": ""2000sqft"", ""frequency"": ""weekly"", ""irrigation"": true}",Bhopal,2025-10-02,Previous Purchase Order,6,13218.98,79313.88,B,0.985,3.2,12000,0.25,1.1
SRV-001200,Facility Management,Security Guard Services Monthly,"{""guards"": 4, ""shift"": ""24x7"", ""armed"": false}",Guwahati,2025-12-24,Online Marketplace,3,95713.74,287141.22,A,0.859,4.3,80000,0.25,1.1
SRV-001201,IT Services,IT Helpdesk Support Monthly,"{""users"": 100, ""response"": ""1hr"", ""resolution"": ""4hrs""}",Patna,2025-02-07,Tender Document,12,35520.91,426250.92,B,0.875,3.5,45000,0.25,1.0
SRV-001202,Facility Management,Housekeeping Services Monthly,"{""area"": ""5000sqft"", ""staff"": 4, ""frequency"": ""daily""}",Lucknow,2026-01-18,GeM Portal,6,34634.17,207805.02,C,0.873,4.7,35000,0.2,1.0
SRV-001203,Professional Services,Mobile App Development,"{""platform"": ""both"", ""features"": ""moderate"", ""maintenance"": ""6 months""}",Thiruvananthapuram,2025-01-23,GeM Portal,6,310430.19,1862581.14,A,0.855,3.8,400000,0.4,1.0
SRV-001204,IT Services,Server Maintenance Annual,"{""servers"": 5, ""support"": ""24x7"", ""response"": ""4hrs""}",Delhi,2025-06-12,Central Public Procurement Portal,12,233191.49,2798297.88,A,0.865,3.2,180000,0.25,0.95
SRV-001205,Professional Services,Annual Maintenance Contract IT,"{""scope"": ""complete IT"", ""support"": ""24x7"", ""spare_parts"": true}",Thiruvananthapuram,2024-10-10,Previous Purchase Order,6,455677.16,2734062.96,C,0.894,4.4,400000,0.3,1.1
SRV-001206,Professional Services,Web Development Project,"{""pages"": 20, ""responsive"": true, ""CMS"": true}",Chennai,2024-11-02,Industry Report,3,171439.05,514317.15,C,0.887,3.9,200000,0.35,1.1
SRV-001207,Facility Management,Housekeeping Services Monthly,"{""area"": ""5000sqft"", ""staff"": 4, ""frequency"": ""daily""}",Ahmedabad,2024-11-16,Dealer Price List,3,46908.5,140725.5,A,0.957,4.0,35000,0.2,1.1
SRV-001208,Facility Management,Plumbing Services Monthly,"{""scope"": ""complete building"", ""response"": ""24hrs""}",Chandigarh,2024-08-23,Vendor Quotation,1,14752.36,14752.36,C,0.887,3.5,15000,0.25,0.9
SRV-001209,Professional Services,Annual Maintenance Contract IT,"{""scope"": ""complete IT"", ""support"": ""24x7"", ""spare_parts"": true}",Patna,2026-04-27,Dealer Price List,3,365353.07,1096059.21,C,0.937,3.1,400000,0.3,0.95
SRV-001210,IT Services,Data Backup Service Monthly,"{""data"": ""5TB"", ""frequency"": ""daily"", ""retention"": ""90 days""}",Guwahati,2026-03-08,Tender Document,12,28685.55,344226.6,A,0.902,4.5,25000,0.2,1.0
SRV-001211,Professional Services,Web Development Project,"{""pages"": 20, ""responsive"": true, ""CMS"": true}",Patna,2024-10-06,Online Marketplace,3,294193.1,882579.3,A,0.927,3.0,200000,0.35,1.1
SRV-001212,IT Services,Network Maintenance Annual,"{""scope"": ""complete network"", ""support"": ""24x7"", ""response"": ""4hrs""}",Jaipur,2025-05-03,Online Marketplace,1,231238.92,231238.92,C,0.955,3.5,250000,0.3,0.95
SRV-001213,Professional Services,Web Development Project,"{""pages"": 20, ""responsive"": true, ""CMS"": true}",Chandigarh,2025-02-07,GeM Portal,3,214555.48,643666.44,A,0.985,3.6,200000,0.35,1.0
SRV-001214,IT Services,Cybersecurity Audit,"{""scope"": ""complete"", ""report"": true, ""remediation"": true}",Jaipur,2025-07-06,Vendor Quotation,12,195908.37,2350900.44,C,0.88,4.1,300000,0.35,0.9
SRV-001215,IT Services,IT Helpdesk Support Monthly,"{""users"": 100, ""response"": ""1hr"", ""resolution"": ""4hrs""}",Chandigarh,2024-10-01,State e-Procurement,12,60632.23,727586.76,B,0.935,3.6,45000,0.25,1.1
SRV-001216,Professional Services,ERP Implementation,"{""modules"": ""complete"", ""users"": 100, ""customization"": ""moderate""}",Chennai,2025-06-11,Industry Report,6,927499.38,5564996.28,B,0.934,3.3,800000,0.35,0.95
SRV-001217,Professional Services,Web Development Project,"{""pages"": 20, ""responsive"": true, ""CMS"": true}",Patna,2024-12-06,Central Public Procurement Portal,3,216650.96,649952.88,C,0.91,3.0,200000,0.35,1.1
SRV-001218,Facility Management,Pest Control Quarterly,"{""area"": ""5000sqft"", ""type"": ""commercial"", ""guarantee"": ""3 months""}",Patna,2024-09-07,Dealer Price List,12,8045.97,96551.64,A,0.988,3.7,8000,0.2,0.9
SRV-001219,IT Services,Cybersecurity Audit,"{""scope"": ""complete"", ""report"": true, ""remediation"": true}",Lucknow,2026-03-05,Online Marketplace,1,397767.44,397767.44,B,0.863,4.5,300000,0.35,1.0
SRV-001220,Professional Services,Mobile App Development,"{""platform"": ""both"", ""features"": ""moderate"", ""maintenance"": ""6 months""}",Chennai,2024-08-29,Tender Document,3,268183.33,804549.99,B,0.93,4.2,400000,0.4,0.9
SRV-001221,IT Services,Server Maintenance Annual,"{""servers"": 5, ""support"": ""24x7"", ""response"": ""4hrs""}",Mumbai,2024-11-08,Dealer Price List,1,250367.85,250367.85,B,0.933,4.8,180000,0.25,1.1
SRV-001222,Facility Management,Pest Control Quarterly,"{""area"": ""5000sqft"", ""type"": ""commercial"", ""guarantee"": ""3 months""}",Delhi,2024-12-11,GeM Portal,1,7768.45,7768.45,C,0.882,3.3,8000,0.2,1.1
SRV-001223,Professional Services,Mobile App Development,"{""platform"": ""both"", ""features"": ""moderate"", ""maintenance"": ""6 months""}",Lucknow,2025-04-15,Industry Report,12,384558.19,4614698.28,A,0.95,3.1,400000,0.4,0.95
SRV-001224,Professional Services,Mobile App Development,"{""platform"": ""both"", ""features"": ""moderate"", ""maintenance"": ""6 months""}",Lucknow,2025-12-20,Industry Report,1,278484.11,278484.11,C,0.865,4.2,400000,0.4,1.1
SRV-001225,IT Services,Cloud Migration Service,"{""scope"": ""complete"", ""data"": ""10TB"", ""downtime"": ""minimal""}",Guwahati,2025-12-30,Dealer Price List,3,480546.49,1441639.47,A,0.873,4.2,500000,0.4,1.1
SRV-001226,Professional Services,Mobile App Development,"{""platform"": ""both"", ""features"": ""moderate"", ""maintenance"": ""6 months""}",Ahmedabad,2025-09-25,Online Marketplace,6,478782.98,2872697.88,A,0.897,4.2,400000,0.4,0.9
SRV-001227,Professional Services,Document Digitization Project,"{""pages"": 10000, ""scanning"": true, ""indexing"": true}",Delhi,2024-09-09,State e-Procurement,12,37766.24,453194.88,B,0.981,3.7,50000,0.2,0.9
SRV-001228,Facility Management,Electrical Maintenance Annual,"{""scope"": ""complete"", ""testing"": true, ""certification"": true}",Lucknow,2025-12-20,State e-Procurement,6,53415.55,320493.3,C,0.987,4.6,45000,0.2,1.1
SRV-001229,Professional Services,ERP Implementation,"{""modules"": ""complete"", ""users"": 100, ""customization"": ""moderate""}",Bhopal,2026-02-13,Industry Report,1,584361.33,584361.33,A,0.926,3.2,800000,0.35,1.0
SRV-001230,IT Services,Data Backup Service Monthly,"{""data"": ""5TB"", ""frequency"": ""daily"", ""retention"": ""90 days""}",Patna,2024-11-07,Central Public Procurement Portal,6,28661.87,171971.22,C,0.961,4.9,25000,0.2,1.1
SRV-001231,Professional Services,ERP Implementation,"{""modules"": ""complete"", ""users"": 100, ""customization"": ""moderate""}",Kolkata,2025-02-01,Previous Purchase Order,12,948672.3,11384067.6,B,0.923,3.8,800000,0.35,1.0
SRV-001232,Professional Services,Mobile App Development,"{""platform"": ""both"", ""features"": ""moderate"", ""maintenance"": ""6 months""}",Delhi,2025-11-14,Dealer Price List,6,471876.79,2831260.74,A,0.939,4.9,400000,0.4,1.1
SRV-001233,IT Services,IT Helpdesk Support Monthly,"{""users"": 100, ""response"": ""1hr"", ""resolution"": ""4hrs""}",Bhopal,2025-04-28,Tender Document,3,49279.48,147838.44,A,0.97,4.7,45000,0.25,0.95
SRV-001234,Professional Services,Mobile App Development,"{""platform"": ""both"", ""features"": ""moderate"", ""maintenance"": ""6 months""}",Bangalore,2024-10-20,Central Public Procurement Portal,12,484479.56,5813754.72,B,0.94,3.9,400000,0.4,1.1
SRV-001235,Facility Management,Electrical Maintenance Annual,"{""scope"": ""complete"", ""testing"": true, ""certification"": true}",Lucknow,2026-04-03,GeM Portal,6,35592.64,213555.84,B,0.903,5.0,45000,0.2,0.95
SRV-001236,Professional Services,Document Digitization Project,"{""pages"": 10000, ""scanning"": true, ""indexing"": true}",Lucknow,2025-12-15,Tender Document,1,40560.54,40560.54,C,0.948,4.7,50000,0.2,1.1
SRV-001237,IT Services,Server Maintenance Annual,"{""servers"": 5, ""support"": ""24x7"", ""response"": ""4hrs""}",Bangalore,2024-09-10,GeM Portal,1,192665.42,192665.42,B,0.949,3.9,180000,0.25,0.9
SRV-001238,Professional Services,Web Development Project,"{""pages"": 20, ""responsive"": true, ""CMS"": true}",Chennai,2026-04-06,Dealer Price List,1,139939.51,139939.51,C,0.911,4.3,200000,0.35,0.95
SRV-001239,IT Services,Server Maintenance Annual,"{""servers"": 5, ""support"": ""24x7"", ""response"": ""4hrs""}",Patna,2026-02-23,Dealer Price List,6,164536.15,987216.9,C,0.858,4.9,180000,0.25,1.0
SRV-001240,Facility Management,Pest Control Quarterly,"{""area"": ""5000sqft"", ""type"": ""commercial"", ""guarantee"": ""3 months""}",Hyderabad,2026-03-12,Central Public Procurement Portal,3,9516.16,28548.48,B,0.987,4.5,8000,0.2,1.0
SRV-001241,Facility Management,Housekeeping Services Monthly,"{""area"": ""5000sqft"", ""staff"": 4, ""frequency"": ""daily""}",Chandigarh,2025-03-31,GeM Portal,12,31151.25,373815.0,C,0.936,3.2,35000,0.2,1.0
SRV-001242,Professional Services,Document Digitization Project,"{""pages"": 10000, ""scanning"": true, ""indexing"": true}",Chennai,2024-08-30,Vendor Quotation,3,53604.39,160813.17,A,0.926,4.1,50000,0.2,0.9
SRV-001243,IT Services,Software AMC,"{""licenses"": 50, ""type"": ""enterprise"", ""support"": ""business hours""}",Mumbai,2025-07-18,Dealer Price List,12,185583.36,2227000.32,B,0.885,4.8,150000,0.3,0.9
SRV-001244,Professional Services,Consulting Service Man-Day,"{""domain"": ""IT"", ""level"": ""senior"", ""travel"": true}",Lucknow,2026-04-20,State e-Procurement,12,27081.73,324980.76,A,0.935,3.3,25000,0.25,0.95
SRV-001245,Facility Management,Garden Maintenance Monthly,"{""area"": ""2000sqft"", ""frequency"": ""weekly"", ""irrigation"": true}",Bangalore,2026-01-18,Central Public Procurement Portal,6,17788.07,106728.42,A,0.958,4.9,12000,0.25,1.0
SRV-001246,Facility Management,Electrical Maintenance Annual,"{""scope"": ""complete"", ""testing"": true, ""certification"": true}",Patna,2025-01-20,Industry Report,6,45585.54,273513.24,A,0.971,4.0,45000,0.2,1.0
SRV-001247,Facility Management,Pest Control Quarterly,"{""area"": ""5000sqft"", ""type"": ""commercial"", ""guarantee"": ""3 months""}",Pune,2026-06-14,State e-Procurement,3,6612.46,19837.38,C,0.946,3.6,8000,0.2,0.95
SRV-001248,Professional Services,Document Digitization Project,"{""pages"": 10000, ""scanning"": true, ""indexing"": true}",Hyderabad,2024-12-29,GeM Portal,6,42953.86,257723.16,C,0.906,3.3,50000,0.2,1.1
SRV-001249,Facility Management,Housekeeping Services Monthly,"{""area"": ""5000sqft"", ""staff"": 4, ""frequency"": ""daily""}",Thiruvananthapuram,2025-03-26,Previous Purchase Order,3,30716.42,92149.26,B,0.905,4.9,35000,0.2,1.0
SRV-001250,Facility Management,Garden Maintenance Monthly,"{""area"": ""2000sqft"", ""frequency"": ""weekly"", ""irrigation"": true}",Guwahati,2025-05-13,Vendor Quotation,3,11615.57,34846.71,C,0.895,4.9,12000,0.25,0.95
SRV-001251,Facility Management,Garden Maintenance Monthly,"{""area"": ""2000sqft"", ""frequency"": ""weekly"", ""irrigation"": true}",Patna,2025-03-16,Previous Purchase Order,12,12873.88,154486.56,B,0.914,3.9,12000,0.25,1.0
SRV-001252,Facility Management,Garden Maintenance Monthly,"{""area"": ""2000sqft"", ""frequency"": ""weekly"", ""irrigation"": true}",Pune,2024-12-29,Online Marketplace,6,13535.28,81211.68,B,0.904,4.1,12000,0.25,1.1
SRV-001253,Professional Services,Training Program 5-Day,"{""participants"": 20, ""topic"": ""IT"", ""certification"": true}",Ahmedabad,2025-09-23,GeM Portal,12,150997.24,1811966.88,A,0.957,3.7,150000,0.3,0.9
SRV-001254,Facility Management,Building Management System Annual,"{""floors"": 5, ""monitoring"": true, ""reporting"": true}",Delhi,2025-04-30,Online Marketplace,12,173919.13,2087029.56,C,0.931,4.9,180000,0.3,0.95
SRV-001255,Facility Management,Building Management System Annual,"{""floors"": 5, ""monitoring"": true, ""reporting"": true}",Hyderabad,2026-05-09,Central Public Procurement Portal,1,181541.84,181541.84,B,0.965,4.3,180000,0.3,0.95
SRV-001256,Facility Management,Electrical Maintenance Annual,"{""scope"": ""complete"", ""testing"": true, ""certification"": true}",Bangalore,2025-06-22,Industry Report,12,43241.45,518897.4,C,0.983,3.2,45000,0.2,0.95
SRV-001257,IT Services,Software AMC,"{""licenses"": 50, ""type"": ""enterprise"", ""support"": ""business hours""}",Guwahati,2025-06-10,State e-Procurement,12,147906.45,1774877.4,B,0.896,3.9,150000,0.3,0.95
SRV-001258,Professional Services,Training Program 5-Day,"{""participants"": 20, ""topic"": ""IT"", ""certification"": true}",Lucknow,2026-07-02,Industry Report,1,129532.34,129532.34,C,0.977,3.9,150000,0.3,0.9
SRV-001259,Facility Management,Plumbing Services Monthly,"{""scope"": ""complete building"", ""response"": ""24hrs""}",Pune,2026-08-12,Online Marketplace,12,16764.52,201174.24,C,0.872,3.4,15000,0.25,0.9
SRV-001260,IT Services,Cybersecurity Audit,"{""scope"": ""complete"", ""report"": true, ""remediation"": true}",Bhopal,2025-03-20,State e-Procurement,1,345383.32,345383.32,B,0.857,4.0,300000,0.35,1.0
SRV-001261,Professional Services,ERP Implementation,"{""modules"": ""complete"", ""users"": 100, ""customization"": ""moderate""}",Mumbai,2026-03-26,Online Marketplace,6,659276.04,3955656.24,B,0.955,3.9,800000,0.35,1.0
SRV-001262,IT Services,IT Helpdesk Support Monthly,"{""users"": 100, ""response"": ""1hr"", ""resolution"": ""4hrs""}",Thiruvananthapuram,2026-07-21,State e-Procurement,3,30316.4,90949.2,C,0.885,3.7,45000,0.25,0.9
SRV-001263,IT Services,Software AMC,"{""licenses"": 50, ""type"": ""enterprise"", ""support"": ""business hours""}",Bangalore,2026-02-11,Central Public Procurement Portal,1,135657.39,135657.39,A,0.935,3.1,150000,0.3,1.0
SRV-001264,IT Services,Cybersecurity Audit,"{""scope"": ""complete"", ""report"": true, ""remediation"": true}",Guwahati,2025-11-20,Previous Purchase Order,12,276690.52,3320286.24,C,0.908,3.7,300000,0.35,1.1
SRV-001265,IT Services,Cloud Migration Service,"{""scope"": ""complete"", ""data"": ""10TB"", ""downtime"": ""minimal""}",Pune,2025-09-21,Vendor Quotation,1,459551.54,459551.54,C,0.908,4.6,500000,0.4,0.9
SRV-001266,Facility Management,Electrical Maintenance Annual,"{""scope"": ""complete"", ""testing"": true, ""certification"": true}",Ahmedabad,2024-12-22,Previous Purchase Order,1,42809.77,42809.77,B,0.937,4.0,45000,0.2,1.1
SRV-001267,Facility Management,Plumbing Services Monthly,"{""scope"": ""complete building"", ""response"": ""24hrs""}",Mumbai,2024-09-28,State e-Procurement,6,12311.9,73871.4,C,0.927,4.0,15000,0.25,0.9
SRV-001268,Facility Management,Pest Control Quarterly,"{""area"": ""5000sqft"", ""type"": ""commercial"", ""guarantee"": ""3 months""}",Thiruvananthapuram,2024-12-14,Tender Document,6,10329.22,61975.32,A,0.962,4.9,8000,0.2,1.1
SRV-001269,IT Services,Data Backup Service Monthly,"{""data"": ""5TB"", ""frequency"": ""daily"", ""retention"": ""90 days""}",Guwahati,2025-09-13,Vendor Quotation,6,21297.74,127786.44,C,0.972,3.0,25000,0.2,0.9
SRV-001270,Professional Services,Consulting Service Man-Day,"{""domain"": ""IT"", ""level"": ""senior"", ""travel"": true}",Chandigarh,2025-06-01,Central Public Procurement Portal,6,21698.14,130188.84,C,0.88,3.2,25000,0.25,0.95
SRV-001271,IT Services,Software AMC,"{""licenses"": 50, ""type"": ""enterprise"", ""support"": ""business hours""}",Patna,2026-03-25,Industry Report,12,168165.13,2017981.56,A,0.955,3.8,150000,0.3,1.0
SRV-001272,Professional Services,Document Digitization Project,"{""pages"": 10000, ""scanning"": true, ""indexing"": true}",Hyderabad,2026-04-08,Central Public Procurement Portal,1,61328.4,61328.4,A,0.911,3.6,50000,0.2,0.95
SRV-001273,IT Services,Cybersecurity Audit,"{""scope"": ""complete"", ""report"": true, ""remediation"": true}",Mumbai,2024-10-04,Dealer Price List,12,328617.64,3943411.68,B,0.94,3.2,300000,0.35,1.1
SRV-001274,IT Services,IT Helpdesk Support Monthly,"{""users"": 100, ""response"": ""1hr"", ""resolution"": ""4hrs""}",Mumbai,2026-05-29,Central Public Procurement Portal,12,37991.59,455899.08,B,0.926,3.9,45000,0.25,0.95
SRV-001275,IT Services,Server Maintenance Annual,"{""servers"": 5, ""support"": ""24x7"", ""response"": ""4hrs""}",Pune,2025-01-17,GeM Portal,1,146041.78,146041.78,C,0.961,4.8,180000,0.25,1.0
SRV-001276,IT Services,Software AMC,"{""licenses"": 50, ""type"": ""enterprise"", ""support"": ""business hours""}",Chandigarh,2025-11-03,GeM Portal,6,166549.57,999297.42,C,0.858,4.3,150000,0.3,1.1
SRV-001277,Professional Services,Annual Maintenance Contract IT,"{""scope"": ""complete IT"", ""support"": ""24x7"", ""spare_parts"": true}",Pune,2024-11-23,Central Public Procurement Portal,12,361724.92,4340699.04,C,0.877,4.6,400000,0.3,1.1
SRV-001278,Professional Services,ERP Implementation,"{""modules"": ""complete"", ""users"": 100, ""customization"": ""moderate""}",Delhi,2024-08-27,GeM Portal,12,794895.47,9538745.64,B,0.936,4.3,800000,0.35,0.9
SRV-001279,Facility Management,Building Management System Annual,"{""floors"": 5, ""monitoring"": true, ""reporting"": true}",Jaipur,2025-11-23,Vendor Quotation,6,150055.69,900334.14,C,0.912,4.3,180000,0.3,1.1
SRV-001280,Facility Management,Electrical Maintenance Annual,"{""scope"": ""complete"", ""testing"": true, ""certification"": true}",Bhopal,2026-02-27,Previous Purchase Order,1,52204.56,52204.56,A,0.961,3.6,45000,0.2,1.0
SRV-001281,Professional Services,ERP Implementation,"{""modules"": ""complete"", ""users"": 100, ""customization"": ""moderate""}",Bangalore,2024-09-25,GeM Portal,6,843077.38,5058464.28,C,0.944,3.9,800000,0.35,0.9
SRV-001282,IT Services,Cybersecurity Audit,"{""scope"": ""complete"", ""report"": true, ""remediation"": true}",Bangalore,2024-11-14,Tender Document,6,463085.46,2778512.76,B,0.945,4.2,300000,0.35,1.1
SRV-001283,Facility Management,Electrical Maintenance Annual,"{""scope"": ""complete"", ""testing"": true, ""certification"": true}",Delhi,2025-02-04,Dealer Price List,3,39109.16,117327.48,B,0.859,4.6,45000,0.2,1.0
SRV-001284,Facility Management,Pest Control Quarterly,"{""area"": ""5000sqft"", ""type"": ""commercial"", ""guarantee"": ""3 months""}",Delhi,2025-10-04,Industry Report,6,8353.65,50121.9,A,0.876,5.0,8000,0.2,1.1
SRV-001285,IT Services,Cybersecurity Audit,"{""scope"": ""complete"", ""report"": true, ""remediation"": true}",Delhi,2025-05-07,Vendor Quotation,12,328343.54,3940122.48,B,0.885,4.2,300000,0.35,0.95
SRV-001286,Facility Management,Housekeeping Services Monthly,"{""area"": ""5000sqft"", ""staff"": 4, ""frequency"": ""daily""}",Guwahati,2025-01-02,Dealer Price List,1,35477.57,35477.57,B,0.968,4.5,35000,0.2,1.0
SRV-001287,Professional Services,Training Program 5-Day,"{""participants"": 20, ""topic"": ""IT"", ""certification"": true}",Mumbai,2024-12-25,Online Marketplace,1,211916.87,211916.87,B,0.94,3.1,150000,0.3,1.1
SRV-001288,IT Services,IT Helpdesk Support Monthly,"{""users"": 100, ""response"": ""1hr"", ""resolution"": ""4hrs""}",Hyderabad,2026-02-24,Central Public Procurement Portal,6,35626.55,213759.3,C,0.853,4.2,45000,0.25,1.0
SRV-001289,Professional Services,Mobile App Development,"{""platform"": ""both"", ""features"": ""moderate"", ""maintenance"": ""6 months""}",Pune,2025-08-15,Industry Report,6,448507.11,2691042.66,C,0.856,4.4,400000,0.4,0.9
SRV-001290,Professional Services,Mobile App Development,"{""platform"": ""both"", ""features"": ""moderate"", ""maintenance"": ""6 months""}",Ahmedabad,2026-06-16,Dealer Price List,12,459562.21,5514746.52,C,0.95,4.2,400000,0.4,0.95
SRV-001291,Professional Services,Consulting Service Man-Day,"{""domain"": ""IT"", ""level"": ""senior"", ""travel"": true}",Guwahati,2026-04-01,State e-Procurement,1,20544.09,20544.09,B,0.852,4.4,25000,0.25,0.95
SRV-001292,Facility Management,Garden Maintenance Monthly,"{""area"": ""2000sqft"", ""frequency"": ""weekly"", ""irrigation"": true}",Lucknow,2024-12-14,Previous Purchase Order,12,12567.25,150807.0,A,0.97,3.9,12000,0.25,1.1
SRV-001293,IT Services,IT Helpdesk Support Monthly,"{""users"": 100, ""response"": ""1hr"", ""resolution"": ""4hrs""}",Jaipur,2025-03-27,State e-Procurement,1,45689.3,45689.3,B,0.956,4.6,45000,0.25,1.0
SRV-001294,IT Services,Network Maintenance Annual,"{""scope"": ""complete network"", ""support"": ""24x7"", ""response"": ""4hrs""}",Bangalore,2025-08-21,Vendor Quotation,3,307331.96,921995.88,A,0.988,4.9,250000,0.3,0.9
SRV-001295,IT Services,Cybersecurity Audit,"{""scope"": ""complete"", ""report"": true, ""remediation"": true}",Thiruvananthapuram,2025-08-09,Previous Purchase Order,12,298142.88,3577714.56,C,0.949,4.3,300000,0.35,0.9
SRV-001296,Professional Services,Web Development Project,"{""pages"": 20, ""responsive"": true, ""CMS"": true}",Hyderabad,2026-01-20,Dealer Price List,6,140107.41,840644.46,C,0.851,3.3,200000,0.35,1.0
SRV-001297,Professional Services,ERP Implementation,"{""modules"": ""complete"", ""users"": 100, ""customization"": ""moderate""}",Patna,2025-01-20,Vendor Quotation,12,765968.51,9191622.12,B,0.871,4.8,800000,0.35,1.0
SRV-001298,IT Services,Server Maintenance Annual,"{""servers"": 5, ""support"": ""24x7"", ""response"": ""4hrs""}",Ahmedabad,2025-01-15,Industry Report,6,186761.63,1120569.78,C,0.86,3.5,180000,0.25,1.0
SRV-001299,Professional Services,Document Digitization Project,"{""pages"": 10000, ""scanning"": true, ""indexing"": true}",Mumbai,2025-02-11,Vendor Quotation,12,57355.38,688264.56,C,0.982,5.0,50000,0.2,1.0
SRV-001300,Professional Services,Consulting Service Man-Day,"{""domain"": ""IT"", ""level"": ""senior"", ""travel"": true}",Ahmedabad,2026-04-25,GeM Portal,1,26465.14,26465.14,C,0.907,3.5,25000,0.25,0.95
SRV-001301,Professional Services,Annual Maintenance Contract IT,"{""scope"": ""complete IT"", ""support"": ""24x7"", ""spare_parts"": true}",Chandigarh,2026-04-18,Central Public Procurement Portal,3,395025.77,1185077.31,C,0.892,4.6,400000,0.3,0.95
SRV-001302,IT Services,IT Helpdesk Support Monthly,"{""users"": 100, ""response"": ""1hr"", ""resolution"": ""4hrs""}",Ahmedabad,2024-10-03,Industry Report,3,55374.42,166123.26,A,0.961,3.6,45000,0.25,1.1
SRV-001303,IT Services,Network Maintenance Annual,"{""scope"": ""complete network"", ""support"": ""24x7"", ""response"": ""4hrs""}",Kolkata,2026-03-01,Vendor Quotation,1,277932.81,277932.81,B,0.982,3.5,250000,0.3,1.0
SRV-001304,Professional Services,Training Program 5-Day,"{""participants"": 20, ""topic"": ""IT"", ""certification"": true}",Delhi,2026-05-10,Dealer Price List,12,197820.53,2373846.36,A,0.963,4.5,150000,0.3,0.95
SRV-001305,Professional Services,Training Program 5-Day,"{""participants"": 20, ""topic"": ""IT"", ""certification"": true}",Thiruvananthapuram,2025-12-16,Online Marketplace,12,212740.17,2552882.04,A,0.935,3.5,150000,0.3,1.1
SRV-001306,Professional Services,Document Digitization Project,"{""pages"": 10000, ""scanning"": true, ""indexing"": true}",Delhi,2026-06-09,Tender Document,3,45760.44,137281.32,A,0.971,4.5,50000,0.2,0.95
SRV-001307,IT Services,Data Backup Service Monthly,"{""data"": ""5TB"", ""frequency"": ""daily"", ""retention"": ""90 days""}",Delhi,2026-03-26,Tender Document,1,24345.25,24345.25,A,0.936,3.9,25000,0.2,1.0
SRV-001308,Facility Management,Pest Control Quarterly,"{""area"": ""5000sqft"", ""type"": ""commercial"", ""guarantee"": ""3 months""}",Jaipur,2024-10-13,Previous Purchase Order,3,6838.62,20515.86,C,0.924,3.6,8000,0.2,1.1
SRV-001309,Facility Management,Housekeeping Services Monthly,"{""area"": ""5000sqft"", ""staff"": 4, ""frequency"": ""daily""}",Lucknow,2025-03-09,Dealer Price List,1,26412.68,26412.68,C,0.915,4.2,35000,0.2,1.0
SRV-001310,Facility Management,Pest Control Quarterly,"{""area"": ""5000sqft"", ""type"": ""commercial"", ""guarantee"": ""3 months""}",Lucknow,2025-04-18,Industry Report,1,6844.86,6844.86,A,0.906,3.5,8000,0.2,0.95
SRV-001311,Facility Management,Security Guard Services Monthly,"{""guards"": 4, ""shift"": ""24x7"", ""armed"": false}",Chandigarh,2024-11-19,Industry Report,1,60613.76,60613.76,C,0.868,3.3,80000,0.25,1.1
SRV-001312,IT Services,Data Backup Service Monthly,"{""data"": ""5TB"", ""frequency"": ""daily"", ""retention"": ""90 days""}",Thiruvananthapuram,2025-03-13,State e-Procurement,3,21828.74,65486.22,B,0.962,3.9,25000,0.2,1.0
SRV-001313,IT Services,Software AMC,"{""licenses"": 50, ""type"": ""enterprise"", ""support"": ""business hours""}",Thiruvananthapuram,2025-03-26,Central Public Procurement Portal,1,130061.51,130061.51,A,0.864,3.6,150000,0.3,1.0
SRV-001314,Professional Services,Annual Maintenance Contract IT,"{""scope"": ""complete IT"", ""support"": ""24x7"", ""spare_parts"": true}",Thiruvananthapuram,2024-11-15,Vendor Quotation,3,570543.71,1711631.13,A,0.901,3.3,400000,0.3,1.1
SRV-001315,Facility Management,Garden Maintenance Monthly,"{""area"": ""2000sqft"", ""frequency"": ""weekly"", ""irrigation"": true}",Chandigarh,2026-01-16,Previous Purchase Order,1,11424.7,11424.7,B,0.928,3.1,12000,0.25,1.0
SRV-001316,IT Services,Network Maintenance Annual,"{""scope"": ""complete network"", ""support"": ""24x7"", ""response"": ""4hrs""}",Guwahati,2024-10-04,Industry Report,3,296060.9,888182.7,B,0.905,3.0,250000,0.3,1.1
SRV-001317,Facility Management,Plumbing Services Monthly,"{""scope"": ""complete building"", ""response"": ""24hrs""}",Thiruvananthapuram,2025-03-27,Central Public Procurement Portal,3,17934.59,53803.77,A,0.95,4.3,15000,0.25,1.0
SRV-001318,IT Services,Software AMC,"{""licenses"": 50, ""type"": ""enterprise"", ""support"": ""business hours""}",Jaipur,2025-12-23,Central Public Procurement Portal,3,149351.09,448053.27,B,0.924,3.8,150000,0.3,1.1
SRV-001319,IT Services,Network Maintenance Annual,"{""scope"": ""complete network"", ""support"": ""24x7"", ""response"": ""4hrs""}",Mumbai,2026-03-12,Industry Report,12,279399.25,3352791.0,C,0.861,4.3,250000,0.3,1.0
SRV-001320,Professional Services,Training Program 5-Day,"{""participants"": 20, ""topic"": ""IT"", ""certification"": true}",Jaipur,2025-10-28,Industry Report,3,183536.6,550609.8,B,0.902,4.8,150000,0.3,1.1
SRV-001321,IT Services,Network Maintenance Annual,"{""scope"": ""complete network"", ""support"": ""24x7"", ""response"": ""4hrs""}",Pune,2026-08-10,Dealer Price List,1,260662.21,260662.21,C,0.977,3.9,250000,0.3,0.9
SRV-001322,Facility Management,Security Guard Services Monthly,"{""guards"": 4, ""shift"": ""24x7"", ""armed"": false}",Delhi,2026-03-31,Tender Document,3,97844.98,293534.94,A,0.964,4.0,80000,0.25,1.0
SRV-001323,Facility Management,Housekeeping Services Monthly,"{""area"": ""5000sqft"", ""staff"": 4, ""frequency"": ""daily""}",Ahmedabad,2025-06-01,Online Marketplace,6,31908.06,191448.36,B,0.978,3.5,35000,0.2,0.95
SRV-001324,Professional Services,Annual Maintenance Contract IT,"{""scope"": ""complete IT"", ""support"": ""24x7"", ""spare_parts"": true}",Chennai,2026-03-15,Online Marketplace,3,334000.84,1002002.52,C,0.97,4.9,400000,0.3,1.0
SRV-001325,IT Services,IT Helpdesk Support Monthly,"{""users"": 100, ""response"": ""1hr"", ""resolution"": ""4hrs""}",Bhopal,2025-09-12,Vendor Quotation,1,38314.51,38314.51,A,0.971,3.5,45000,0.25,0.9
SRV-001326,IT Services,Server Maintenance Annual,"{""servers"": 5, ""support"": ""24x7"", ""response"": ""4hrs""}",Kolkata,2024-12-06,Previous Purchase Order,6,271435.37,1628612.22,B,0.851,3.1,180000,0.25,1.1
SRV-001327,IT Services,Cybersecurity Audit,"{""scope"": ""complete"", ""report"": true, ""remediation"": true}",Bangalore,2025-02-25,Central Public Procurement Portal,6,241508.96,1449053.76,B,0.957,3.4,300000,0.35,1.0
SRV-001328,Facility Management,Pest Control Quarterly,"{""area"": ""5000sqft"", ""type"": ""commercial"", ""guarantee"": ""3 months""}",Chandigarh,2024-12-18,Previous Purchase Order,3,10451.38,31354.14,B,0.939,4.4,8000,0.2,1.1
SRV-001329,Facility Management,Pest Control Quarterly,"{""area"": ""5000sqft"", ""type"": ""commercial"", ""guarantee"": ""3 months""}",Ahmedabad,2024-10-13,State e-Procurement,6,8587.39,51524.34,A,0.975,4.3,8000,0.2,1.1
SRV-001330,Facility Management,Pest Control Quarterly,"{""area"": ""5000sqft"", ""type"": ""commercial"", ""guarantee"": ""3 months""}",Thiruvananthapuram,2026-04-12,Previous Purchase Order,1,7837.01,7837.01,C,0.984,3.3,8000,0.2,0.95
SRV-001331,Facility Management,Building Management System Annual,"{""floors"": 5, ""monitoring"": true, ""reporting"": true}",Hyderabad,2025-12-25,Online Marketplace,6,152671.86,916031.16,C,0.971,4.2,180000,0.3,1.1
SRV-001332,Professional Services,Web Development Project,"{""pages"": 20, ""responsive"": true, ""CMS"": true}",Kolkata,2025-09-19,Online Marketplace,6,200109.04,1200654.24,A,0.893,3.5,200000,0.35,0.9
SRV-001333,Facility Management,Pest Control Quarterly,"{""area"": ""5000sqft"", ""type"": ""commercial"", ""guarantee"": ""3 months""}",Kolkata,2024-09-07,Online Marketplace,12,7679.04,92148.48,B,0.918,4.9,8000,0.2,0.9
SRV-001334,Facility Management,Electrical Maintenance Annual,"{""scope"": ""complete"", ""testing"": true, ""certification"": true}",Mumbai,2025-09-27,Previous Purchase Order,6,57900.32,347401.92,A,0.963,3.7,45000,0.2,0.9
SRV-001335,IT Services,Data Backup Service Monthly,"{""data"": ""5TB"", ""frequency"": ""daily"", ""retention"": ""90 days""}",Patna,2025-03-13,Tender Document,12,25308.41,303700.92,C,0.979,4.9,25000,0.2,1.0
SRV-001336,Facility Management,Garden Maintenance Monthly,"{""area"": ""2000sqft"", ""frequency"": ""weekly"", ""irrigation"": true}",Hyderabad,2025-01-22,GeM Portal,3,12627.92,37883.76,C,0.856,3.3,12000,0.25,1.0
SRV-001337,IT Services,Software AMC,"{""licenses"": 50, ""type"": ""enterprise"", ""support"": ""business hours""}",Chennai,2025-04-18,Central Public Procurement Portal,6,179859.33,1079155.98,C,0.97,3.9,150000,0.3,0.95
SRV-001338,IT Services,Network Maintenance Annual,"{""scope"": ""complete network"", ""support"": ""24x7"", ""response"": ""4hrs""}",Chennai,2026-01-01,Central Public Procurement Portal,12,288490.52,3461886.24,B,0.885,3.9,250000,0.3,1.0
SRV-001339,Facility Management,Pest Control Quarterly,"{""area"": ""5000sqft"", ""type"": ""commercial"", ""guarantee"": ""3 months""}",Jaipur,2024-11-26,Vendor Quotation,12,10185.8,122229.6,A,0.874,4.5,8000,0.2,1.1
SRV-001340,Facility Management,Garden Maintenance Monthly,"{""area"": ""2000sqft"", ""frequency"": ""weekly"", ""irrigation"": true}",Patna,2025-05-24,State e-Procurement,1,9564.4,9564.4,C,0.964,3.2,12000,0.25,0.95
SRV-001341,Facility Management,Pest Control Quarterly,"{""area"": ""5000sqft"", ""type"": ""commercial"", ""guarantee"": ""3 months""}",Guwahati,2026-03-04,State e-Procurement,1,8575.22,8575.22,B,0.891,4.6,8000,0.2,1.0
SRV-001342,IT Services,Software AMC,"{""licenses"": 50, ""type"": ""enterprise"", ""support"": ""business hours""}",Thiruvananthapuram,2026-01-22,GeM Portal,3,127075.8,381227.4,C,0.943,4.9,150000,0.3,1.0
SRV-001343,Facility Management,Building Management System Annual,"{""floors"": 5, ""monitoring"": true, ""reporting"": true}",Mumbai,2025-10-28,State e-Procurement,3,148259.77,444779.31,B,0.958,4.3,180000,0.3,1.1
SRV-001344,IT Services,Server Maintenance Annual,"{""servers"": 5, ""support"": ""24x7"", ""response"": ""4hrs""}",Guwahati,2026-03-22,Dealer Price List,12,177504.99,2130059.88,A,0.919,3.1,180000,0.25,1.0
SRV-001345,Facility Management,Housekeeping Services Monthly,"{""area"": ""5000sqft"", ""staff"": 4, ""frequency"": ""daily""}",Lucknow,2025-08-30,Dealer Price List,12,30387.3,364647.6,A,0.909,4.7,35000,0.2,0.9
SRV-001346,IT Services,Data Backup Service Monthly,"{""data"": ""5TB"", ""frequency"": ""daily"", ""retention"": ""90 days""}",Delhi,2025-12-20,Online Marketplace,3,30003.97,90011.91,A,0.932,4.7,25000,0.2,1.1
SRV-001347,Professional Services,Consulting Service Man-Day,"{""domain"": ""IT"", ""level"": ""senior"", ""travel"": true}",Jaipur,2025-04-04,Tender Document,3,21479.72,64439.16,B,0.948,4.7,25000,0.25,0.95
SRV-001348,IT Services,Software AMC,"{""licenses"": 50, ""type"": ""enterprise"", ""support"": ""business hours""}",Bangalore,2026-08-18,Central Public Procurement Portal,6,108370.11,650220.66,C,0.987,5.0,150000,0.3,0.9
SRV-001349,Professional Services,Mobile App Development,"{""platform"": ""both"", ""features"": ""moderate"", ""maintenance"": ""6 months""}",Chandigarh,2025-08-09,Dealer Price List,3,280290.22,840870.66,B,0.859,3.5,400000,0.4,0.9
SRV-001350,Facility Management,Security Guard Services Monthly,"{""guards"": 4, ""shift"": ""24x7"", ""armed"": false}",Bangalore,2025-02-24,Central Public Procurement Portal,6,74747.15,448482.9,C,0.937,4.8,80000,0.25,1.0
SRV-001351,Facility Management,Housekeeping Services Monthly,"{""area"": ""5000sqft"", ""staff"": 4, ""frequency"": ""daily""}",Bhopal,2025-01-25,GeM Portal,6,29362.38,176174.28,C,0.969,3.2,35000,0.2,1.0
SRV-001352,Professional Services,Consulting Service Man-Day,"{""domain"": ""IT"", ""level"": ""senior"", ""travel"": true}",Bhopal,2024-08-21,Tender Document,1,15611.48,15611.48,C,0.921,3.1,25000,0.25,0.9
SRV-001353,Professional Services,Web Development Project,"{""pages"": 20, ""responsive"": true, ""CMS"": true}",Patna,2024-12-10,Central Public Procurement Portal,6,183099.09,1098594.54,C,0.976,3.5,200000,0.35,1.1
SRV-001354,IT Services,Cybersecurity Audit,"{""scope"": ""complete"", ""report"": true, ""remediation"": true}",Mumbai,2024-08-21,Dealer Price List,3,300345.16,901035.48,C,0.856,4.1,300000,0.35,0.9
SRV-001355,Facility Management,Security Guard Services Monthly,"{""guards"": 4, ""shift"": ""24x7"", ""armed"": false}",Thiruvananthapuram,2025-06-23,GeM Portal,3,88724.43,266173.29,B,0.907,4.2,80000,0.25,0.95
SRV-001356,IT Services,Data Backup Service Monthly,"{""data"": ""5TB"", ""frequency"": ""daily"", ""retention"": ""90 days""}",Patna,2025-09-05,Industry Report,6,28710.23,172261.38,A,0.961,3.4,25000,0.2,0.9
SRV-001357,IT Services,Server Maintenance Annual,"{""servers"": 5, ""support"": ""24x7"", ""response"": ""4hrs""}",Kolkata,2024-08-19,Dealer Price List,12,218931.63,2627179.56,A,0.954,4.0,180000,0.25,0.9
SRV-001358,IT Services,Data Backup Service Monthly,"{""data"": ""5TB"", ""frequency"": ""daily"", ""retention"": ""90 days""}",Delhi,2026-06-28,Previous Purchase Order,3,18194.04,54582.12,C,0.93,4.0,25000,0.2,0.95
SRV-001359,IT Services,Software AMC,"{""licenses"": 50, ""type"": ""enterprise"", ""support"": ""business hours""}",Bangalore,2026-01-30,Previous Purchase Order,1,155267.01,155267.01,C,0.975,3.9,150000,0.3,1.0
SRV-001360,IT Services,Cybersecurity Audit,"{""scope"": ""complete"", ""report"": true, ""remediation"": true}",Chandigarh,2024-09-20,Central Public Procurement Portal,12,235470.02,2825640.24,C,0.922,4.0,300000,0.35,0.9
SRV-001361,IT Services,Network Maintenance Annual,"{""scope"": ""complete network"", ""support"": ""24x7"", ""response"": ""4hrs""}",Pune,2026-01-04,Vendor Quotation,6,389464.03,2336784.18,A,0.889,4.1,250000,0.3,1.0
SRV-001362,Professional Services,Mobile App Development,"{""platform"": ""both"", ""features"": ""moderate"", ""maintenance"": ""6 months""}",Delhi,2024-10-16,Tender Document,12,436304.43,5235653.16,C,0.94,4.2,400000,0.4,1.1
SRV-001363,IT Services,Software AMC,"{""licenses"": 50, ""type"": ""enterprise"", ""support"": ""business hours""}",Kolkata,2025-03-22,Dealer Price List,1,140197.78,140197.78,A,0.897,3.9,150000,0.3,1.0
SRV-001364,Facility Management,Housekeeping Services Monthly,"{""area"": ""5000sqft"", ""staff"": 4, ""frequency"": ""daily""}",Patna,2026-05-25,State e-Procurement,6,30164.2,180985.2,A,0.964,3.7,35000,0.2,0.95
SRV-001365,Facility Management,Electrical Maintenance Annual,"{""scope"": ""complete"", ""testing"": true, ""certification"": true}",Thiruvananthapuram,2024-12-24,Tender Document,1,57689.93,57689.93,B,0.872,3.1,45000,0.2,1.1
SRV-001366,IT Services,Server Maintenance Annual,"{""servers"": 5, ""support"": ""24x7"", ""response"": ""4hrs""}",Kolkata,2025-01-13,Central Public Procurement Portal,3,171632.79,514898.37,C,0.981,3.0,180000,0.25,1.0
SRV-001367,Facility Management,Building Management System Annual,"{""floors"": 5, ""monitoring"": true, ""reporting"": true}",Bangalore,2025-10-25,Previous Purchase Order,6,192948.97,1157693.82,C,0.904,3.2,180000,0.3,1.1
SRV-001368,IT Services,Network Maintenance Annual,"{""scope"": ""complete network"", ""support"": ""24x7"", ""response"": ""4hrs""}",Ahmedabad,2025-01-11,Online Marketplace,1,198390.82,198390.82,C,0.92,3.4,250000,0.3,1.0
SRV-001369,Facility Management,Security Guard Services Monthly,"{""guards"": 4, ""shift"": ""24x7"", ""armed"": false}",Guwahati,2026-01-15,Tender Document,1,86528.72,86528.72,A,0.967,4.7,80000,0.25,1.0
SRV-001370,Professional Services,Training Program 5-Day,"{""participants"": 20, ""topic"": ""IT"", ""certification"": true}",Ahmedabad,2025-01-05,Tender Document,1,109433.47,109433.47,B,0.873,3.6,150000,0.3,1.0
SRV-001371,Facility Management,Garden Maintenance Monthly,"{""area"": ""2000sqft"", ""frequency"": ""weekly"", ""irrigation"": true}",Hyderabad,2026-05-01,GeM Portal,1,11671.94,11671.94,C,0.968,4.4,12000,0.25,0.95
SRV-001372,IT Services,Software AMC,"{""licenses"": 50, ""type"": ""enterprise"", ""support"": ""business hours""}",Kolkata,2026-07-28,Previous Purchase Order,12,125596.96,1507163.52,A,0.866,3.5,150000,0.3,0.9
SRV-001373,Facility Management,Garden Maintenance Monthly,"{""area"": ""2000sqft"", ""frequency"": ""weekly"", ""irrigation"": true}",Delhi,2024-10-06,Central Public Procurement Portal,3,12181.34,36544.02,A,0.874,4.2,12000,0.25,1.1
SRV-001374,IT Services,Cloud Migration Service,"{""scope"": ""complete"", ""data"": ""10TB"", ""downtime"": ""minimal""}",Bangalore,2025-04-23,Industry Report,1,532915.16,532915.16,B,0.989,3.8,500000,0.4,0.95
SRV-001375,IT Services,Network Maintenance Annual,"{""scope"": ""complete network"", ""support"": ""24x7"", ""response"": ""4hrs""}",Delhi,2025-07-19,Vendor Quotation,6,170604.36,1023626.16,B,0.867,4.2,250000,0.3,0.9
SRV-001376,Facility Management,Building Management System Annual,"{""floors"": 5, ""monitoring"": true, ""reporting"": true}",Kolkata,2024-12-27,Vendor Quotation,3,282238.92,846716.76,B,0.983,3.9,180000,0.3,1.1
SRV-001377,Professional Services,ERP Implementation,"{""modules"": ""complete"", ""users"": 100, ""customization"": ""moderate""}",Guwahati,2024-11-02,Dealer Price List,6,924525.93,5547155.58,A,0.92,4.4,800000,0.35,1.1
SRV-001378,Facility Management,Electrical Maintenance Annual,"{""scope"": ""complete"", ""testing"": true, ""certification"": true}",Mumbai,2025-12-29,Online Marketplace,3,58599.78,175799.34,A,0.854,3.9,45000,0.2,1.1
SRV-001379,IT Services,Server Maintenance Annual,"{""servers"": 5, ""support"": ""24x7"", ""response"": ""4hrs""}",Lucknow,2025-02-16,Central Public Procurement Portal,3,199088.19,597264.57,A,0.935,3.6,180000,0.25,1.0
SRV-001380,Facility Management,Security Guard Services Monthly,"{""guards"": 4, ""shift"": ""24x7"", ""armed"": false}",Guwahati,2026-04-03,Dealer Price List,1,73244.24,73244.24,B,0.918,4.4,80000,0.25,0.95
SRV-001381,IT Services,Server Maintenance Annual,"{""servers"": 5, ""support"": ""24x7"", ""response"": ""4hrs""}",Lucknow,2026-07-17,Tender Document,3,165741.37,497224.11,C,0.953,3.7,180000,0.25,0.9
SRV-001382,Professional Services,Web Development Project,"{""pages"": 20, ""responsive"": true, ""CMS"": true}",Delhi,2025-07-25,State e-Procurement,3,267223.84,801671.52,A,0.969,3.5,200000,0.35,0.9
SRV-001383,Facility Management,Housekeeping Services Monthly,"{""area"": ""5000sqft"", ""staff"": 4, ""frequency"": ""daily""}",Hyderabad,2025-07-22,GeM Portal,6,29909.78,179458.68,B,0.913,4.7,35000,0.2,0.9
SRV-001384,Professional Services,Document Digitization Project,"{""pages"": 10000, ""scanning"": true, ""indexing"": true}",Patna,2024-09-25,State e-Procurement,3,50010.52,150031.56,B,0.969,3.5,50000,0.2,0.9
SRV-001385,IT Services,Cybersecurity Audit,"{""scope"": ""complete"", ""report"": true, ""remediation"": true}",Bangalore,2025-11-03,Industry Report,6,379127.76,2274766.56,B,0.865,4.4,300000,0.35,1.1
SRV-001386,Professional Services,Document Digitization Project,"{""pages"": 10000, ""scanning"": true, ""indexing"": true}",Kolkata,2025-07-29,Dealer Price List,1,47386.05,47386.05,A,0.941,4.6,50000,0.2,0.9
SRV-001387,Facility Management,Electrical Maintenance Annual,"{""scope"": ""complete"", ""testing"": true, ""certification"": true}",Mumbai,2025-08-04,Previous Purchase Order,1,39109.43,39109.43,B,0.99,4.7,45000,0.2,0.9
SRV-001388,IT Services,Cloud Migration Service,"{""scope"": ""complete"", ""data"": ""10TB"", ""downtime"": ""minimal""}",Hyderabad,2025-08-20,Vendor Quotation,6,543136.58,3258819.48,C,0.909,4.5,500000,0.4,0.9
SRV-001389,IT Services,IT Helpdesk Support Monthly,"{""users"": 100, ""response"": ""1hr"", ""resolution"": ""4hrs""}",Patna,2025-05-24,Vendor Quotation,6,52295.99,313775.94,A,0.938,4.6,45000,0.25,0.95
SRV-001390,Facility Management,Garden Maintenance Monthly,"{""area"": ""2000sqft"", ""frequency"": ""weekly"", ""irrigation"": true}",Ahmedabad,2026-04-12,Online Marketplace,12,12218.75,146625.0,A,0.867,4.1,12000,0.25,0.95
SRV-001391,Professional Services,Training Program 5-Day,"{""participants"": 20, ""topic"": ""IT"", ""certification"": true}",Pune,2025-04-01,Central Public Procurement Portal,12,133237.68,1598852.16,B,0.852,3.8,150000,0.3,0.95
SRV-001392,Professional Services,Web Development Project,"{""pages"": 20, ""responsive"": true, ""CMS"": true}",Kolkata,2025-09-09,Industry Report,3,265908.57,797725.71,A,0.851,3.9,200000,0.35,0.9
SRV-001393,Facility Management,Plumbing Services Monthly,"{""scope"": ""complete building"", ""response"": ""24hrs""}",Thiruvananthapuram,2024-09-09,State e-Procurement,6,13301.53,79809.18,A,0.917,3.8,15000,0.25,0.9
SRV-001394,Professional Services,Annual Maintenance Contract IT,"{""scope"": ""complete IT"", ""support"": ""24x7"", ""spare_parts"": true}",Pune,2026-03-21,Previous Purchase Order,6,530932.76,3185596.56,B,0.946,4.7,400000,0.3,1.0
SRV-001395,Professional Services,Training Program 5-Day,"{""participants"": 20, ""topic"": ""IT"", ""certification"": true}",Jaipur,2025-07-30,GeM Portal,3,172198.33,516594.99,B,0.875,4.1,150000,0.3,0.9
SRV-001396,Facility Management,Housekeeping Services Monthly,"{""area"": ""5000sqft"", ""staff"": 4, ""frequency"": ""daily""}",Lucknow,2026-07-09,Online Marketplace,3,23174.31,69522.93,C,0.92,3.3,35000,0.2,0.9
SRV-001397,Facility Management,Building Management System Annual,"{""floors"": 5, ""monitoring"": true, ""reporting"": true}",Thiruvananthapuram,2024-11-19,Tender Document,3,238142.12,714426.36,B,0.866,4.0,180000,0.3,1.1
SRV-001398,IT Services,Network Maintenance Annual,"{""scope"": ""complete network"", ""support"": ""24x7"", ""response"": ""4hrs""}",Pune,2026-04-15,GeM Portal,12,275900.3,3310803.6,B,0.942,3.6,250000,0.3,0.95
SRV-001399,Facility Management,Security Guard Services Monthly,"{""guards"": 4, ""shift"": ""24x7"", ""armed"": false}",Patna,2026-02-10,Industry Report,1,76595.17,76595.17,A,0.868,4.5,80000,0.25,1.0
SRV-001400,Professional Services,Document Digitization Project,"{""pages"": 10000, ""scanning"": true, ""indexing"": true}",Bhopal,2025-11-05,Industry Report,6,65116.31,390697.86,A,0.935,3.1,50000,0.2,1.1
SRV-001401,IT Services,Network Maintenance Annual,"{""scope"": ""complete network"", ""support"": ""24x7"", ""response"": ""4hrs""}",Hyderabad,2024-09-25,GeM Portal,6,261203.4,1567220.4,C,0.985,4.2,250000,0.3,0.9
SRV-001402,IT Services,IT Helpdesk Support Monthly,"{""users"": 100, ""response"": ""1hr"", ""resolution"": ""4hrs""}",Chandigarh,2024-12-01,Dealer Price List,12,49112.59,589351.08,A,0.903,3.4,45000,0.25,1.1
SRV-001403,Professional Services,Web Development Project,"{""pages"": 20, ""responsive"": true, ""CMS"": true}",Jaipur,2025-12-15,Tender Document,6,254328.78,1525972.68,B,0.949,3.4,200000,0.35,1.1
SRV-001404,Facility Management,Electrical Maintenance Annual,"{""scope"": ""complete"", ""testing"": true, ""certification"": true}",Chandigarh,2025-06-07,Vendor Quotation,6,36910.17,221461.02,B,0.861,4.8,45000,0.2,0.95
SRV-001405,Facility Management,Plumbing Services Monthly,"{""scope"": ""complete building"", ""response"": ""24hrs""}",Jaipur,2025-08-01,Dealer Price List,12,10528.4,126340.8,C,0.898,3.6,15000,0.25,0.9
SRV-001406,Professional Services,Consulting Service Man-Day,"{""domain"": ""IT"", ""level"": ""senior"", ""travel"": true}",Thiruvananthapuram,2025-11-25,Dealer Price List,6,28943.57,173661.42,A,0.95,4.7,25000,0.25,1.1
SRV-001407,Professional Services,ERP Implementation,"{""modules"": ""complete"", ""users"": 100, ""customization"": ""moderate""}",Patna,2024-11-09,State e-Procurement,1,616032.75,616032.75,C,0.946,3.7,800000,0.35,1.1
SRV-001408,Professional Services,Annual Maintenance Contract IT,"{""scope"": ""complete IT"", ""support"": ""24x7"", ""spare_parts"": true}",Guwahati,2026-01-12,Previous Purchase Order,3,515326.52,1545979.56,B,0.892,3.0,400000,0.3,1.0
SRV-001409,Facility Management,Pest Control Quarterly,"{""area"": ""5000sqft"", ""type"": ""commercial"", ""guarantee"": ""3 months""}",Pune,2025-11-30,Tender Document,12,8488.15,101857.8,C,0.856,4.4,8000,0.2,1.1
SRV-001410,Professional Services,Consulting Service Man-Day,"{""domain"": ""IT"", ""level"": ""senior"", ""travel"": true}",Hyderabad,2024-09-08,GeM Portal,12,27525.51,330306.12,B,0.945,4.1,25000,0.25,0.9
SRV-001411,Facility Management,Security Guard Services Monthly,"{""guards"": 4, ""shift"": ""24x7"", ""armed"": false}",Thiruvananthapuram,2025-12-23,Industry Report,1,103082.37,103082.37,A,0.934,4.3,80000,0.25,1.1
SRV-001412,Facility Management,Electrical Maintenance Annual,"{""scope"": ""complete"", ""testing"": true, ""certification"": true}",Delhi,2025-07-01,Tender Document,6,35634.02,213804.12,B,0.888,3.9,45000,0.2,0.9
SRV-001413,Facility Management,Housekeeping Services Monthly,"{""area"": ""5000sqft"", ""staff"": 4, ""frequency"": ""daily""}",Mumbai,2024-09-22,Vendor Quotation,6,38224.01,229344.06,A,0.901,3.3,35000,0.2,0.9
SRV-001414,Facility Management,Garden Maintenance Monthly,"{""area"": ""2000sqft"", ""frequency"": ""weekly"", ""irrigation"": true}",Mumbai,2025-04-30,State e-Procurement,3,10696.9,32090.7,B,0.952,3.9,12000,0.25,0.95
SRV-001415,IT Services,Cloud Migration Service,"{""scope"": ""complete"", ""data"": ""10TB"", ""downtime"": ""minimal""}",Patna,2026-07-29,Central Public Procurement Portal,3,577617.76,1732853.28,A,0.908,4.8,500000,0.4,0.9
SRV-001416,Professional Services,Annual Maintenance Contract IT,"{""scope"": ""complete IT"", ""support"": ""24x7"", ""spare_parts"": true}",Lucknow,2024-11-29,Industry Report,12,510884.43,6130613.16,C,0.944,4.7,400000,0.3,1.1
SRV-001417,IT Services,Software AMC,"{""licenses"": 50, ""type"": ""enterprise"", ""support"": ""business hours""}",Mumbai,2025-04-08,Tender Document,12,163718.95,1964627.4,B,0.966,5.0,150000,0.3,0.95
SRV-001418,IT Services,Software AMC,"{""licenses"": 50, ""type"": ""enterprise"", ""support"": ""business hours""}",Chennai,2026-07-07,State e-Procurement,3,147163.8,441491.4,C,0.926,3.5,150000,0.3,0.9
SRV-001419,Facility Management,Housekeeping Services Monthly,"{""area"": ""5000sqft"", ""staff"": 4, ""frequency"": ""daily""}",Chennai,2026-06-13,GeM Portal,6,35684.02,214104.12,B,0.858,4.2,35000,0.2,0.95
SRV-001420,Facility Management,Pest Control Quarterly,"{""area"": ""5000sqft"", ""type"": ""commercial"", ""guarantee"": ""3 months""}",Thiruvananthapuram,2024-11-20,Central Public Procurement Portal,3,8351.14,25053.42,B,0.904,4.8,8000,0.2,1.1
SRV-001421,Professional Services,Consulting Service Man-Day,"{""domain"": ""IT"", ""level"": ""senior"", ""travel"": true}",Guwahati,2026-06-07,Previous Purchase Order,1,25156.48,25156.48,C,0.934,3.5,25000,0.25,0.95
SRV-001422,IT Services,Cloud Migration Service,"{""scope"": ""complete"", ""data"": ""10TB"", ""downtime"": ""minimal""}",Ahmedabad,2025-02-21,Industry Report,12,539200.79,6470409.48,A,0.907,3.7,500000,0.4,1.0
SRV-001423,Professional Services,Annual Maintenance Contract IT,"{""scope"": ""complete IT"", ""support"": ""24x7"", ""spare_parts"": true}",Bhopal,2026-03-14,Vendor Quotation,6,274201.68,1645210.08,C,0.926,3.6,400000,0.3,1.0
SRV-001424,IT Services,Network Maintenance Annual,"{""scope"": ""complete network"", ""support"": ""24x7"", ""response"": ""4hrs""}",Mumbai,2026-05-31,Dealer Price List,1,309923.29,309923.29,A,0.91,3.1,250000,0.3,0.95
SRV-001425,IT Services,Data Backup Service Monthly,"{""data"": ""5TB"", ""frequency"": ""daily"", ""retention"": ""90 days""}",Ahmedabad,2024-11-23,GeM Portal,1,32917.92,32917.92,B,0.921,3.0,25000,0.2,1.1
SRV-001426,Professional Services,ERP Implementation,"{""modules"": ""complete"", ""users"": 100, ""customization"": ""moderate""}",Pune,2024-12-21,Dealer Price List,12,1132416.64,13588999.68,A,0.958,4.4,800000,0.35,1.1
SRV-001427,Facility Management,Building Management System Annual,"{""floors"": 5, ""monitoring"": true, ""reporting"": true}",Bhopal,2025-04-18,Vendor Quotation,1,147409.98,147409.98,A,0.942,4.5,180000,0.3,0.95
SRV-001428,Facility Management,Building Management System Annual,"{""floors"": 5, ""monitoring"": true, ""reporting"": true}",Lucknow,2025-05-17,State e-Procurement,3,178430.2,535290.6,B,0.975,3.6,180000,0.3,0.95
SRV-001429,Facility Management,Pest Control Quarterly,"{""area"": ""5000sqft"", ""type"": ""commercial"", ""guarantee"": ""3 months""}",Pune,2026-05-24,GeM Portal,1,8524.6,8524.6,A,0.938,3.0,8000,0.2,0.95
SRV-001430,Facility Management,Plumbing Services Monthly,"{""scope"": ""complete building"", ""response"": ""24hrs""}",Lucknow,2025-04-24,Dealer Price List,1,13203.56,13203.56,B,0.97,3.1,15000,0.25,0.95
SRV-001431,IT Services,Cybersecurity Audit,"{""scope"": ""complete"", ""report"": true, ""remediation"": true}",Bhopal,2026-06-23,Dealer Price List,3,204487.76,613463.28,A,0.889,4.8,300000,0.35,0.95
SRV-001432,IT Services,Software AMC,"{""licenses"": 50, ""type"": ""enterprise"", ""support"": ""business hours""}",Chandigarh,2025-07-24,Online Marketplace,1,150767.72,150767.72,C,0.923,4.1,150000,0.3,0.9
SRV-001433,Professional Services,Web Development Project,"{""pages"": 20, ""responsive"": true, ""CMS"": true}",Pune,2026-08-15,Central Public Procurement Portal,6,153581.4,921488.4,C,0.964,3.2,200000,0.35,0.9
SRV-001434,IT Services,IT Helpdesk Support Monthly,"{""users"": 100, ""response"": ""1hr"", ""resolution"": ""4hrs""}",Ahmedabad,2026-08-12,GeM Portal,1,40243.93,40243.93,B,0.939,3.2,45000,0.25,0.9
SRV-001435,IT Services,Network Maintenance Annual,"{""scope"": ""complete network"", ""support"": ""24x7"", ""response"": ""4hrs""}",Delhi,2026-03-28,State e-Procurement,1,278235.17,278235.17,A,0.931,4.5,250000,0.3,1.0
SRV-001436,IT Services,Data Backup Service Monthly,"{""data"": ""5TB"", ""frequency"": ""daily"", ""retention"": ""90 days""}",Pune,2026-01-07,Tender Document,1,21709.19,21709.19,C,0.93,5.0,25000,0.2,1.0
SRV-001437,Facility Management,Housekeeping Services Monthly,"{""area"": ""5000sqft"", ""staff"": 4, ""frequency"": ""daily""}",Guwahati,2026-04-16,GeM Portal,1,32441.93,32441.93,A,0.988,4.4,35000,0.2,0.95
SRV-001438,Professional Services,Training Program 5-Day,"{""participants"": 20, ""topic"": ""IT"", ""certification"": true}",Lucknow,2025-11-16,Vendor Quotation,1,177553.91,177553.91,C,0.863,3.6,150000,0.3,1.1
SRV-001439,IT Services,IT Helpdesk Support Monthly,"{""users"": 100, ""response"": ""1hr"", ""resolution"": ""4hrs""}",Pune,2025-05-29,Dealer Price List,12,32578.71,390944.52,C,0.987,3.2,45000,0.25,0.95
SRV-001440,IT Services,Network Maintenance Annual,"{""scope"": ""complete network"", ""support"": ""24x7"", ""response"": ""4hrs""}",Guwahati,2025-11-03,Central Public Procurement Portal,6,256762.36,1540574.16,C,0.851,4.4,250000,0.3,1.1
SRV-001441,IT Services,Network Maintenance Annual,"{""scope"": ""complete network"", ""support"": ""24x7"", ""response"": ""4hrs""}",Thiruvananthapuram,2025-12-27,Online Marketplace,3,247540.47,742621.41,A,0.868,3.7,250000,0.3,1.1
SRV-001442,Professional Services,Mobile App Development,"{""platform"": ""both"", ""features"": ""moderate"", ""maintenance"": ""6 months""}",Hyderabad,2025-01-14,Central Public Procurement Portal,6,516260.11,3097560.66,B,0.882,3.0,400000,0.4,1.0
SRV-001443,IT Services,Cybersecurity Audit,"{""scope"": ""complete"", ""report"": true, ""remediation"": true}",Patna,2025-03-17,Industry Report,12,358530.41,4302364.92,C,0.933,4.4,300000,0.35,1.0
SRV-001444,IT Services,Cloud Migration Service,"{""scope"": ""complete"", ""data"": ""10TB"", ""downtime"": ""minimal""}",Ahmedabad,2026-04-29,State e-Procurement,12,585778.17,7029338.04,A,0.87,4.2,500000,0.4,0.95
SRV-001445,IT Services,IT Helpdesk Support Monthly,"{""users"": 100, ""response"": ""1hr"", ""resolution"": ""4hrs""}",Thiruvananthapuram,2025-09-18,State e-Procurement,6,33036.17,198217.02,B,0.906,4.1,45000,0.25,0.9
SRV-001446,Professional Services,Training Program 5-Day,"{""participants"": 20, ""topic"": ""IT"", ""certification"": true}",Hyderabad,2026-07-13,Industry Report,6,163264.33,979585.98,A,0.855,4.6,150000,0.3,0.9
SRV-001447,Professional Services,Mobile App Development,"{""platform"": ""both"", ""features"": ""moderate"", ""maintenance"": ""6 months""}",Patna,2025-03-06,Central Public Procurement Portal,3,425065.66,1275196.98,C,0.861,3.3,400000,0.4,1.0
SRV-001448,Facility Management,Building Management System Annual,"{""floors"": 5, ""monitoring"": true, ""reporting"": true}",Thiruvananthapuram,2024-11-05,Previous Purchase Order,1,220175.06,220175.06,C,0.958,5.0,180000,0.3,1.1
SRV-001449,Facility Management,Plumbing Services Monthly,"{""scope"": ""complete building"", ""response"": ""24hrs""}",Ahmedabad,2024-11-24,Industry Report,1,14470.4,14470.4,B,0.918,3.5,15000,0.25,1.1
SRV-001450,IT Services,Software AMC,"{""licenses"": 50, ""type"": ""enterprise"", ""support"": ""business hours""}",Bangalore,2024-10-21,Previous Purchase Order,12,206865.69,2482388.28,A,0.868,3.1,150000,0.3,1.1
SRV-001451,IT Services,Server Maintenance Annual,"{""servers"": 5, ""support"": ""24x7"", ""response"": ""4hrs""}",Hyderabad,2025-12-29,State e-Procurement,12,262628.08,3151536.96,A,0.936,4.8,180000,0.25,1.1
SRV-001452,Professional Services,ERP Implementation,"{""modules"": ""complete"", ""users"": 100, ""customization"": ""moderate""}",Kolkata,2025-05-22,Tender Document,1,973241.78,973241.78,B,0.988,3.9,800000,0.35,0.95
SRV-001453,Professional Services,Mobile App Development,"{""platform"": ""both"", ""features"": ""moderate"", ""maintenance"": ""6 months""}",Bangalore,2026-03-13,GeM Portal,12,348897.04,4186764.48,A,0.853,4.1,400000,0.4,1.0
SRV-001454,IT Services,Data Backup Service Monthly,"{""data"": ""5TB"", ""frequency"": ""daily"", ""retention"": ""90 days""}",Chennai,2026-08-04,State e-Procurement,1,25154.17,25154.17,A,0.928,3.5,25000,0.2,0.9
SRV-001455,Professional Services,Training Program 5-Day,"{""participants"": 20, ""topic"": ""IT"", ""certification"": true}",Ahmedabad,2025-05-02,Online Marketplace,6,147361.42,884168.52,B,0.956,3.5,150000,0.3,0.95
SRV-001456,Professional Services,Mobile App Development,"{""platform"": ""both"", ""features"": ""moderate"", ""maintenance"": ""6 months""}",Bangalore,2025-04-05,Tender Document,1,333929.01,333929.01,C,0.965,4.4,400000,0.4,0.95
SRV-001457,Facility Management,Security Guard Services Monthly,"{""guards"": 4, ""shift"": ""24x7"", ""armed"": false}",Lucknow,2026-07-05,GeM Portal,12,85363.07,1024356.84,B,0.874,3.1,80000,0.25,0.9
SRV-001458,IT Services,Network Maintenance Annual,"{""scope"": ""complete network"", ""support"": ""24x7"", ""response"": ""4hrs""}",Bhopal,2025-06-17,Online Marketplace,12,183262.15,2199145.8,B,0.873,4.1,250000,0.3,0.95
SRV-001459,Facility Management,Security Guard Services Monthly,"{""guards"": 4, ""shift"": ""24x7"", ""armed"": false}",Lucknow,2026-07-17,Online Marketplace,3,80057.55,240172.65,C,0.9,4.9,80000,0.25,0.9
SRV-001460,Professional Services,Consulting Service Man-Day,"{""domain"": ""IT"", ""level"": ""senior"", ""travel"": true}",Guwahati,2024-10-21,Online Marketplace,1,21150.26,21150.26,B,0.98,3.4,25000,0.25,1.1
SRV-001461,Professional Services,Web Development Project,"{""pages"": 20, ""responsive"": true, ""CMS"": true}",Kolkata,2026-04-15,Dealer Price List,6,258478.91,1550873.46,B,0.983,3.4,200000,0.35,0.95
SRV-001462,Professional Services,ERP Implementation,"{""modules"": ""complete"", ""users"": 100, ""customization"": ""moderate""}",Guwahati,2025-09-24,Previous Purchase Order,6,558511.1,3351066.6,C,0.919,3.8,800000,0.35,0.9
SRV-001463,Professional Services,ERP Implementation,"{""modules"": ""complete"", ""users"": 100, ""customization"": ""moderate""}",Patna,2025-08-31,Online Marketplace,12,804434.1,9653209.2,B,0.986,4.2,800000,0.35,0.9
SRV-001464,Professional Services,Web Development Project,"{""pages"": 20, ""responsive"": true, ""CMS"": true}",Chennai,2026-04-27,Dealer Price List,3,232361.78,697085.34,B,0.938,3.9,200000,0.35,0.95
SRV-001465,Facility Management,Security Guard Services Monthly,"{""guards"": 4, ""shift"": ""24x7"", ""armed"": false}",Ahmedabad,2024-12-31,Tender Document,3,115471.87,346415.61,A,0.904,4.4,80000,0.25,1.1
SRV-001466,Professional Services,Annual Maintenance Contract IT,"{""scope"": ""complete IT"", ""support"": ""24x7"", ""spare_parts"": true}",Ahmedabad,2026-03-22,Vendor Quotation,12,368232.58,4418790.96,A,0.886,3.8,400000,0.3,1.0
SRV-001467,Facility Management,Garden Maintenance Monthly,"{""area"": ""2000sqft"", ""frequency"": ""weekly"", ""irrigation"": true}",Hyderabad,2025-02-17,Previous Purchase Order,6,10476.37,62858.22,C,0.857,4.7,12000,0.25,1.0
SRV-001468,IT Services,Cloud Migration Service,"{""scope"": ""complete"", ""data"": ""10TB"", ""downtime"": ""minimal""}",Guwahati,2024-12-18,Previous Purchase Order,12,358292.67,4299512.04,B,0.974,3.3,500000,0.4,1.1
SRV-001469,Professional Services,ERP Implementation,"{""modules"": ""complete"", ""users"": 100, ""customization"": ""moderate""}",Hyderabad,2024-10-24,Previous Purchase Order,3,745006.36,2235019.08,A,0.92,4.0,800000,0.35,1.1
SRV-001470,Professional Services,Web Development Project,"{""pages"": 20, ""responsive"": true, ""CMS"": true}",Bhopal,2026-03-12,GeM Portal,1,189387.55,189387.55,C,0.89,4.3,200000,0.35,1.0
SRV-001471,Facility Management,Security Guard Services Monthly,"{""guards"": 4, ""shift"": ""24x7"", ""armed"": false}",Pune,2025-09-18,Online Marketplace,6,70293.47,421760.82,C,0.966,4.5,80000,0.25,0.9
SRV-001472,Facility Management,Security Guard Services Monthly,"{""guards"": 4, ""shift"": ""24x7"", ""armed"": false}",Jaipur,2026-02-23,Tender Document,3,83318.86,249956.58,A,0.969,4.8,80000,0.25,1.0
SRV-001473,IT Services,Software AMC,"{""licenses"": 50, ""type"": ""enterprise"", ""support"": ""business hours""}",Thiruvananthapuram,2025-12-11,Industry Report,6,185514.74,1113088.44,A,0.88,4.8,150000,0.3,1.1
SRV-001474,Facility Management,Garden Maintenance Monthly,"{""area"": ""2000sqft"", ""frequency"": ""weekly"", ""irrigation"": true}",Jaipur,2026-04-05,State e-Procurement,12,8667.03,104004.36,C,0.857,3.7,12000,0.25,0.95
SRV-001475,Facility Management,Building Management System Annual,"{""floors"": 5, ""monitoring"": true, ""reporting"": true}",Ahmedabad,2025-10-12,Industry Report,3,202467.24,607401.72,C,0.979,4.3,180000,0.3,1.1
SRV-001476,Professional Services,Web Development Project,"{""pages"": 20, ""responsive"": true, ""CMS"": true}",Thiruvananthapuram,2024-09-01,Vendor Quotation,1,213238.49,213238.49,C,0.863,3.1,200000,0.35,0.9
SRV-001477,IT Services,Server Maintenance Annual,"{""servers"": 5, ""support"": ""24x7"", ""response"": ""4hrs""}",Chennai,2024-11-02,Dealer Price List,1,238856.41,238856.41,B,0.92,3.1,180000,0.25,1.1
SRV-001478,Professional Services,Web Development Project,"{""pages"": 20, ""responsive"": true, ""CMS"": true}",Patna,2024-09-29,Industry Report,12,144873.55,1738482.6,B,0.884,3.7,200000,0.35,0.9
SRV-001479,IT Services,Network Maintenance Annual,"{""scope"": ""complete network"", ""support"": ""24x7"", ""response"": ""4hrs""}",Patna,2026-05-19,Previous Purchase Order,1,189709.83,189709.83,A,0.977,4.0,250000,0.3,0.95
SRV-001480,Facility Management,Plumbing Services Monthly,"{""scope"": ""complete building"", ""response"": ""24hrs""}",Thiruvananthapuram,2026-04-30,Tender Document,12,13921.09,167053.08,C,0.859,3.1,15000,0.25,0.95
SRV-001481,IT Services,Server Maintenance Annual,"{""servers"": 5, ""support"": ""24x7"", ""response"": ""4hrs""}",Mumbai,2025-12-12,Industry Report,6,211694.7,1270168.2,C,0.924,4.8,180000,0.25,1.1
SRV-001482,IT Services,Cybersecurity Audit,"{""scope"": ""complete"", ""report"": true, ""remediation"": true}",Mumbai,2025-08-17,Central Public Procurement Portal,12,312939.11,3755269.32,C,0.878,4.3,300000,0.35,0.9
SRV-001483,Professional Services,Training Program 5-Day,"{""participants"": 20, ""topic"": ""IT"", ""certification"": true}",Hyderabad,2025-01-05,GeM Portal,12,172010.92,2064131.04,A,0.909,3.9,150000,0.3,1.0
SRV-001484,IT Services,Cybersecurity Audit,"{""scope"": ""complete"", ""report"": true, ""remediation"": true}",Ahmedabad,2026-07-26,Industry Report,12,347594.38,4171132.56,B,0.864,3.6,300000,0.35,0.9
SRV-001485,Professional Services,Consulting Service Man-Day,"{""domain"": ""IT"", ""level"": ""senior"", ""travel"": true}",Thiruvananthapuram,2026-04-17,State e-Procurement,1,24196.08,24196.08,B,0.948,4.3,25000,0.25,0.95
SRV-001486,IT Services,Data Backup Service Monthly,"{""data"": ""5TB"", ""frequency"": ""daily"", ""retention"": ""90 days""}",Lucknow,2026-05-16,Tender Document,1,30740.17,30740.17,A,0.961,4.1,25000,0.2,0.95
SRV-001487,Professional Services,Consulting Service Man-Day,"{""domain"": ""IT"", ""level"": ""senior"", ""travel"": true}",Guwahati,2025-10-21,Previous Purchase Order,1,25934.58,25934.58,A,0.913,4.4,25000,0.25,1.1
SRV-001488,IT Services,Server Maintenance Annual,"{""servers"": 5, ""support"": ""24x7"", ""response"": ""4hrs""}",Ahmedabad,2025-12-31,Dealer Price List,1,254604.08,254604.08,A,0.984,4.2,180000,0.25,1.1
SRV-001489,Professional Services,Training Program 5-Day,"{""participants"": 20, ""topic"": ""IT"", ""certification"": true}",Hyderabad,2025-01-16,Online Marketplace,3,160313.55,480940.65,B,0.86,3.3,150000,0.3,1.0
SRV-001490,Facility Management,Plumbing Services Monthly,"{""scope"": ""complete building"", ""response"": ""24hrs""}",Pune,2025-01-29,Vendor Quotation,3,13982.29,41946.87,A,0.897,4.3,15000,0.25,1.0
SRV-001491,Facility Management,Building Management System Annual,"{""floors"": 5, ""monitoring"": true, ""reporting"": true}",Chennai,2025-07-11,State e-Procurement,12,183601.31,2203215.72,B,0.916,3.6,180000,0.3,0.9
SRV-001492,Professional Services,Mobile App Development,"{""platform"": ""both"", ""features"": ""moderate"", ""maintenance"": ""6 months""}",Bhopal,2026-05-21,Central Public Procurement Portal,3,517658.9,1552976.7,B,0.862,4.9,400000,0.4,0.95
SRV-001493,IT Services,Data Backup Service Monthly,"{""data"": ""5TB"", ""frequency"": ""daily"", ""retention"": ""90 days""}",Delhi,2025-09-05,Dealer Price List,12,22881.26,274575.12,A,0.922,3.2,25000,0.2,0.9
SRV-001494,IT Services,Software AMC,"{""licenses"": 50, ""type"": ""enterprise"", ""support"": ""business hours""}",Mumbai,2026-02-09,Previous Purchase Order,6,121737.43,730424.58,B,0.954,3.5,150000,0.3,1.0
SRV-001495,IT Services,Cybersecurity Audit,"{""scope"": ""complete"", ""report"": true, ""remediation"": true}",Chennai,2025-07-29,GeM Portal,6,273352.37,1640114.22,C,0.904,4.8,300000,0.35,0.9
SRV-001496,Professional Services,Training Program 5-Day,"{""participants"": 20, ""topic"": ""IT"", ""certification"": true}",Patna,2025-11-03,Central Public Procurement Portal,3,220250.94,660752.82,A,0.922,3.5,150000,0.3,1.1
SRV-001497,Professional Services,Consulting Service Man-Day,"{""domain"": ""IT"", ""level"": ""senior"", ""travel"": true}",Guwahati,2025-06-22,Central Public Procurement Portal,6,20106.56,120639.36,B,0.984,3.4,25000,0.25,0.95
SRV-001498,Professional Services,Document Digitization Project,"{""pages"": 10000, ""scanning"": true, ""indexing"": true}",Bangalore,2024-12-17,Tender Document,6,67148.17,402889.02,B,0.988,3.7,50000,0.2,1.1
SRV-001499,IT Services,Software AMC,"{""licenses"": 50, ""type"": ""enterprise"", ""support"": ""business hours""}",Jaipur,2024-10-15,Previous Purchase Order,6,150300.15,901800.9,B,0.939,4.9,150000,0.3,1.1
SRV-001500,IT Services,Cybersecurity Audit,"{""scope"": ""complete"", ""report"": true, ""remediation"": true}",Thiruvananthapuram,2025-04-05,Previous Purchase Order,3,380003.82,1140011.46,B,0.949,4.5,300000,0.35,0.95
SRV-001501,Professional Services,Consulting Service Man-Day,"{""domain"": ""IT"", ""level"": ""senior"", ""travel"": true}",Ahmedabad,2024-10-20,State e-Procurement,6,28371.78,170230.68,B,0.956,4.7,25000,0.25,1.1
SRV-001502,Professional Services,Training Program 5-Day,"{""participants"": 20, ""topic"": ""IT"", ""certification"": true}",Patna,2024-12-23,Tender Document,3,147261.09,441783.27,C,0.937,4.1,150000,0.3,1.1
SRV-001503,IT Services,IT Helpdesk Support Monthly,"{""users"": 100, ""response"": ""1hr"", ""resolution"": ""4hrs""}",Kolkata,2025-08-30,Industry Report,6,42813.51,256881.06,C,0.9,3.4,45000,0.25,0.9
SRV-001504,IT Services,Data Backup Service Monthly,"{""data"": ""5TB"", ""frequency"": ""daily"", ""retention"": ""90 days""}",Chandigarh,2026-03-16,Previous Purchase Order,1,27019.08,27019.08,A,0.879,4.0,25000,0.2,1.0
SRV-001505,IT Services,Network Maintenance Annual,"{""scope"": ""complete network"", ""support"": ""24x7"", ""response"": ""4hrs""}",Kolkata,2026-04-19,Online Marketplace,12,360760.6,4329127.2,A,0.97,3.3,250000,0.3,0.95
SRV-001506,Facility Management,Electrical Maintenance Annual,"{""scope"": ""complete"", ""testing"": true, ""certification"": true}",Hyderabad,2025-08-03,Previous Purchase Order,1,57389.1,57389.1,A,0.854,4.3,45000,0.2,0.9
SRV-001507,Professional Services,ERP Implementation,"{""modules"": ""complete"", ""users"": 100, ""customization"": ""moderate""}",Ahmedabad,2025-07-25,Tender Document,3,947504.07,2842512.21,B,0.861,4.2,800000,0.35,0.9
SRV-001508,Professional Services,Training Program 5-Day,"{""participants"": 20, ""topic"": ""IT"", ""certification"": true}",Lucknow,2026-01-10,State e-Procurement,6,206132.38,1236794.28,A,0.851,4.3,150000,0.3,1.0
SRV-001509,IT Services,Data Backup Service Monthly,"{""data"": ""5TB"", ""frequency"": ""daily"", ""retention"": ""90 days""}",Guwahati,2026-07-16,GeM Portal,3,20046.71,60140.13,C,0.899,4.3,25000,0.2,0.9
SRV-001510,Professional Services,ERP Implementation,"{""modules"": ""complete"", ""users"": 100, ""customization"": ""moderate""}",Bhopal,2026-01-30,Industry Report,6,494561.86,2967371.16,C,0.955,3.0,800000,0.35,1.0
SRV-001511,Professional Services,Mobile App Development,"{""platform"": ""both"", ""features"": ""moderate"", ""maintenance"": ""6 months""}",Guwahati,2025-07-05,Industry Report,3,273957.74,821873.22,C,0.921,3.8,400000,0.4,0.9
SRV-001512,Facility Management,Building Management System Annual,"{""floors"": 5, ""monitoring"": true, ""reporting"": true}",Guwahati,2024-10-03,Dealer Price List,3,157615.33,472845.99,C,0.966,4.9,180000,0.3,1.1
SRV-001513,IT Services,Server Maintenance Annual,"{""servers"": 5, ""support"": ""24x7"", ""response"": ""4hrs""}",Guwahati,2026-03-10,Industry Report,6,213634.14,1281804.84,B,0.923,4.8,180000,0.25,1.0
SRV-001514,Professional Services,Document Digitization Project,"{""pages"": 10000, ""scanning"": true, ""indexing"": true}",Guwahati,2026-07-17,Dealer Price List,3,57833.06,173499.18,A,0.907,3.6,50000,0.2,0.9
SRV-001515,IT Services,Data Backup Service Monthly,"{""data"": ""5TB"", ""frequency"": ""daily"", ""retention"": ""90 days""}",Guwahati,2026-06-15,Central Public Procurement Portal,6,19933.52,119601.12,B,0.917,4.9,25000,0.2,0.95
SRV-001516,IT Services,Cloud Migration Service,"{""scope"": ""complete"", ""data"": ""10TB"", ""downtime"": ""minimal""}",Chennai,2025-08-10,Vendor Quotation,3,474324.38,1422973.14,C,0.866,3.3,500000,0.4,0.9
SRV-001517,Facility Management,Security Guard Services Monthly,"{""guards"": 4, ""shift"": ""24x7"", ""armed"": false}",Patna,2025-01-19,Previous Purchase Order,3,70721.04,212163.12,C,0.983,3.7,80000,0.25,1.0
SRV-001518,IT Services,Software AMC,"{""licenses"": 50, ""type"": ""enterprise"", ""support"": ""business hours""}",Mumbai,2025-06-05,Industry Report,6,167054.38,1002326.28,C,0.936,4.2,150000,0.3,0.95
SRV-001519,Facility Management,Security Guard Services Monthly,"{""guards"": 4, ""shift"": ""24x7"", ""armed"": false}",Jaipur,2025-02-04,Dealer Price List,1,94394.99,94394.99,B,0.85,3.4,80000,0.25,1.0
SRV-001520,Facility Management,Housekeeping Services Monthly,"{""area"": ""5000sqft"", ""staff"": 4, ""frequency"": ""daily""}",Chennai,2024-09-17,Industry Report,3,28821.0,86463.0,C,0.872,3.1,35000,0.2,0.9
SRV-001521,Facility Management,Plumbing Services Monthly,"{""scope"": ""complete building"", ""response"": ""24hrs""}",Chandigarh,2024-09-20,Tender Document,1,12359.35,12359.35,C,0.924,4.7,15000,0.25,0.9
SRV-001522,IT Services,Software AMC,"{""licenses"": 50, ""type"": ""enterprise"", ""support"": ""business hours""}",Thiruvananthapuram,2025-02-13,Previous Purchase Order,6,209437.11,1256622.66,A,0.925,4.9,150000,0.3,1.0
SRV-001523,Facility Management,Security Guard Services Monthly,"{""guards"": 4, ""shift"": ""24x7"", ""armed"": false}",Bhopal,2026-01-12,Dealer Price List,12,80105.73,961268.76,C,0.887,4.9,80000,0.25,1.0
SRV-001524,Facility Management,Security Guard Services Monthly,"{""guards"": 4, ""shift"": ""24x7"", ""armed"": false}",Chandigarh,2026-04-13,Vendor Quotation,1,82362.84,82362.84,B,0.908,4.4,80000,0.25,0.95
SRV-001525,IT Services,Network Maintenance Annual,"{""scope"": ""complete network"", ""support"": ""24x7"", ""response"": ""4hrs""}",Chandigarh,2025-02-02,State e-Procurement,12,235196.92,2822363.04,B,0.866,4.4,250000,0.3,1.0
SRV-001526,Professional Services,ERP Implementation,"{""modules"": ""complete"", ""users"": 100, ""customization"": ""moderate""}",Bangalore,2025-04-13,Dealer Price List,1,1046990.29,1046990.29,B,0.882,4.9,800000,0.35,0.95
SRV-001527,Facility Management,Security Guard Services Monthly,"{""guards"": 4, ""shift"": ""24x7"", ""armed"": false}",Pune,2026-03-31,Dealer Price List,12,72699.45,872393.4,A,0.886,3.1,80000,0.25,1.0
SRV-001528,Professional Services,ERP Implementation,"{""modules"": ""complete"", ""users"": 100, ""customization"": ""moderate""}",Delhi,2025-07-30,Online Marketplace,1,605238.99,605238.99,C,0.937,4.8,800000,0.35,0.9
SRV-001529,Professional Services,Document Digitization Project,"{""pages"": 10000, ""scanning"": true, ""indexing"": true}",Bangalore,2025-10-01,Tender Document,12,66939.2,803270.4,C,0.916,4.4,50000,0.2,1.1
SRV-001530,Professional Services,ERP Implementation,"{""modules"": ""complete"", ""users"": 100, ""customization"": ""moderate""}",Lucknow,2025-10-24,Previous Purchase Order,12,1200839.48,14410073.76,A,0.915,4.6,800000,0.35,1.1
SRV-001531,Facility Management,Building Management System Annual,"{""floors"": 5, ""monitoring"": true, ""reporting"": true}",Lucknow,2026-01-20,Vendor Quotation,1,195939.11,195939.11,A,0.904,4.1,180000,0.3,1.0
SRV-001532,IT Services,Software AMC,"{""licenses"": 50, ""type"": ""enterprise"", ""support"": ""business hours""}",Pune,2025-09-27,Tender Document,1,167554.74,167554.74,B,0.9,4.1,150000,0.3,0.9
SRV-001533,IT Services,Cloud Migration Service,"{""scope"": ""complete"", ""data"": ""10TB"", ""downtime"": ""minimal""}",Bhopal,2026-05-09,State e-Procurement,1,567675.84,567675.84,C,0.987,3.5,500000,0.4,0.95
SRV-001534,Facility Management,Plumbing Services Monthly,"{""scope"": ""complete building"", ""response"": ""24hrs""}",Bhopal,2025-12-10,GeM Portal,3,13965.86,41897.58,B,0.945,3.8,15000,0.25,1.1
SRV-001535,IT Services,Server Maintenance Annual,"{""servers"": 5, ""support"": ""24x7"", ""response"": ""4hrs""}",Chandigarh,2026-04-15,Industry Report,6,117288.91,703733.46,C,0.899,4.6,180000,0.25,0.95
SRV-001536,IT Services,Server Maintenance Annual,"{""servers"": 5, ""support"": ""24x7"", ""response"": ""4hrs""}",Lucknow,2025-06-07,Central Public Procurement Portal,12,196430.0,2357160.0,B,0.919,3.9,180000,0.25,0.95
SRV-001537,IT Services,Server Maintenance Annual,"{""servers"": 5, ""support"": ""24x7"", ""response"": ""4hrs""}",Bhopal,2025-05-25,GeM Portal,3,160018.1,480054.3,C,0.881,4.1,180000,0.25,0.95
SRV-001538,Professional Services,Consulting Service Man-Day,"{""domain"": ""IT"", ""level"": ""senior"", ""travel"": true}",Ahmedabad,2024-10-24,Central Public Procurement Portal,6,18699.2,112195.2,C,0.917,3.7,25000,0.25,1.1
SRV-001539,Professional Services,ERP Implementation,"{""modules"": ""complete"", ""users"": 100, ""customization"": ""moderate""}",Chandigarh,2025-11-14,Industry Report,3,987719.68,2963159.04,B,0.939,3.8,800000,0.35,1.1
SRV-001540,IT Services,Network Maintenance Annual,"{""scope"": ""complete network"", ""support"": ""24x7"", ""response"": ""4hrs""}",Ahmedabad,2025-09-07,Previous Purchase Order,12,142633.67,1711604.04,C,0.885,4.3,250000,0.3,0.9
SRV-001541,Professional Services,Training Program 5-Day,"{""participants"": 20, ""topic"": ""IT"", ""certification"": true}",Ahmedabad,2026-04-16,Previous Purchase Order,6,95344.13,572064.78,C,0.865,4.3,150000,0.3,0.95
SRV-001542,Facility Management,Building Management System Annual,"{""floors"": 5, ""monitoring"": true, ""reporting"": true}",Guwahati,2026-05-08,Industry Report,3,177517.56,532552.68,C,0.895,4.0,180000,0.3,0.95
SRV-001543,IT Services,Cloud Migration Service,"{""scope"": ""complete"", ""data"": ""10TB"", ""downtime"": ""minimal""}",Chennai,2026-02-20,Vendor Quotation,3,776333.53,2329000.59,B,0.893,4.6,500000,0.4,1.0
SRV-001544,IT Services,Data Backup Service Monthly,"{""data"": ""5TB"", ""frequency"": ""daily"", ""retention"": ""90 days""}",Pune,2026-07-09,Vendor Quotation,12,26790.09,321481.08,B,0.917,4.5,25000,0.2,0.9
SRV-001545,Professional Services,ERP Implementation,"{""modules"": ""complete"", ""users"": 100, ""customization"": ""moderate""}",Ahmedabad,2025-07-26,Tender Document,1,855141.11,855141.11,B,0.92,4.6,800000,0.35,0.9
SRV-001546,Facility Management,Housekeeping Services Monthly,"{""area"": ""5000sqft"", ""staff"": 4, ""frequency"": ""daily""}",Bangalore,2026-07-26,Industry Report,12,30261.85,363142.2,B,0.91,4.9,35000,0.2,0.9
SRV-001547,Facility Management,Garden Maintenance Monthly,"{""area"": ""2000sqft"", ""frequency"": ""weekly"", ""irrigation"": true}",Delhi,2025-01-06,Online Marketplace,6,10804.02,64824.12,C,0.939,4.2,12000,0.25,1.0
SRV-001548,IT Services,Cybersecurity Audit,"{""scope"": ""complete"", ""report"": true, ""remediation"": true}",Patna,2024-08-20,Industry Report,12,220611.9,2647342.8,A,0.905,4.4,300000,0.35,0.9
SRV-001549,IT Services,Network Maintenance Annual,"{""scope"": ""complete network"", ""support"": ""24x7"", ""response"": ""4hrs""}",Pune,2024-11-25,Tender Document,6,376451.27,2258707.62,B,0.907,3.2,250000,0.3,1.1
SRV-001550,Facility Management,Building Management System Annual,"{""floors"": 5, ""monitoring"": true, ""reporting"": true}",Guwahati,2026-04-01,Vendor Quotation,6,144567.82,867406.92,B,0.903,4.1,180000,0.3,0.95
SRV-001551,Facility Management,Pest Control Quarterly,"{""area"": ""5000sqft"", ""type"": ""commercial"", ""guarantee"": ""3 months""}",Guwahati,2024-10-23,Central Public Procurement Portal,6,7066.44,42398.64,C,0.882,4.6,8000,0.2,1.1
SRV-001552,IT Services,Server Maintenance Annual,"{""servers"": 5, ""support"": ""24x7"", ""response"": ""4hrs""}",Chandigarh,2026-08-04,Previous Purchase Order,6,179526.58,1077159.48,C,0.895,4.4,180000,0.25,0.9
SRV-001553,IT Services,Cybersecurity Audit,"{""scope"": ""complete"", ""report"": true, ""remediation"": true}",Pune,2025-11-01,Tender Document,3,281933.21,845799.63,C,0.944,4.6,300000,0.35,1.1
SRV-001554,Facility Management,Electrical Maintenance Annual,"{""scope"": ""complete"", ""testing"": true, ""certification"": true}",Thiruvananthapuram,2026-06-28,Online Marketplace,1,38548.35,38548.35,A,0.934,4.1,45000,0.2,0.95
SRV-001555,IT Services,Cybersecurity Audit,"{""scope"": ""complete"", ""report"": true, ""remediation"": true}",Chandigarh,2026-08-11,State e-Procurement,12,207788.77,2493465.24,C,0.887,4.2,300000,0.35,0.9
SRV-001556,IT Services,Cloud Migration Service,"{""scope"": ""complete"", ""data"": ""10TB"", ""downtime"": ""minimal""}",Chandigarh,2025-02-21,Vendor Quotation,1,524334.83,524334.83,C,0.855,4.1,500000,0.4,1.0
SRV-001557,Professional Services,Mobile App Development,"{""platform"": ""both"", ""features"": ""moderate"", ""maintenance"": ""6 months""}",Bhopal,2025-04-17,State e-Procurement,1,307801.67,307801.67,A,0.87,4.2,400000,0.4,0.95
SRV-001558,Professional Services,Consulting Service Man-Day,"{""domain"": ""IT"", ""level"": ""senior"", ""travel"": true}",Lucknow,2025-01-23,Vendor Quotation,12,24899.46,298793.52,A,0.912,3.7,25000,0.25,1.0
SRV-001559,Professional Services,Mobile App Development,"{""platform"": ""both"", ""features"": ""moderate"", ""maintenance"": ""6 months""}",Mumbai,2025-09-12,Online Marketplace,1,485968.57,485968.57,A,0.985,3.7,400000,0.4,0.9
SRV-001560,Professional Services,Web Development Project,"{""pages"": 20, ""responsive"": true, ""CMS"": true}",Ahmedabad,2025-05-08,Industry Report,1,221957.82,221957.82,B,0.886,4.0,200000,0.35,0.95
SRV-001561,IT Services,Cybersecurity Audit,"{""scope"": ""complete"", ""report"": true, ""remediation"": true}",Delhi,2025-06-03,Tender Document,12,265938.9,3191266.8,C,0.896,3.9,300000,0.35,0.95
SRV-001562,Professional Services,Annual Maintenance Contract IT,"{""scope"": ""complete IT"", ""support"": ""24x7"", ""spare_parts"": true}",Hyderabad,2026-04-11,State e-Procurement,3,346357.14,1039071.42,B,0.88,4.4,400000,0.3,0.95
SRV-001563,Facility Management,Electrical Maintenance Annual,"{""scope"": ""complete"", ""testing"": true, ""certification"": true}",Thiruvananthapuram,2025-09-11,Central Public Procurement Portal,3,49378.56,148135.68,A,0.889,3.8,45000,0.2,0.9
SRV-001564,IT Services,Cybersecurity Audit,"{""scope"": ""complete"", ""report"": true, ""remediation"": true}",Mumbai,2025-05-29,Online Marketplace,1,206907.98,206907.98,B,0.959,4.2,300000,0.35,0.95
SRV-001565,Facility Management,Garden Maintenance Monthly,"{""area"": ""2000sqft"", ""frequency"": ""weekly"", ""irrigation"": true}",Chennai,2026-01-19,Central Public Procurement Portal,12,12110.82,145329.84,A,0.964,3.4,12000,0.25,1.0
SRV-001566,Facility Management,Electrical Maintenance Annual,"{""scope"": ""complete"", ""testing"": true, ""certification"": true}",Chennai,2025-12-16,Central Public Procurement Portal,3,51597.56,154792.68,B,0.929,3.9,45000,0.2,1.1
SRV-001567,Professional Services,Annual Maintenance Contract IT,"{""scope"": ""complete IT"", ""support"": ""24x7"", ""spare_parts"": true}",Bhopal,2024-09-25,Dealer Price List,3,446344.08,1339032.24,B,0.881,4.5,400000,0.3,0.9
SRV-001568,Facility Management,Pest Control Quarterly,"{""area"": ""5000sqft"", ""type"": ""commercial"", ""guarantee"": ""3 months""}",Lucknow,2025-04-02,Vendor Quotation,6,6563.55,39381.3,B,0.936,4.7,8000,0.2,0.95
SRV-001569,IT Services,Network Maintenance Annual,"{""scope"": ""complete network"", ""support"": ""24x7"", ""response"": ""4hrs""}",Guwahati,2026-04-10,Tender Document,12,231501.0,2778012.0,B,0.951,4.6,250000,0.3,0.95
SRV-001570,Facility Management,Plumbing Services Monthly,"{""scope"": ""complete building"", ""response"": ""24hrs""}",Thiruvananthapuram,2026-04-28,Industry Report,3,11656.69,34970.07,B,0.949,4.8,15000,0.25,0.95
SRV-001571,Professional Services,Web Development Project,"{""pages"": 20, ""responsive"": true, ""CMS"": true}",Ahmedabad,2025-04-25,State e-Procurement,6,220173.02,1321038.12,A,0.876,3.3,200000,0.35,0.95
SRV-001572,Facility Management,Electrical Maintenance Annual,"{""scope"": ""complete"", ""testing"": true, ""certification"": true}",Bhopal,2025-06-21,Vendor Quotation,1,42505.62,42505.62,A,0.864,4.0,45000,0.2,0.95
SRV-001573,Professional Services,Mobile App Development,"{""platform"": ""both"", ""features"": ""moderate"", ""maintenance"": ""6 months""}",Kolkata,2025-12-22,Central Public Procurement Portal,1,309408.88,309408.88,B,0.912,3.9,400000,0.4,1.1
SRV-001574,IT Services,Server Maintenance Annual,"{""servers"": 5, ""support"": ""24x7"", ""response"": ""4hrs""}",Kolkata,2026-08-06,Online Marketplace,12,168720.2,2024642.4,C,0.857,3.2,180000,0.25,0.9
SRV-001575,Facility Management,Electrical Maintenance Annual,"{""scope"": ""complete"", ""testing"": true, ""certification"": true}",Pune,2025-05-24,Tender Document,12,38493.94,461927.28,B,0.856,4.5,45000,0.2,0.95
SRV-001576,Facility Management,Plumbing Services Monthly,"{""scope"": ""complete building"", ""response"": ""24hrs""}",Bhopal,2025-06-06,Previous Purchase Order,6,11048.74,66292.44,C,0.981,4.0,15000,0.25,0.95
SRV-001577,Facility Management,Plumbing Services Monthly,"{""scope"": ""complete building"", ""response"": ""24hrs""}",Kolkata,2026-03-26,Tender Document,12,18113.37,217360.44,A,0.95,4.2,15000,0.25,1.0
SRV-001578,IT Services,Cybersecurity Audit,"{""scope"": ""complete"", ""report"": true, ""remediation"": true}",Jaipur,2026-05-02,State e-Procurement,6,408992.94,2453957.64,A,0.909,4.6,300000,0.35,0.95
SRV-001579,Facility Management,Electrical Maintenance Annual,"{""scope"": ""complete"", ""testing"": true, ""certification"": true}",Jaipur,2025-04-23,Dealer Price List,1,40699.59,40699.59,B,0.967,3.5,45000,0.2,0.95
SRV-001580,Facility Management,Housekeeping Services Monthly,"{""area"": ""5000sqft"", ""staff"": 4, ""frequency"": ""daily""}",Chennai,2025-09-04,Central Public Procurement Portal,3,35466.53,106399.59,A,0.88,3.5,35000,0.2,0.9
SRV-001581,Facility Management,Building Management System Annual,"{""floors"": 5, ""monitoring"": true, ""reporting"": true}",Chandigarh,2025-08-01,Online Marketplace,12,157378.66,1888543.92,A,0.945,4.8,180000,0.3,0.9
SRV-001582,Facility Management,Plumbing Services Monthly,"{""scope"": ""complete building"", ""response"": ""24hrs""}",Pune,2024-09-11,Online Marketplace,3,14964.61,44893.83,C,0.926,3.1,15000,0.25,0.9
SRV-001583,Professional Services,Training Program 5-Day,"{""participants"": 20, ""topic"": ""IT"", ""certification"": true}",Thiruvananthapuram,2025-10-22,Previous Purchase Order,12,125446.15,1505353.8,B,0.928,3.7,150000,0.3,1.1
SRV-001584,IT Services,Server Maintenance Annual,"{""servers"": 5, ""support"": ""24x7"", ""response"": ""4hrs""}",Kolkata,2026-03-02,Central Public Procurement Portal,3,169813.72,509441.16,B,0.943,3.8,180000,0.25,1.0
SRV-001585,Professional Services,Annual Maintenance Contract IT,"{""scope"": ""complete IT"", ""support"": ""24x7"", ""spare_parts"": true}",Jaipur,2025-11-22,Vendor Quotation,1,571858.27,571858.27,A,0.953,4.5,400000,0.3,1.1
SRV-001586,Facility Management,Pest Control Quarterly,"{""area"": ""5000sqft"", ""type"": ""commercial"", ""guarantee"": ""3 months""}",Thiruvananthapuram,2026-04-02,Dealer Price List,12,8167.48,98009.76,C,0.891,4.3,8000,0.2,0.95
SRV-001587,Facility Management,Building Management System Annual,"{""floors"": 5, ""monitoring"": true, ""reporting"": true}",Pune,2025-06-13,Industry Report,1,252856.11,252856.11,A,0.961,3.8,180000,0.3,0.95
SRV-001588,Facility Management,Building Management System Annual,"{""floors"": 5, ""monitoring"": true, ""reporting"": true}",Ahmedabad,2025-12-20,GeM Portal,3,187875.33,563625.99,C,0.858,5.0,180000,0.3,1.1
SRV-001589,IT Services,Cloud Migration Service,"{""scope"": ""complete"", ""data"": ""10TB"", ""downtime"": ""minimal""}",Ahmedabad,2025-05-10,Dealer Price List,6,589007.02,3534042.12,B,0.972,4.4,500000,0.4,0.95
SRV-001590,IT Services,Network Maintenance Annual,"{""scope"": ""complete network"", ""support"": ""24x7"", ""response"": ""4hrs""}",Guwahati,2025-12-04,Tender Document,12,245518.08,2946216.96,A,0.854,4.7,250000,0.3,1.1
SRV-001591,IT Services,Data Backup Service Monthly,"{""data"": ""5TB"", ""frequency"": ""daily"", ""retention"": ""90 days""}",Thiruvananthapuram,2025-03-04,Central Public Procurement Portal,1,26359.64,26359.64,A,0.887,4.1,25000,0.2,1.0
SRV-001592,IT Services,Server Maintenance Annual,"{""servers"": 5, ""support"": ""24x7"", ""response"": ""4hrs""}",Chandigarh,2026-07-13,Previous Purchase Order,3,140033.5,420100.5,C,0.941,4.0,180000,0.25,0.9
SRV-001593,Facility Management,Plumbing Services Monthly,"{""scope"": ""complete building"", ""response"": ""24hrs""}",Thiruvananthapuram,2026-02-12,Tender Document,1,16479.25,16479.25,B,0.969,3.4,15000,0.25,1.0
SRV-001594,Facility Management,Security Guard Services Monthly,"{""guards"": 4, ""shift"": ""24x7"", ""armed"": false}",Chandigarh,2026-06-25,State e-Procurement,1,76470.29,76470.29,A,0.911,4.9,80000,0.25,0.95
SRV-001595,Professional Services,Web Development Project,"{""pages"": 20, ""responsive"": true, ""CMS"": true}",Pune,2025-07-10,Online Marketplace,12,177396.79,2128761.48,B,0.941,3.8,200000,0.35,0.9
SRV-001596,Professional Services,ERP Implementation,"{""modules"": ""complete"", ""users"": 100, ""customization"": ""moderate""}",Mumbai,2025-11-18,Tender Document,12,1319426.87,15833122.44,B,0.922,4.3,800000,0.35,1.1
SRV-001597,Professional Services,Document Digitization Project,"{""pages"": 10000, ""scanning"": true, ""indexing"": true}",Lucknow,2025-02-26,Dealer Price List,6,37044.55,222267.3,C,0.947,4.4,50000,0.2,1.0
SRV-001598,Facility Management,Building Management System Annual,"{""floors"": 5, ""monitoring"": true, ""reporting"": true}",Jaipur,2024-11-22,Dealer Price List,6,163145.59,978873.54,C,0.881,4.8,180000,0.3,1.1
SRV-001599,Facility Management,Plumbing Services Monthly,"{""scope"": ""complete building"", ""response"": ""24hrs""}",Lucknow,2026-05-23,Dealer Price List,6,15100.55,90603.3,A,0.942,3.1,15000,0.25,0.95
SRV-001600,Professional Services,Web Development Project,"{""pages"": 20, ""responsive"": true, ""CMS"": true}",Ahmedabad,2025-06-18,Previous Purchase Order,1,196428.03,196428.03,A,0.964,3.8,200000,0.35,0.95
SRV-001601,Facility Management,Electrical Maintenance Annual,"{""scope"": ""complete"", ""testing"": true, ""certification"": true}",Bhopal,2025-12-31,State e-Procurement,6,46388.33,278329.98,C,0.879,3.8,45000,0.2,1.1
SRV-001602,IT Services,Network Maintenance Annual,"{""scope"": ""complete network"", ""support"": ""24x7"", ""response"": ""4hrs""}",Jaipur,2026-04-04,Vendor Quotation,12,298438.37,3581260.44,B,0.929,4.8,250000,0.3,0.95
SRV-001603,Facility Management,Electrical Maintenance Annual,"{""scope"": ""complete"", ""testing"": true, ""certification"": true}",Guwahati,2025-02-09,Online Marketplace,6,47012.71,282076.26,C,0.982,4.8,45000,0.2,1.0
SRV-001604,IT Services,Network Maintenance Annual,"{""scope"": ""complete network"", ""support"": ""24x7"", ""response"": ""4hrs""}",Delhi,2026-02-08,Vendor Quotation,6,175492.17,1052953.02,B,0.981,3.3,250000,0.3,1.0
SRV-001605,IT Services,Data Backup Service Monthly,"{""data"": ""5TB"", ""frequency"": ""daily"", ""retention"": ""90 days""}",Chennai,2025-09-28,GeM Portal,6,21316.89,127901.34,A,0.899,4.2,25000,0.2,0.9
SRV-001606,IT Services,Network Maintenance Annual,"{""scope"": ""complete network"", ""support"": ""24x7"", ""response"": ""4hrs""}",Kolkata,2026-07-09,State e-Procurement,12,200649.49,2407793.88,C,0.917,3.9,250000,0.3,0.9
SRV-001607,Facility Management,Pest Control Quarterly,"{""area"": ""5000sqft"", ""type"": ""commercial"", ""guarantee"": ""3 months""}",Guwahati,2026-01-02,Central Public Procurement Portal,6,9704.11,58224.66,A,0.889,3.4,8000,0.2,1.0
SRV-001608,IT Services,IT Helpdesk Support Monthly,"{""users"": 100, ""response"": ""1hr"", ""resolution"": ""4hrs""}",Lucknow,2024-12-12,Previous Purchase Order,12,43459.49,521513.88,B,0.893,4.2,45000,0.25,1.1
SRV-001609,Facility Management,Housekeeping Services Monthly,"{""area"": ""5000sqft"", ""staff"": 4, ""frequency"": ""daily""}",Chennai,2024-09-12,Online Marketplace,1,37122.15,37122.15,A,0.902,3.7,35000,0.2,0.9
SRV-001610,Professional Services,ERP Implementation,"{""modules"": ""complete"", ""users"": 100, ""customization"": ""moderate""}",Thiruvananthapuram,2024-12-22,State e-Procurement,1,1171002.52,1171002.52,B,0.883,4.6,800000,0.35,1.1
SRV-001611,Facility Management,Building Management System Annual,"{""floors"": 5, ""monitoring"": true, ""reporting"": true}",Hyderabad,2025-03-02,Vendor Quotation,12,212723.89,2552686.68,B,0.989,4.5,180000,0.3,1.0
SRV-001612,Facility Management,Housekeeping Services Monthly,"{""area"": ""5000sqft"", ""staff"": 4, ""frequency"": ""daily""}",Bangalore,2025-06-23,Dealer Price List,12,38906.47,466877.64,B,0.928,3.5,35000,0.2,0.95
SRV-001613,IT Services,Network Maintenance Annual,"{""scope"": ""complete network"", ""support"": ""24x7"", ""response"": ""4hrs""}",Chandigarh,2025-09-09,Vendor Quotation,6,162290.26,973741.56,B,0.967,4.8,250000,0.3,0.9
SRV-001614,Facility Management,Building Management System Annual,"{""floors"": 5, ""monitoring"": true, ""reporting"": true}",Mumbai,2025-12-29,Previous Purchase Order,6,196046.75,1176280.5,A,0.954,3.4,180000,0.3,1.1
SRV-001615,Professional Services,Mobile App Development,"{""platform"": ""both"", ""features"": ""moderate"", ""maintenance"": ""6 months""}",Patna,2024-11-15,Tender Document,6,453732.11,2722392.66,A,0.909,4.5,400000,0.4,1.1
SRV-001616,Professional Services,Annual Maintenance Contract IT,"{""scope"": ""complete IT"", ""support"": ""24x7"", ""spare_parts"": true}",Guwahati,2025-12-11,Industry Report,3,582056.73,1746170.19,A,0.863,4.1,400000,0.3,1.1
SRV-001617,IT Services,Network Maintenance Annual,"{""scope"": ""complete network"", ""support"": ""24x7"", ""response"": ""4hrs""}",Jaipur,2025-01-05,Industry Report,6,318188.5,1909131.0,A,0.96,3.3,250000,0.3,1.0
SRV-001618,IT Services,IT Helpdesk Support Monthly,"{""users"": 100, ""response"": ""1hr"", ""resolution"": ""4hrs""}",Delhi,2025-11-05,State e-Procurement,12,55144.38,661732.56,A,0.97,3.6,45000,0.25,1.1
SRV-001619,IT Services,Server Maintenance Annual,"{""servers"": 5, ""support"": ""24x7"", ""response"": ""4hrs""}",Pune,2026-02-12,Previous Purchase Order,12,215445.89,2585350.68,A,0.863,4.7,180000,0.25,1.0
SRV-001620,Professional Services,Mobile App Development,"{""platform"": ""both"", ""features"": ""moderate"", ""maintenance"": ""6 months""}",Chennai,2026-01-21,Central Public Procurement Portal,3,356597.91,1069793.73,B,0.883,3.2,400000,0.4,1.0
SRV-001621,Facility Management,Housekeeping Services Monthly,"{""area"": ""5000sqft"", ""staff"": 4, ""frequency"": ""daily""}",Kolkata,2026-04-14,Dealer Price List,12,28033.41,336400.92,C,0.88,4.9,35000,0.2,0.95
SRV-001622,Facility Management,Security Guard Services Monthly,"{""guards"": 4, ""shift"": ""24x7"", ""armed"": false}",Guwahati,2025-04-14,Central Public Procurement Portal,6,76624.89,459749.34,B,0.914,3.9,80000,0.25,0.95
SRV-001623,Professional Services,Mobile App Development,"{""platform"": ""both"", ""features"": ""moderate"", ""maintenance"": ""6 months""}",Chandigarh,2026-05-10,State e-Procurement,1,482401.31,482401.31,A,0.913,3.3,400000,0.4,0.95
SRV-001624,Facility Management,Security Guard Services Monthly,"{""guards"": 4, ""shift"": ""24x7"", ""armed"": false}",Ahmedabad,2025-02-10,Previous Purchase Order,1,104727.58,104727.58,A,0.91,3.1,80000,0.25,1.0
SRV-001625,Professional Services,ERP Implementation,"{""modules"": ""complete"", ""users"": 100, ""customization"": ""moderate""}",Patna,2025-04-14,Central Public Procurement Portal,1,775622.71,775622.71,B,0.941,3.6,800000,0.35,0.95
SRV-001626,Professional Services,Training Program 5-Day,"{""participants"": 20, ""topic"": ""IT"", ""certification"": true}",Chandigarh,2025-12-20,Online Marketplace,3,214207.07,642621.21,A,0.944,4.3,150000,0.3,1.1
SRV-001627,IT Services,Software AMC,"{""licenses"": 50, ""type"": ""enterprise"", ""support"": ""business hours""}",Chandigarh,2024-10-09,GeM Portal,6,141445.5,848673.0,C,0.985,3.5,150000,0.3,1.1
SRV-001628,Professional Services,Training Program 5-Day,"{""participants"": 20, ""topic"": ""IT"", ""certification"": true}",Guwahati,2024-11-19,Central Public Procurement Portal,6,172692.84,1036157.04,B,0.893,4.5,150000,0.3,1.1
SRV-001629,IT Services,Cybersecurity Audit,"{""scope"": ""complete"", ""report"": true, ""remediation"": true}",Pune,2026-02-24,Online Marketplace,1,216229.01,216229.01,B,0.964,3.9,300000,0.35,1.0
SRV-001630,Facility Management,Pest Control Quarterly,"{""area"": ""5000sqft"", ""type"": ""commercial"", ""guarantee"": ""3 months""}",Ahmedabad,2025-06-10,GeM Portal,12,7117.19,85406.28,B,0.935,4.4,8000,0.2,0.95
SRV-001631,Professional Services,Training Program 5-Day,"{""participants"": 20, ""topic"": ""IT"", ""certification"": true}",Bangalore,2025-05-23,Vendor Quotation,6,112472.12,674832.72,C,0.984,4.2,150000,0.3,0.95
SRV-001632,Professional Services,Annual Maintenance Contract IT,"{""scope"": ""complete IT"", ""support"": ""24x7"", ""spare_parts"": true}",Ahmedabad,2026-05-12,Dealer Price List,12,319451.9,3833422.8,C,0.962,4.1,400000,0.3,0.95
SRV-001633,IT Services,Server Maintenance Annual,"{""servers"": 5, ""support"": ""24x7"", ""response"": ""4hrs""}",Mumbai,2024-09-07,Vendor Quotation,1,135940.44,135940.44,C,0.906,4.7,180000,0.25,0.9
SRV-001634,Facility Management,Garden Maintenance Monthly,"{""area"": ""2000sqft"", ""frequency"": ""weekly"", ""irrigation"": true}",Bhopal,2026-08-17,Dealer Price List,12,7588.64,91063.68,C,0.881,4.8,12000,0.25,0.9
SRV-001635,Professional Services,Web Development Project,"{""pages"": 20, ""responsive"": true, ""CMS"": true}",Delhi,2026-02-24,State e-Procurement,12,132338.56,1588062.72,C,0.938,3.4,200000,0.35,1.0
SRV-001636,Professional Services,Annual Maintenance Contract IT,"{""scope"": ""complete IT"", ""support"": ""24x7"", ""spare_parts"": true}",Pune,2025-11-08,State e-Procurement,6,509273.61,3055641.66,B,0.864,4.2,400000,0.3,1.1
SRV-001637,IT Services,Cloud Migration Service,"{""scope"": ""complete"", ""data"": ""10TB"", ""downtime"": ""minimal""}",Jaipur,2026-01-30,Previous Purchase Order,1,630538.81,630538.81,A,0.945,4.3,500000,0.4,1.0
SRV-001638,IT Services,Cybersecurity Audit,"{""scope"": ""complete"", ""report"": true, ""remediation"": true}",Jaipur,2025-03-24,Dealer Price List,1,270042.48,270042.48,C,0.923,4.3,300000,0.35,1.0
SRV-001639,Facility Management,Building Management System Annual,"{""floors"": 5, ""monitoring"": true, ""reporting"": true}",Kolkata,2025-09-04,Online Marketplace,6,181204.16,1087224.96,C,0.932,3.3,180000,0.3,0.9
SRV-001640,Professional Services,Consulting Service Man-Day,"{""domain"": ""IT"", ""level"": ""senior"", ""travel"": true}",Mumbai,2025-06-20,Tender Document,6,19672.07,118032.42,C,0.979,4.5,25000,0.25,0.95
SRV-001641,Professional Services,Document Digitization Project,"{""pages"": 10000, ""scanning"": true, ""indexing"": true}",Jaipur,2024-09-04,Dealer Price List,3,45951.6,137854.8,B,0.885,3.2,50000,0.2,0.9
SRV-001642,Professional Services,Mobile App Development,"{""platform"": ""both"", ""features"": ""moderate"", ""maintenance"": ""6 months""}",Delhi,2024-12-31,Vendor Quotation,3,638399.57,1915198.71,A,0.975,3.2,400000,0.4,1.1
SRV-001643,Facility Management,Electrical Maintenance Annual,"{""scope"": ""complete"", ""testing"": true, ""certification"": true}",Guwahati,2025-03-23,Online Marketplace,1,50349.9,50349.9,B,0.913,3.6,45000,0.2,1.0
SRV-001644,Professional Services,Document Digitization Project,"{""pages"": 10000, ""scanning"": true, ""indexing"": true}",Chennai,2025-08-08,Dealer Price List,12,54797.96,657575.52,B,0.959,3.1,50000,0.2,0.9
SRV-001645,Professional Services,ERP Implementation,"{""modules"": ""complete"", ""users"": 100, ""customization"": ""moderate""}",Thiruvananthapuram,2025-09-17,Previous Purchase Order,12,628567.86,7542814.32,B,0.895,3.7,800000,0.35,0.9
SRV-001646,Facility Management,Security Guard Services Monthly,"{""guards"": 4, ""shift"": ""24x7"", ""armed"": false}",Delhi,2025-11-25,State e-Procurement,12,79298.2,951578.4,C,0.89,3.9,80000,0.25,1.1
SRV-001647,Facility Management,Security Guard Services Monthly,"{""guards"": 4, ""shift"": ""24x7"", ""armed"": false}",Delhi,2026-04-26,Tender Document,3,78073.1,234219.3,A,0.953,4.2,80000,0.25,0.95
SRV-001648,IT Services,Server Maintenance Annual,"{""servers"": 5, ""support"": ""24x7"", ""response"": ""4hrs""}",Hyderabad,2025-08-04,Dealer Price List,6,205523.66,1233141.96,A,0.896,3.0,180000,0.25,0.9
SRV-001649,IT Services,Server Maintenance Annual,"{""servers"": 5, ""support"": ""24x7"", ""response"": ""4hrs""}",Bangalore,2025-07-12,Online Marketplace,3,140245.35,420736.05,B,0.859,4.2,180000,0.25,0.9
SRV-001650,Professional Services,Annual Maintenance Contract IT,"{""scope"": ""complete IT"", ""support"": ""24x7"", ""spare_parts"": true}",Hyderabad,2025-01-10,GeM Portal,6,550766.66,3304599.96,B,0.965,3.2,400000,0.3,1.0
SRV-001651,Facility Management,Plumbing Services Monthly,"{""scope"": ""complete building"", ""response"": ""24hrs""}",Chandigarh,2025-12-24,Dealer Price List,6,19691.97,118151.82,A,0.94,4.8,15000,0.25,1.1
SRV-001652,Professional Services,Mobile App Development,"{""platform"": ""both"", ""features"": ""moderate"", ""maintenance"": ""6 months""}",Chandigarh,2025-06-12,Online Marketplace,3,288903.41,866710.23,A,0.894,3.2,400000,0.4,0.95
SRV-001653,Professional Services,ERP Implementation,"{""modules"": ""complete"", ""users"": 100, ""customization"": ""moderate""}",Ahmedabad,2025-06-06,Dealer Price List,3,781800.72,2345402.16,A,0.978,4.6,800000,0.35,0.95
SRV-001654,Professional Services,Mobile App Development,"{""platform"": ""both"", ""features"": ""moderate"", ""maintenance"": ""6 months""}",Thiruvananthapuram,2026-06-19,Tender Document,1,447761.63,447761.63,B,0.925,4.8,400000,0.4,0.95
SRV-001655,IT Services,Network Maintenance Annual,"{""scope"": ""complete network"", ""support"": ""24x7"", ""response"": ""4hrs""}",Bangalore,2025-09-29,Previous Purchase Order,12,209114.22,2509370.64,C,0.967,3.6,250000,0.3,0.9
SRV-001656,Facility Management,Housekeeping Services Monthly,"{""area"": ""5000sqft"", ""staff"": 4, ""frequency"": ""daily""}",Chandigarh,2024-10-17,Dealer Price List,3,28463.36,85390.08,C,0.868,4.2,35000,0.2,1.1
SRV-001657,Professional Services,Consulting Service Man-Day,"{""domain"": ""IT"", ""level"": ""senior"", ""travel"": true}",Guwahati,2024-11-29,Online Marketplace,3,28972.38,86917.14,B,0.886,4.5,25000,0.25,1.1
SRV-001658,Professional Services,Annual Maintenance Contract IT,"{""scope"": ""complete IT"", ""support"": ""24x7"", ""spare_parts"": true}",Thiruvananthapuram,2024-11-29,Vendor Quotation,3,563465.1,1690395.3,A,0.979,4.2,400000,0.3,1.1
SRV-001659,Professional Services,Mobile App Development,"{""platform"": ""both"", ""features"": ""moderate"", ""maintenance"": ""6 months""}",Bhopal,2025-02-25,Vendor Quotation,12,489415.48,5872985.76,B,0.955,3.5,400000,0.4,1.0
SRV-001660,Professional Services,Consulting Service Man-Day,"{""domain"": ""IT"", ""level"": ""senior"", ""travel"": true}",Chennai,2025-07-06,Tender Document,3,20121.95,60365.85,C,0.853,3.6,25000,0.25,0.9
SRV-001661,Facility Management,Electrical Maintenance Annual,"{""scope"": ""complete"", ""testing"": true, ""certification"": true}",Mumbai,2026-01-15,Dealer Price List,12,42513.86,510166.32,C,0.868,3.9,45000,0.2,1.0
SRV-001662,Professional Services,Web Development Project,"{""pages"": 20, ""responsive"": true, ""CMS"": true}",Patna,2025-08-27,Online Marketplace,3,230011.75,690035.25,A,0.967,4.1,200000,0.35,0.9
SRV-001663,IT Services,Software AMC,"{""licenses"": 50, ""type"": ""enterprise"", ""support"": ""business hours""}",Delhi,2024-11-06,Dealer Price List,3,146250.13,438750.39,C,0.904,3.4,150000,0.3,1.1
SRV-001664,Facility Management,Electrical Maintenance Annual,"{""scope"": ""complete"", ""testing"": true, ""certification"": true}",Ahmedabad,2024-11-10,Vendor Quotation,3,42501.93,127505.79,B,0.961,3.9,45000,0.2,1.1
SRV-001665,IT Services,Cybersecurity Audit,"{""scope"": ""complete"", ""report"": true, ""remediation"": true}",Lucknow,2026-07-24,Tender Document,6,324870.53,1949223.18,B,0.949,3.4,300000,0.35,0.9
SRV-001666,Professional Services,Training Program 5-Day,"{""participants"": 20, ""topic"": ""IT"", ""certification"": true}",Delhi,2026-01-17,Vendor Quotation,3,150927.65,452782.95,B,0.912,3.8,150000,0.3,1.0
SRV-001667,Professional Services,Annual Maintenance Contract IT,"{""scope"": ""complete IT"", ""support"": ""24x7"", ""spare_parts"": true}",Thiruvananthapuram,2026-06-21,Industry Report,12,350735.58,4208826.96,C,0.987,4.6,400000,0.3,0.95
SRV-001668,Facility Management,Security Guard Services Monthly,"{""guards"": 4, ""shift"": ""24x7"", ""armed"": false}",Bhopal,2025-06-26,State e-Procurement,12,82206.97,986483.64,C,0.854,3.3,80000,0.25,0.95
SRV-001669,IT Services,Cybersecurity Audit,"{""scope"": ""complete"", ""report"": true, ""remediation"": true}",Mumbai,2025-05-15,GeM Portal,12,217589.85,2611078.2,B,0.912,4.3,300000,0.35,0.95
SRV-001670,Facility Management,Plumbing Services Monthly,"{""scope"": ""complete building"", ""response"": ""24hrs""}",Ahmedabad,2025-06-21,Tender Document,3,14255.92,42767.76,B,0.976,4.9,15000,0.25,0.95
SRV-001671,Professional Services,Consulting Service Man-Day,"{""domain"": ""IT"", ""level"": ""senior"", ""travel"": true}",Ahmedabad,2025-02-19,Central Public Procurement Portal,1,22873.41,22873.41,A,0.969,4.0,25000,0.25,1.0
SRV-001672,Facility Management,Plumbing Services Monthly,"{""scope"": ""complete building"", ""response"": ""24hrs""}",Lucknow,2025-11-20,Dealer Price List,3,16114.97,48344.91,B,0.96,3.2,15000,0.25,1.1
SRV-001673,IT Services,Network Maintenance Annual,"{""scope"": ""complete network"", ""support"": ""24x7"", ""response"": ""4hrs""}",Hyderabad,2024-09-09,Vendor Quotation,6,309026.93,1854161.58,B,0.973,5.0,250000,0.3,0.9
SRV-001674,IT Services,Data Backup Service Monthly,"{""data"": ""5TB"", ""frequency"": ""daily"", ""retention"": ""90 days""}",Pune,2025-11-29,State e-Procurement,12,32275.4,387304.8,A,0.873,3.6,25000,0.2,1.1
SRV-001675,IT Services,Network Maintenance Annual,"{""scope"": ""complete network"", ""support"": ""24x7"", ""response"": ""4hrs""}",Bhopal,2025-12-14,Vendor Quotation,6,230544.86,1383269.16,A,0.964,3.6,250000,0.3,1.1
SRV-001676,Professional Services,Document Digitization Project,"{""pages"": 10000, ""scanning"": true, ""indexing"": true}",Ahmedabad,2026-02-07,Dealer Price List,6,59517.72,357106.32,B,0.948,3.3,50000,0.2,1.0
SRV-001677,IT Services,Cybersecurity Audit,"{""scope"": ""complete"", ""report"": true, ""remediation"": true}",Jaipur,2024-12-06,Previous Purchase Order,12,356912.44,4282949.28,A,0.915,4.0,300000,0.35,1.1
SRV-001678,Facility Management,Housekeeping Services Monthly,"{""area"": ""5000sqft"", ""staff"": 4, ""frequency"": ""daily""}",Chennai,2025-01-01,State e-Procurement,1,37385.32,37385.32,B,0.946,4.0,35000,0.2,1.0
SRV-001679,Facility Management,Security Guard Services Monthly,"{""guards"": 4, ""shift"": ""24x7"", ""armed"": false}",Hyderabad,2026-02-13,Dealer Price List,12,103692.3,1244307.6,B,0.882,3.1,80000,0.25,1.0
SRV-001680,Facility Management,Building Management System Annual,"{""floors"": 5, ""monitoring"": true, ""reporting"": true}",Chennai,2025-08-27,Tender Document,3,208613.31,625839.93,B,0.913,3.5,180000,0.3,0.9
SRV-001681,Facility Management,Plumbing Services Monthly,"{""scope"": ""complete building"", ""response"": ""24hrs""}",Bhopal,2025-09-22,Tender Document,1,12300.79,12300.79,A,0.89,3.7,15000,0.25,0.9
SRV-001682,Facility Management,Security Guard Services Monthly,"{""guards"": 4, ""shift"": ""24x7"", ""armed"": false}",Jaipur,2025-12-29,Previous Purchase Order,6,76185.44,457112.64,C,0.942,3.5,80000,0.25,1.1
SRV-001683,Professional Services,Annual Maintenance Contract IT,"{""scope"": ""complete IT"", ""support"": ""24x7"", ""spare_parts"": true}",Guwahati,2026-07-22,GeM Portal,12,236709.88,2840518.56,C,0.902,4.7,400000,0.3,0.9
SRV-001684,Facility Management,Plumbing Services Monthly,"{""scope"": ""complete building"", ""response"": ""24hrs""}",Patna,2024-09-03,State e-Procurement,6,13488.87,80933.22,B,0.985,4.0,15000,0.25,0.9
SRV-001685,Professional Services,Web Development Project,"{""pages"": 20, ""responsive"": true, ""CMS"": true}",Patna,2026-06-13,Industry Report,1,160194.54,160194.54,B,0.877,4.4,200000,0.35,0.95
SRV-001686,Facility Management,Electrical Maintenance Annual,"{""scope"": ""complete"", ""testing"": true, ""certification"": true}",Thiruvananthapuram,2026-01-02,Dealer Price List,12,45654.86,547858.32,B,0.935,4.5,45000,0.2,1.0
SRV-001687,Facility Management,Pest Control Quarterly,"{""area"": ""5000sqft"", ""type"": ""commercial"", ""guarantee"": ""3 months""}",Chennai,2025-09-23,Previous Purchase Order,12,9104.89,109258.68,A,0.962,4.1,8000,0.2,0.9
SRV-001688,Facility Management,Electrical Maintenance Annual,"{""scope"": ""complete"", ""testing"": true, ""certification"": true}",Lucknow,2026-05-08,Online Marketplace,1,36808.39,36808.39,C,0.925,4.2,45000,0.2,0.95
SRV-001689,Facility Management,Garden Maintenance Monthly,"{""area"": ""2000sqft"", ""frequency"": ""weekly"", ""irrigation"": true}",Bhopal,2025-05-08,Dealer Price List,3,10342.4,31027.2,A,0.908,3.7,12000,0.25,0.95
SRV-001690,IT Services,Server Maintenance Annual,"{""servers"": 5, ""support"": ""24x7"", ""response"": ""4hrs""}",Bhopal,2025-10-08,Online Marketplace,1,183190.49,183190.49,B,0.863,3.3,180000,0.25,1.1
SRV-001691,Facility Management,Security Guard Services Monthly,"{""guards"": 4, ""shift"": ""24x7"", ""armed"": false}",Chennai,2026-08-08,GeM Portal,12,71555.12,858661.44,A,0.975,3.4,80000,0.25,0.9
SRV-001692,IT Services,Server Maintenance Annual,"{""servers"": 5, ""support"": ""24x7"", ""response"": ""4hrs""}",Ahmedabad,2026-06-18,Industry Report,12,163834.46,1966013.52,B,0.894,4.6,180000,0.25,0.95
SRV-001693,Professional Services,Training Program 5-Day,"{""participants"": 20, ""topic"": ""IT"", ""certification"": true}",Thiruvananthapuram,2024-09-07,Online Marketplace,3,88704.22,266112.66,C,0.878,3.4,150000,0.3,0.9
SRV-001694,Professional Services,Document Digitization Project,"{""pages"": 10000, ""scanning"": true, ""indexing"": true}",Delhi,2026-04-30,Industry Report,6,56866.29,341197.74,B,0.93,3.3,50000,0.2,0.95
SRV-001695,IT Services,IT Helpdesk Support Monthly,"{""users"": 100, ""response"": ""1hr"", ""resolution"": ""4hrs""}",Jaipur,2024-10-23,Online Marketplace,1,39475.74,39475.74,C,0.873,3.2,45000,0.25,1.1
SRV-001696,IT Services,Cloud Migration Service,"{""scope"": ""complete"", ""data"": ""10TB"", ""downtime"": ""minimal""}",Jaipur,2026-03-13,Central Public Procurement Portal,12,680760.09,8169121.08,A,0.919,4.3,500000,0.4,1.0
SRV-001697,Facility Management,Building Management System Annual,"{""floors"": 5, ""monitoring"": true, ""reporting"": true}",Delhi,2026-07-24,GeM Portal,1,145597.62,145597.62,B,0.928,3.5,180000,0.3,0.9
SRV-001698,Facility Management,Pest Control Quarterly,"{""area"": ""5000sqft"", ""type"": ""commercial"", ""guarantee"": ""3 months""}",Jaipur,2025-01-13,Industry Report,3,8124.29,24372.87,A,0.941,3.3,8000,0.2,1.0
SRV-001699,IT Services,IT Helpdesk Support Monthly,"{""users"": 100, ""response"": ""1hr"", ""resolution"": ""4hrs""}",Kolkata,2025-09-26,Previous Purchase Order,12,48671.28,584055.36,B,0.867,4.8,45000,0.25,0.9
SRV-001700,Facility Management,Security Guard Services Monthly,"{""guards"": 4, ""shift"": ""24x7"", ""armed"": false}",Chennai,2026-04-10,State e-Procurement,6,71625.4,429752.4,A,0.935,4.1,80000,0.25,0.95
SRV-001701,Professional Services,Consulting Service Man-Day,"{""domain"": ""IT"", ""level"": ""senior"", ""travel"": true}",Lucknow,2025-11-05,Previous Purchase Order,3,24145.41,72436.23,A,0.962,4.9,25000,0.25,1.1
SRV-001702,Professional Services,Annual Maintenance Contract IT,"{""scope"": ""complete IT"", ""support"": ""24x7"", ""spare_parts"": true}",Thiruvananthapuram,2024-10-16,Industry Report,12,391428.7,4697144.4,A,0.975,4.1,400000,0.3,1.1
SRV-001703,Facility Management,Electrical Maintenance Annual,"{""scope"": ""complete"", ""testing"": true, ""certification"": true}",Lucknow,2026-01-17,Vendor Quotation,3,58131.49,174394.47,A,0.875,4.6,45000,0.2,1.0
SRV-001704,Professional Services,Web Development Project,"{""pages"": 20, ""responsive"": true, ""CMS"": true}",Hyderabad,2024-12-29,Online Marketplace,1,173259.49,173259.49,B,0.944,3.7,200000,0.35,1.1
SRV-001705,Facility Management,Housekeeping Services Monthly,"{""area"": ""5000sqft"", ""staff"": 4, ""frequency"": ""daily""}",Hyderabad,2024-12-14,Online Marketplace,1,38174.28,38174.28,B,0.934,3.7,35000,0.2,1.1
SRV-001706,IT Services,IT Helpdesk Support Monthly,"{""users"": 100, ""response"": ""1hr"", ""resolution"": ""4hrs""}",Pune,2025-06-23,Vendor Quotation,1,51767.33,51767.33,A,0.897,3.2,45000,0.25,0.95
SRV-001707,IT Services,Cybersecurity Audit,"{""scope"": ""complete"", ""report"": true, ""remediation"": true}",Guwahati,2025-10-24,Dealer Price List,1,467506.8,467506.8,A,0.904,3.7,300000,0.35,1.1
SRV-001708,IT Services,Cloud Migration Service,"{""scope"": ""complete"", ""data"": ""10TB"", ""downtime"": ""minimal""}",Guwahati,2026-07-24,Vendor Quotation,12,309225.48,3710705.76,C,0.976,3.4,500000,0.4,0.9
SRV-001709,Professional Services,Annual Maintenance Contract IT,"{""scope"": ""complete IT"", ""support"": ""24x7"", ""spare_parts"": true}",Lucknow,2025-02-21,Vendor Quotation,1,476081.64,476081.64,A,0.973,3.1,400000,0.3,1.0
SRV-001710,Facility Management,Pest Control Quarterly,"{""area"": ""5000sqft"", ""type"": ""commercial"", ""guarantee"": ""3 months""}",Bangalore,2025-05-24,Tender Document,12,8444.34,101332.08,C,0.942,3.7,8000,0.2,0.95
SRV-001711,IT Services,Cybersecurity Audit,"{""scope"": ""complete"", ""report"": true, ""remediation"": true}",Lucknow,2026-08-11,Vendor Quotation,3,276257.32,828771.96,C,0.886,3.0,300000,0.35,0.9
SRV-001712,Professional Services,ERP Implementation,"{""modules"": ""complete"", ""users"": 100, ""customization"": ""moderate""}",Delhi,2026-03-24,Industry Report,6,1155837.11,6935022.66,A,0.852,4.6,800000,0.35,1.0
SRV-001713,IT Services,Software AMC,"{""licenses"": 50, ""type"": ""enterprise"", ""support"": ""business hours""}",Pune,2025-01-22,GeM Portal,1,144043.75,144043.75,A,0.965,3.4,150000,0.3,1.0
SRV-001714,Professional Services,Web Development Project,"{""pages"": 20, ""responsive"": true, ""CMS"": true}",Bangalore,2026-06-25,Online Marketplace,6,262449.54,1574697.24,B,0.901,4.3,200000,0.35,0.95
SRV-001715,Professional Services,Consulting Service Man-Day,"{""domain"": ""IT"", ""level"": ""senior"", ""travel"": true}",Lucknow,2025-09-19,Online Marketplace,1,20715.63,20715.63,B,0.899,4.5,25000,0.25,0.9
SRV-001716,Professional Services,ERP Implementation,"{""modules"": ""complete"", ""users"": 100, ""customization"": ""moderate""}",Kolkata,2024-12-18,GeM Portal,12,897947.11,10775365.32,A,0.963,4.6,800000,0.35,1.1
SRV-001717,Facility Management,Pest Control Quarterly,"{""area"": ""5000sqft"", ""type"": ""commercial"", ""guarantee"": ""3 months""}",Ahmedabad,2024-11-19,Central Public Procurement Portal,12,9670.65,116047.8,A,0.924,4.4,8000,0.2,1.1
SRV-001718,Professional Services,Annual Maintenance Contract IT,"{""scope"": ""complete IT"", ""support"": ""24x7"", ""spare_parts"": true}",Delhi,2025-12-02,Industry Report,12,398203.57,4778442.84,C,0.908,5.0,400000,0.3,1.1
SRV-001719,Facility Management,Electrical Maintenance Annual,"{""scope"": ""complete"", ""testing"": true, ""certification"": true}",Ahmedabad,2025-09-08,GeM Portal,12,34791.77,417501.24,B,0.933,4.8,45000,0.2,0.9
SRV-001720,IT Services,Server Maintenance Annual,"{""servers"": 5, ""support"": ""24x7"", ""response"": ""4hrs""}",Delhi,2025-08-03,GeM Portal,1,177164.42,177164.42,B,0.973,3.7,180000,0.25,0.9
SRV-001721,Professional Services,Document Digitization Project,"{""pages"": 10000, ""scanning"": true, ""indexing"": true}",Kolkata,2024-11-15,Previous Purchase Order,1,56738.02,56738.02,B,0.905,4.4,50000,0.2,1.1
SRV-001722,Facility Management,Housekeeping Services Monthly,"{""area"": ""5000sqft"", ""staff"": 4, ""frequency"": ""daily""}",Guwahati,2026-03-30,Central Public Procurement Portal,3,27061.63,81184.89,C,0.956,4.1,35000,0.2,1.0
SRV-001723,Facility Management,Housekeeping Services Monthly,"{""area"": ""5000sqft"", ""staff"": 4, ""frequency"": ""daily""}",Pune,2024-11-13,Online Marketplace,12,38411.08,460932.96,B,0.948,3.0,35000,0.2,1.1
SRV-001724,Facility Management,Building Management System Annual,"{""floors"": 5, ""monitoring"": true, ""reporting"": true}",Delhi,2026-07-20,Industry Report,1,175361.8,175361.8,B,0.926,3.4,180000,0.3,0.9
SRV-001725,Professional Services,Annual Maintenance Contract IT,"{""scope"": ""complete IT"", ""support"": ""24x7"", ""spare_parts"": true}",Hyderabad,2024-09-05,Industry Report,12,447958.93,5375507.16,B,0.889,3.9,400000,0.3,0.9
SRV-001726,Facility Management,Garden Maintenance Monthly,"{""area"": ""2000sqft"", ""frequency"": ""weekly"", ""irrigation"": true}",Jaipur,2025-04-18,Vendor Quotation,3,11163.65,33490.95,C,0.98,3.3,12000,0.25,0.95
SRV-001727,Professional Services,Web Development Project,"{""pages"": 20, ""responsive"": true, ""CMS"": true}",Patna,2025-04-06,Previous Purchase Order,3,176230.26,528690.78,B,0.859,4.5,200000,0.35,0.95
SRV-001728,Facility Management,Security Guard Services Monthly,"{""guards"": 4, ""shift"": ""24x7"", ""armed"": false}",Patna,2024-08-27,GeM Portal,6,77130.22,462781.32,A,0.949,3.6,80000,0.25,0.9
SRV-001729,IT Services,Network Maintenance Annual,"{""scope"": ""complete network"", ""support"": ""24x7"", ""response"": ""4hrs""}",Bhopal,2026-07-31,Online Marketplace,1,244334.54,244334.54,C,0.925,4.9,250000,0.3,0.9
SRV-001730,IT Services,Server Maintenance Annual,"{""servers"": 5, ""support"": ""24x7"", ""response"": ""4hrs""}",Ahmedabad,2025-11-13,Online Marketplace,1,156302.65,156302.65,B,0.922,4.5,180000,0.25,1.1
SRV-001731,Facility Management,Security Guard Services Monthly,"{""guards"": 4, ""shift"": ""24x7"", ""armed"": false}",Kolkata,2026-02-27,Vendor Quotation,1,97241.38,97241.38,A,0.986,3.6,80000,0.25,1.0
SRV-001732,IT Services,IT Helpdesk Support Monthly,"{""users"": 100, ""response"": ""1hr"", ""resolution"": ""4hrs""}",Chandigarh,2026-04-07,GeM Portal,12,37390.81,448689.72,B,0.918,4.1,45000,0.25,0.95
SRV-001733,Professional Services,Mobile App Development,"{""platform"": ""both"", ""features"": ""moderate"", ""maintenance"": ""6 months""}",Chennai,2025-05-15,Dealer Price List,1,552339.9,552339.9,A,0.912,4.1,400000,0.4,0.95
SRV-001734,IT Services,IT Helpdesk Support Monthly,"{""users"": 100, ""response"": ""1hr"", ""resolution"": ""4hrs""}",Thiruvananthapuram,2026-08-11,Vendor Quotation,3,34525.2,103575.6,C,0.978,4.7,45000,0.25,0.9
SRV-001735,IT Services,Software AMC,"{""licenses"": 50, ""type"": ""enterprise"", ""support"": ""business hours""}",Hyderabad,2025-12-06,State e-Procurement,1,168572.64,168572.64,B,0.976,3.2,150000,0.3,1.1
SRV-001736,IT Services,Software AMC,"{""licenses"": 50, ""type"": ""enterprise"", ""support"": ""business hours""}",Pune,2026-01-30,Vendor Quotation,3,121762.35,365287.05,C,0.875,4.6,150000,0.3,1.0
SRV-001737,Professional Services,Training Program 5-Day,"{""participants"": 20, ""topic"": ""IT"", ""certification"": true}",Kolkata,2025-08-10,State e-Procurement,6,162034.57,972207.42,B,0.882,4.0,150000,0.3,0.9
SRV-001738,Facility Management,Electrical Maintenance Annual,"{""scope"": ""complete"", ""testing"": true, ""certification"": true}",Pune,2025-02-20,Online Marketplace,6,66772.87,400637.22,A,0.952,3.4,45000,0.2,1.0
SRV-001739,Professional Services,Web Development Project,"{""pages"": 20, ""responsive"": true, ""CMS"": true}",Delhi,2025-08-15,GeM Portal,6,192550.57,1155303.42,C,0.899,4.1,200000,0.35,0.9
SRV-001740,Professional Services,Annual Maintenance Contract IT,"{""scope"": ""complete IT"", ""support"": ""24x7"", ""spare_parts"": true}",Chennai,2026-04-22,Tender Document,12,449805.65,5397667.8,B,0.952,4.3,400000,0.3,0.95
SRV-001741,Facility Management,Building Management System Annual,"{""floors"": 5, ""monitoring"": true, ""reporting"": true}",Patna,2026-05-16,GeM Portal,6,126714.85,760289.1,B,0.914,4.3,180000,0.3,0.95
SRV-001742,IT Services,Data Backup Service Monthly,"{""data"": ""5TB"", ""frequency"": ""daily"", ""retention"": ""90 days""}",Jaipur,2025-05-11,Industry Report,1,19630.74,19630.74,C,0.894,3.2,25000,0.2,0.95
SRV-001743,Professional Services,Document Digitization Project,"{""pages"": 10000, ""scanning"": true, ""indexing"": true}",Delhi,2025-05-11,Dealer Price List,6,41358.32,248149.92,C,0.988,3.6,50000,0.2,0.95
SRV-001744,Professional Services,Document Digitization Project,"{""pages"": 10000, ""scanning"": true, ""indexing"": true}",Patna,2025-11-03,Central Public Procurement Portal,1,50122.45,50122.45,C,0.954,3.0,50000,0.2,1.1
SRV-001745,Facility Management,Plumbing Services Monthly,"{""scope"": ""complete building"", ""response"": ""24hrs""}",Thiruvananthapuram,2025-10-20,Central Public Procurement Portal,12,19803.63,237643.56,B,0.904,4.7,15000,0.25,1.1
SRV-001746,Facility Management,Housekeeping Services Monthly,"{""area"": ""5000sqft"", ""staff"": 4, ""frequency"": ""daily""}",Patna,2025-12-03,Industry Report,12,34539.77,414477.24,A,0.87,3.6,35000,0.2,1.1
SRV-001747,IT Services,Network Maintenance Annual,"{""scope"": ""complete network"", ""support"": ""24x7"", ""response"": ""4hrs""}",Delhi,2025-08-11,Online Marketplace,3,204137.34,612412.02,B,0.969,3.0,250000,0.3,0.9
SRV-001748,Facility Management,Garden Maintenance Monthly,"{""area"": ""2000sqft"", ""frequency"": ""weekly"", ""irrigation"": true}",Pune,2025-01-29,Tender Document,6,13657.7,81946.2,B,0.965,4.6,12000,0.25,1.0
SRV-001749,Facility Management,Plumbing Services Monthly,"{""scope"": ""complete building"", ""response"": ""24hrs""}",Hyderabad,2024-11-07,Vendor Quotation,12,15907.71,190892.52,C,0.939,3.3,15000,0.25,1.1
SRV-001750,IT Services,Cloud Migration Service,"{""scope"": ""complete"", ""data"": ""10TB"", ""downtime"": ""minimal""}",Patna,2025-06-09,Dealer Price List,6,357209.04,2143254.24,B,0.938,5.0,500000,0.4,0.95
SRV-001751,Professional Services,Consulting Service Man-Day,"{""domain"": ""IT"", ""level"": ""senior"", ""travel"": true}",Patna,2024-11-23,Industry Report,1,29589.38,29589.38,C,0.933,4.1,25000,0.25,1.1
SRV-001752,IT Services,Data Backup Service Monthly,"{""data"": ""5TB"", ""frequency"": ""daily"", ""retention"": ""90 days""}",Chennai,2025-11-03,Previous Purchase Order,3,40080.46,120241.38,A,0.909,4.8,25000,0.2,1.1
SRV-001753,Professional Services,Web Development Project,"{""pages"": 20, ""responsive"": true, ""CMS"": true}",Guwahati,2026-02-14,Online Marketplace,12,179064.38,2148772.56,A,0.864,4.3,200000,0.35,1.0
SRV-001754,Facility Management,Pest Control Quarterly,"{""area"": ""5000sqft"", ""type"": ""commercial"", ""guarantee"": ""3 months""}",Jaipur,2024-11-28,Previous Purchase Order,1,6639.65,6639.65,C,0.902,3.8,8000,0.2,1.1
SRV-001755,Professional Services,Document Digitization Project,"{""pages"": 10000, ""scanning"": true, ""indexing"": true}",Pune,2025-10-03,Central Public Procurement Portal,3,64405.97,193217.91,B,0.881,3.8,50000,0.2,1.1
SRV-001756,Professional Services,Consulting Service Man-Day,"{""domain"": ""IT"", ""level"": ""senior"", ""travel"": true}",Chennai,2026-01-07,Online Marketplace,6,20396.58,122379.48,C,0.952,4.0,25000,0.25,1.0
SRV-001757,Professional Services,Web Development Project,"{""pages"": 20, ""responsive"": true, ""CMS"": true}",Chandigarh,2026-01-19,Industry Report,1,180858.02,180858.02,A,0.937,4.1,200000,0.35,1.0
SRV-001758,Professional Services,ERP Implementation,"{""modules"": ""complete"", ""users"": 100, ""customization"": ""moderate""}",Mumbai,2026-05-31,Vendor Quotation,3,574253.65,1722760.95,C,0.911,5.0,800000,0.35,0.95
SRV-001759,Facility Management,Garden Maintenance Monthly,"{""area"": ""2000sqft"", ""frequency"": ""weekly"", ""irrigation"": true}",Mumbai,2025-05-21,Central Public Procurement Portal,3,16548.25,49644.75,A,0.974,4.5,12000,0.25,0.95
SRV-001760,Facility Management,Electrical Maintenance Annual,"{""scope"": ""complete"", ""testing"": true, ""certification"": true}",Kolkata,2026-02-07,Dealer Price List,6,55159.4,330956.4,B,0.914,4.5,45000,0.2,1.0
SRV-001761,Facility Management,Building Management System Annual,"{""floors"": 5, ""monitoring"": true, ""reporting"": true}",Lucknow,2025-05-19,Vendor Quotation,3,197500.76,592502.28,A,0.875,3.7,180000,0.3,0.95
SRV-001762,IT Services,IT Helpdesk Support Monthly,"{""users"": 100, ""response"": ""1hr"", ""resolution"": ""4hrs""}",Lucknow,2025-04-11,Central Public Procurement Portal,1,38854.93,38854.93,B,0.887,3.7,45000,0.25,0.95
SRV-001763,Professional Services,Document Digitization Project,"{""pages"": 10000, ""scanning"": true, ""indexing"": true}",Guwahati,2025-01-25,Online Marketplace,3,55326.77,165980.31,A,0.97,4.5,50000,0.2,1.0
SRV-001764,Facility Management,Electrical Maintenance Annual,"{""scope"": ""complete"", ""testing"": true, ""certification"": true}",Jaipur,2024-10-05,Industry Report,6,50524.15,303144.9,C,0.974,3.8,45000,0.2,1.1
SRV-001765,Professional Services,Mobile App Development,"{""platform"": ""both"", ""features"": ""moderate"", ""maintenance"": ""6 months""}",Mumbai,2024-11-07,Vendor Quotation,6,366582.99,2199497.94,C,0.98,3.1,400000,0.4,1.1
SRV-001766,Professional Services,Document Digitization Project,"{""pages"": 10000, ""scanning"": true, ""indexing"": true}",Chandigarh,2025-10-11,Dealer Price List,12,66335.48,796025.76,A,0.903,4.9,50000,0.2,1.1
SRV-001767,Facility Management,Garden Maintenance Monthly,"{""area"": ""2000sqft"", ""frequency"": ""weekly"", ""irrigation"": true}",Kolkata,2025-05-13,GeM Portal,12,13620.56,163446.72,A,0.89,3.6,12000,0.25,0.95
SRV-001768,IT Services,Cybersecurity Audit,"{""scope"": ""complete"", ""report"": true, ""remediation"": true}",Chandigarh,2026-05-04,Online Marketplace,12,273650.51,3283806.12,C,0.99,4.0,300000,0.35,0.95
SRV-001769,Facility Management,Garden Maintenance Monthly,"{""area"": ""2000sqft"", ""frequency"": ""weekly"", ""irrigation"": true}",Hyderabad,2025-04-09,Dealer Price List,1,14105.85,14105.85,C,0.961,3.9,12000,0.25,0.95
SRV-001770,Facility Management,Housekeeping Services Monthly,"{""area"": ""5000sqft"", ""staff"": 4, ""frequency"": ""daily""}",Jaipur,2025-10-26,Vendor Quotation,3,36752.75,110258.25,B,0.877,4.9,35000,0.2,1.1
SRV-001771,Facility Management,Housekeeping Services Monthly,"{""area"": ""5000sqft"", ""staff"": 4, ""frequency"": ""daily""}",Mumbai,2026-07-11,Tender Document,6,37744.62,226467.72,C,0.891,3.5,35000,0.2,0.9
SRV-001772,Facility Management,Pest Control Quarterly,"{""area"": ""5000sqft"", ""type"": ""commercial"", ""guarantee"": ""3 months""}",Hyderabad,2024-12-27,Central Public Procurement Portal,3,10004.32,30012.96,C,0.968,3.7,8000,0.2,1.1
SRV-001773,Facility Management,Housekeeping Services Monthly,"{""area"": ""5000sqft"", ""staff"": 4, ""frequency"": ""daily""}",Hyderabad,2025-03-10,State e-Procurement,3,38374.81,115124.43,B,0.863,3.7,35000,0.2,1.0
SRV-001774,Facility Management,Electrical Maintenance Annual,"{""scope"": ""complete"", ""testing"": true, ""certification"": true}",Kolkata,2026-06-11,GeM Portal,1,56532.45,56532.45,B,0.956,4.5,45000,0.2,0.95
SRV-001775,Professional Services,Training Program 5-Day,"{""participants"": 20, ""topic"": ""IT"", ""certification"": true}",Delhi,2025-12-04,Online Marketplace,1,109346.79,109346.79,C,0.878,4.0,150000,0.3,1.1
SRV-001776,Facility Management,Pest Control Quarterly,"{""area"": ""5000sqft"", ""type"": ""commercial"", ""guarantee"": ""3 months""}",Hyderabad,2025-12-10,Vendor Quotation,6,9095.22,54571.32,B,0.959,3.0,8000,0.2,1.1
SRV-001777,IT Services,Network Maintenance Annual,"{""scope"": ""complete network"", ""support"": ""24x7"", ""response"": ""4hrs""}",Mumbai,2025-07-24,Industry Report,1,233102.2,233102.2,C,0.859,3.8,250000,0.3,0.9
SRV-001778,Facility Management,Garden Maintenance Monthly,"{""area"": ""2000sqft"", ""frequency"": ""weekly"", ""irrigation"": true}",Chandigarh,2025-07-26,Central Public Procurement Portal,6,11377.01,68262.06,C,0.87,4.1,12000,0.25,0.9
SRV-001779,IT Services,Software AMC,"{""licenses"": 50, ""type"": ""enterprise"", ""support"": ""business hours""}",Patna,2025-12-28,Dealer Price List,12,200939.22,2411270.64,A,0.882,4.0,150000,0.3,1.1
SRV-001780,Facility Management,Electrical Maintenance Annual,"{""scope"": ""complete"", ""testing"": true, ""certification"": true}",Kolkata,2024-11-23,GeM Portal,3,69829.04,209487.12,A,0.872,4.3,45000,0.2,1.1
SRV-001781,Facility Management,Housekeeping Services Monthly,"{""area"": ""5000sqft"", ""staff"": 4, ""frequency"": ""daily""}",Chandigarh,2025-03-18,Dealer Price List,1,39919.88,39919.88,A,0.854,3.2,35000,0.2,1.0
SRV-001782,Professional Services,Web Development Project,"{""pages"": 20, ""responsive"": true, ""CMS"": true}",Ahmedabad,2025-01-08,Central Public Procurement Portal,12,151949.39,1823392.68,B,0.869,3.5,200000,0.35,1.0
SRV-001783,Professional Services,Web Development Project,"{""pages"": 20, ""responsive"": true, ""CMS"": true}",Chandigarh,2025-08-30,Previous Purchase Order,6,191639.0,1149834.0,A,0.902,4.8,200000,0.35,0.9
SRV-001784,Professional Services,ERP Implementation,"{""modules"": ""complete"", ""users"": 100, ""customization"": ""moderate""}",Mumbai,2024-12-30,Previous Purchase Order,6,971697.3,5830183.8,C,0.924,3.2,800000,0.35,1.1
SRV-001785,Facility Management,Electrical Maintenance Annual,"{""scope"": ""complete"", ""testing"": true, ""certification"": true}",Thiruvananthapuram,2025-02-09,Vendor Quotation,3,44339.17,133017.51,B,0.965,3.4,45000,0.2,1.0
SRV-001786,Facility Management,Electrical Maintenance Annual,"{""scope"": ""complete"", ""testing"": true, ""certification"": true}",Delhi,2026-02-20,Dealer Price List,12,33877.67,406532.04,C,0.896,3.8,45000,0.2,1.0
SRV-001787,Facility Management,Plumbing Services Monthly,"{""scope"": ""complete building"", ""response"": ""24hrs""}",Mumbai,2026-06-29,Tender Document,6,12318.4,73910.4,C,0.885,4.4,15000,0.25,0.95
SRV-001788,IT Services,Cybersecurity Audit,"{""scope"": ""complete"", ""report"": true, ""remediation"": true}",Jaipur,2025-07-23,Central Public Procurement Portal,6,223596.44,1341578.64,C,0.939,4.1,300000,0.35,0.9
SRV-001789,Professional Services,Mobile App Development,"{""platform"": ""both"", ""features"": ""moderate"", ""maintenance"": ""6 months""}",Guwahati,2024-08-18,Dealer Price List,3,411539.97,1234619.91,A,0.885,4.0,400000,0.4,0.9
SRV-001790,Professional Services,Web Development Project,"{""pages"": 20, ""responsive"": true, ""CMS"": true}",Guwahati,2025-05-09,GeM Portal,6,139301.91,835811.46,A,0.91,4.1,200000,0.35,0.95
SRV-001791,Professional Services,Training Program 5-Day,"{""participants"": 20, ""topic"": ""IT"", ""certification"": true}",Kolkata,2025-09-04,Previous Purchase Order,3,129257.06,387771.18,A,0.881,3.1,150000,0.3,0.9
SRV-001792,IT Services,Data Backup Service Monthly,"{""data"": ""5TB"", ""frequency"": ""daily"", ""retention"": ""90 days""}",Delhi,2024-09-30,Online Marketplace,6,23243.79,139462.74,A,0.987,3.7,25000,0.2,0.9
SRV-001793,Facility Management,Plumbing Services Monthly,"{""scope"": ""complete building"", ""response"": ""24hrs""}",Bhopal,2024-09-27,Central Public Procurement Portal,1,11910.26,11910.26,C,0.941,4.3,15000,0.25,0.9
SRV-001794,Professional Services,Web Development Project,"{""pages"": 20, ""responsive"": true, ""CMS"": true}",Guwahati,2025-04-15,Tender Document,3,274819.64,824458.92,A,0.97,4.6,200000,0.35,0.95
SRV-001795,IT Services,Network Maintenance Annual,"{""scope"": ""complete network"", ""support"": ""24x7"", ""response"": ""4hrs""}",Bangalore,2024-11-03,Dealer Price List,3,375060.09,1125180.27,B,0.936,4.8,250000,0.3,1.1
SRV-001796,Professional Services,Mobile App Development,"{""platform"": ""both"", ""features"": ""moderate"", ""maintenance"": ""6 months""}",Thiruvananthapuram,2026-02-12,Dealer Price List,3,483696.63,1451089.89,A,0.987,3.2,400000,0.4,1.0
SRV-001797,Facility Management,Security Guard Services Monthly,"{""guards"": 4, ""shift"": ""24x7"", ""armed"": false}",Guwahati,2024-11-29,Online Marketplace,1,85330.54,85330.54,B,0.987,3.8,80000,0.25,1.1
SRV-001798,Facility Management,Building Management System Annual,"{""floors"": 5, ""monitoring"": true, ""reporting"": true}",Chennai,2024-10-23,State e-Procurement,1,238470.76,238470.76,B,0.947,4.9,180000,0.3,1.1
SRV-001799,Facility Management,Electrical Maintenance Annual,"{""scope"": ""complete"", ""testing"": true, ""certification"": true}",Delhi,2025-04-30,Previous Purchase Order,6,44818.71,268912.26,A,0.853,3.1,45000,0.2,0.95
SRV-001800,IT Services,Software AMC,"{""licenses"": 50, ""type"": ""enterprise"", ""support"": ""business hours""}",Guwahati,2026-03-03,State e-Procurement,6,185282.1,1111692.6,B,0.951,3.2,150000,0.3,1.0
SRV-001801,Facility Management,Electrical Maintenance Annual,"{""scope"": ""complete"", ""testing"": true, ""certification"": true}",Chennai,2025-08-31,GeM Portal,12,41390.13,496681.56,A,0.963,3.2,45000,0.2,0.9
SRV-001802,IT Services,IT Helpdesk Support Monthly,"{""users"": 100, ""response"": ""1hr"", ""resolution"": ""4hrs""}",Kolkata,2026-05-12,Industry Report,6,47780.21,286681.26,A,0.924,4.9,45000,0.25,0.95
SRV-001803,Professional Services,Consulting Service Man-Day,"{""domain"": ""IT"", ""level"": ""senior"", ""travel"": true}",Pune,2026-03-23,Previous Purchase Order,1,27677.82,27677.82,B,0.921,4.9,25000,0.25,1.0
SRV-001804,Professional Services,Training Program 5-Day,"{""participants"": 20, ""topic"": ""IT"", ""certification"": true}",Guwahati,2026-07-23,GeM Portal,12,114112.25,1369347.0,C,0.882,3.7,150000,0.3,0.9
SRV-001805,IT Services,Cloud Migration Service,"{""scope"": ""complete"", ""data"": ""10TB"", ""downtime"": ""minimal""}",Kolkata,2024-08-31,GeM Portal,1,634580.04,634580.04,B,0.9,4.1,500000,0.4,0.9
SRV-001806,Facility Management,Plumbing Services Monthly,"{""scope"": ""complete building"", ""response"": ""24hrs""}",Bhopal,2026-04-23,Vendor Quotation,6,11636.76,69820.56,B,0.851,3.6,15000,0.25,0.95
SRV-001807,IT Services,IT Helpdesk Support Monthly,"{""users"": 100, ""response"": ""1hr"", ""resolution"": ""4hrs""}",Mumbai,2024-08-30,Central Public Procurement Portal,12,52570.45,630845.4,A,0.966,4.9,45000,0.25,0.9
SRV-001808,Facility Management,Garden Maintenance Monthly,"{""area"": ""2000sqft"", ""frequency"": ""weekly"", ""irrigation"": true}",Kolkata,2024-10-31,GeM Portal,6,15604.01,93624.06,A,0.86,3.1,12000,0.25,1.1
SRV-001809,Facility Management,Building Management System Annual,"{""floors"": 5, ""monitoring"": true, ""reporting"": true}",Bangalore,2026-07-08,Online Marketplace,12,151181.57,1814178.84,A,0.88,3.6,180000,0.3,0.9
SRV-001810,IT Services,Cybersecurity Audit,"{""scope"": ""complete"", ""report"": true, ""remediation"": true}",Thiruvananthapuram,2026-02-28,State e-Procurement,6,364160.32,2184961.92,A,0.9,4.1,300000,0.35,1.0
SRV-001811,IT Services,Software AMC,"{""licenses"": 50, ""type"": ""enterprise"", ""support"": ""business hours""}",Guwahati,2024-12-03,Dealer Price List,3,140695.17,422085.51,C,0.874,3.1,150000,0.3,1.1
SRV-001812,Professional Services,Document Digitization Project,"{""pages"": 10000, ""scanning"": true, ""indexing"": true}",Lucknow,2025-01-09,Industry Report,6,44724.63,268347.78,B,0.858,4.2,50000,0.2,1.0
SRV-001813,Professional Services,Consulting Service Man-Day,"{""domain"": ""IT"", ""level"": ""senior"", ""travel"": true}",Bangalore,2025-09-19,State e-Procurement,12,30795.17,369542.04,A,0.904,4.6,25000,0.25,0.9
SRV-001814,Facility Management,Building Management System Annual,"{""floors"": 5, ""monitoring"": true, ""reporting"": true}",Ahmedabad,2026-02-19,Industry Report,6,135037.98,810227.88,C,0.867,4.0,180000,0.3,1.0
SRV-001815,Professional Services,Training Program 5-Day,"{""participants"": 20, ""topic"": ""IT"", ""certification"": true}",Ahmedabad,2025-07-07,Industry Report,6,146841.4,881048.4,B,0.934,4.4,150000,0.3,0.9
SRV-001816,IT Services,Server Maintenance Annual,"{""servers"": 5, ""support"": ""24x7"", ""response"": ""4hrs""}",Jaipur,2024-09-28,Tender Document,6,113487.16,680922.96,C,0.91,3.5,180000,0.25,0.9
SRV-001817,Facility Management,Security Guard Services Monthly,"{""guards"": 4, ""shift"": ""24x7"", ""armed"": false}",Jaipur,2025-06-06,Vendor Quotation,12,85846.61,1030159.32,B,0.972,3.6,80000,0.25,0.95
SRV-001818,Facility Management,Pest Control Quarterly,"{""area"": ""5000sqft"", ""type"": ""commercial"", ""guarantee"": ""3 months""}",Thiruvananthapuram,2026-06-20,Dealer Price List,1,7006.41,7006.41,A,0.885,3.2,8000,0.2,0.95
SRV-001819,Professional Services,Web Development Project,"{""pages"": 20, ""responsive"": true, ""CMS"": true}",Mumbai,2026-04-10,State e-Procurement,1,165290.33,165290.33,C,0.986,3.8,200000,0.35,0.95
SRV-001820,IT Services,Server Maintenance Annual,"{""servers"": 5, ""support"": ""24x7"", ""response"": ""4hrs""}",Chandigarh,2025-04-01,Tender Document,3,147063.41,441190.23,B,0.873,3.3,180000,0.25,0.95
SRV-001821,Professional Services,Annual Maintenance Contract IT,"{""scope"": ""complete IT"", ""support"": ""24x7"", ""spare_parts"": true}",Chandigarh,2026-02-17,Previous Purchase Order,6,358845.79,2153074.74,A,0.957,3.1,400000,0.3,1.0
SRV-001822,Facility Management,Plumbing Services Monthly,"{""scope"": ""complete building"", ""response"": ""24hrs""}",Jaipur,2025-09-09,Vendor Quotation,6,16857.47,101144.82,B,0.923,4.1,15000,0.25,0.9
SRV-001823,Facility Management,Pest Control Quarterly,"{""area"": ""5000sqft"", ""type"": ""commercial"", ""guarantee"": ""3 months""}",Lucknow,2025-02-25,Tender Document,3,6789.78,20369.34,C,0.947,3.9,8000,0.2,1.0
SRV-001824,Professional Services,Training Program 5-Day,"{""participants"": 20, ""topic"": ""IT"", ""certification"": true}",Patna,2026-01-25,Tender Document,3,121153.96,363461.88,C,0.887,4.9,150000,0.3,1.0
SRV-001825,Facility Management,Security Guard Services Monthly,"{""guards"": 4, ""shift"": ""24x7"", ""armed"": false}",Hyderabad,2026-01-10,Previous Purchase Order,3,86182.65,258547.95,A,0.899,3.2,80000,0.25,1.0
SRV-001826,Facility Management,Plumbing Services Monthly,"{""scope"": ""complete building"", ""response"": ""24hrs""}",Chennai,2026-02-22,Industry Report,6,14867.98,89207.88,A,0.947,3.8,15000,0.25,1.0
SRV-001827,IT Services,Cloud Migration Service,"{""scope"": ""complete"", ""data"": ""10TB"", ""downtime"": ""minimal""}",Chennai,2025-07-26,Previous Purchase Order,1,618182.97,618182.97,B,0.877,4.1,500000,0.4,0.9
SRV-001828,Facility Management,Electrical Maintenance Annual,"{""scope"": ""complete"", ""testing"": true, ""certification"": true}",Bhopal,2025-11-30,State e-Procurement,1,54309.6,54309.6,B,0.939,4.2,45000,0.2,1.1
SRV-001829,Facility Management,Garden Maintenance Monthly,"{""area"": ""2000sqft"", ""frequency"": ""weekly"", ""irrigation"": true}",Thiruvananthapuram,2025-06-19,Industry Report,1,14042.36,14042.36,A,0.858,4.5,12000,0.25,0.95
SRV-001830,Professional Services,Web Development Project,"{""pages"": 20, ""responsive"": true, ""CMS"": true}",Chandigarh,2026-07-10,Central Public Procurement Portal,1,166490.02,166490.02,A,0.93,3.5,200000,0.35,0.9
SRV-001831,IT Services,Server Maintenance Annual,"{""servers"": 5, ""support"": ""24x7"", ""response"": ""4hrs""}",Patna,2026-03-28,Central Public Procurement Portal,6,231542.94,1389257.64,A,0.917,4.3,180000,0.25,1.0
SRV-001832,Facility Management,Housekeeping Services Monthly,"{""area"": ""5000sqft"", ""staff"": 4, ""frequency"": ""daily""}",Bangalore,2025-06-17,Central Public Procurement Portal,3,38111.82,114335.46,C,0.952,3.3,35000,0.2,0.95
SRV-001833,IT Services,Server Maintenance Annual,"{""servers"": 5, ""support"": ""24x7"", ""response"": ""4hrs""}",Bangalore,2025-08-20,Tender Document,1,212050.32,212050.32,B,0.935,4.8,180000,0.25,0.9
SRV-001834,Facility Management,Security Guard Services Monthly,"{""guards"": 4, ""shift"": ""24x7"", ""armed"": false}",Patna,2025-06-25,State e-Procurement,3,73101.16,219303.48,A,0.884,4.0,80000,0.25,0.95
SRV-001835,Facility Management,Plumbing Services Monthly,"{""scope"": ""complete building"", ""response"": ""24hrs""}",Bhopal,2026-04-24,State e-Procurement,6,16037.4,96224.4,B,0.913,4.3,15000,0.25,0.95
SRV-001836,Facility Management,Security Guard Services Monthly,"{""guards"": 4, ""shift"": ""24x7"", ""armed"": false}",Patna,2026-05-02,Dealer Price List,1,74195.94,74195.94,B,0.935,4.6,80000,0.25,0.95
SRV-001837,Facility Management,Pest Control Quarterly,"{""area"": ""5000sqft"", ""type"": ""commercial"", ""guarantee"": ""3 months""}",Mumbai,2025-04-05,Online Marketplace,12,6678.92,80147.04,C,0.96,3.9,8000,0.2,0.95
SRV-001838,Facility Management,Electrical Maintenance Annual,"{""scope"": ""complete"", ""testing"": true, ""certification"": true}",Jaipur,2026-05-30,GeM Portal,1,35754.56,35754.56,C,0.852,4.6,45000,0.2,0.95
SRV-001839,Professional Services,ERP Implementation,"{""modules"": ""complete"", ""users"": 100, ""customization"": ""moderate""}",Thiruvananthapuram,2026-01-17,Central Public Procurement Portal,12,774010.21,9288122.52,A,0.9,3.7,800000,0.35,1.0
SRV-001840,Professional Services,ERP Implementation,"{""modules"": ""complete"", ""users"": 100, ""customization"": ""moderate""}",Bangalore,2026-02-20,Vendor Quotation,12,805868.19,9670418.28,C,0.958,3.8,800000,0.35,1.0
SRV-001841,IT Services,Software AMC,"{""licenses"": 50, ""type"": ""enterprise"", ""support"": ""business hours""}",Hyderabad,2025-06-20,Previous Purchase Order,1,157988.02,157988.02,C,0.892,3.2,150000,0.3,0.95
SRV-001842,IT Services,Server Maintenance Annual,"{""servers"": 5, ""support"": ""24x7"", ""response"": ""4hrs""}",Bhopal,2025-01-19,Online Marketplace,3,193967.92,581903.76,C,0.945,4.3,180000,0.25,1.0
SRV-001843,IT Services,Network Maintenance Annual,"{""scope"": ""complete network"", ""support"": ""24x7"", ""response"": ""4hrs""}",Patna,2025-05-20,Industry Report,12,192107.97,2305295.64,A,0.965,4.1,250000,0.3,0.95
SRV-001844,IT Services,Server Maintenance Annual,"{""servers"": 5, ""support"": ""24x7"", ""response"": ""4hrs""}",Chennai,2026-05-08,Tender Document,6,230345.07,1382070.42,B,0.984,4.7,180000,0.25,0.95
SRV-001845,Facility Management,Pest Control Quarterly,"{""area"": ""5000sqft"", ""type"": ""commercial"", ""guarantee"": ""3 months""}",Bangalore,2025-01-23,Dealer Price List,12,6594.08,79128.96,C,0.861,4.7,8000,0.2,1.0
SRV-001846,Facility Management,Plumbing Services Monthly,"{""scope"": ""complete building"", ""response"": ""24hrs""}",Thiruvananthapuram,2024-11-11,State e-Procurement,1,14686.44,14686.44,B,0.935,3.1,15000,0.25,1.1
SRV-001847,IT Services,Server Maintenance Annual,"{""servers"": 5, ""support"": ""24x7"", ""response"": ""4hrs""}",Hyderabad,2025-10-31,Online Marketplace,3,262461.12,787383.36,A,0.907,4.6,180000,0.25,1.1
SRV-001848,IT Services,Cybersecurity Audit,"{""scope"": ""complete"", ""report"": true, ""remediation"": true}",Lucknow,2025-06-01,Tender Document,1,291574.91,291574.91,C,0.851,3.8,300000,0.35,0.95
SRV-001849,Professional Services,Document Digitization Project,"{""pages"": 10000, ""scanning"": true, ""indexing"": true}",Hyderabad,2025-04-12,GeM Portal,12,39014.47,468173.64,C,0.986,4.3,50000,0.2,0.95
SRV-001850,Facility Management,Electrical Maintenance Annual,"{""scope"": ""complete"", ""testing"": true, ""certification"": true}",Pune,2024-10-04,Vendor Quotation,1,43028.32,43028.32,C,0.987,3.4,45000,0.2,1.1
SRV-001851,Professional Services,Document Digitization Project,"{""pages"": 10000, ""scanning"": true, ""indexing"": true}",Mumbai,2025-01-20,Previous Purchase Order,12,50259.29,603111.48,C,0.958,4.7,50000,0.2,1.0
SRV-001852,Facility Management,Garden Maintenance Monthly,"{""area"": ""2000sqft"", ""frequency"": ""weekly"", ""irrigation"": true}",Mumbai,2025-12-21,State e-Procurement,1,12203.42,12203.42,C,0.927,3.6,12000,0.25,1.1
SRV-001853,Professional Services,Document Digitization Project,"{""pages"": 10000, ""scanning"": true, ""indexing"": true}",Chandigarh,2026-07-13,GeM Portal,6,44984.43,269906.58,A,0.925,3.3,50000,0.2,0.9
SRV-001854,IT Services,Software AMC,"{""licenses"": 50, ""type"": ""enterprise"", ""support"": ""business hours""}",Hyderabad,2025-03-30,Central Public Procurement Portal,12,188099.63,2257195.56,B,0.863,3.7,150000,0.3,1.0
SRV-001855,IT Services,Cloud Migration Service,"{""scope"": ""complete"", ""data"": ""10TB"", ""downtime"": ""minimal""}",Chennai,2026-01-21,Industry Report,3,419228.25,1257684.75,A,0.906,4.4,500000,0.4,1.0
SRV-001856,Facility Management,Housekeeping Services Monthly,"{""area"": ""5000sqft"", ""staff"": 4, ""frequency"": ""daily""}",Bangalore,2024-12-19,Tender Document,12,46059.28,552711.36,C,0.875,4.9,35000,0.2,1.1
SRV-001857,Facility Management,Garden Maintenance Monthly,"{""area"": ""2000sqft"", ""frequency"": ""weekly"", ""irrigation"": true}",Jaipur,2025-02-19,Online Marketplace,6,11352.8,68116.8,B,0.916,3.8,12000,0.25,1.0
SRV-001858,IT Services,Network Maintenance Annual,"{""scope"": ""complete network"", ""support"": ""24x7"", ""response"": ""4hrs""}",Mumbai,2026-03-06,Online Marketplace,1,272102.56,272102.56,A,0.897,4.2,250000,0.3,1.0
SRV-001859,Professional Services,Document Digitization Project,"{""pages"": 10000, ""scanning"": true, ""indexing"": true}",Bhopal,2025-08-20,Online Marketplace,6,44352.66,266115.96,A,0.962,4.5,50000,0.2,0.9
SRV-001860,Professional Services,Consulting Service Man-Day,"{""domain"": ""IT"", ""level"": ""senior"", ""travel"": true}",Kolkata,2026-01-19,Dealer Price List,12,22596.26,271155.12,C,0.949,4.1,25000,0.25,1.0
SRV-001861,Professional Services,ERP Implementation,"{""modules"": ""complete"", ""users"": 100, ""customization"": ""moderate""}",Chandigarh,2026-01-25,Previous Purchase Order,1,941968.6,941968.6,A,0.93,3.2,800000,0.35,1.0
SRV-001862,Facility Management,Pest Control Quarterly,"{""area"": ""5000sqft"", ""type"": ""commercial"", ""guarantee"": ""3 months""}",Ahmedabad,2026-06-12,Dealer Price List,1,7305.85,7305.85,C,0.916,3.9,8000,0.2,0.95
SRV-001863,IT Services,Data Backup Service Monthly,"{""data"": ""5TB"", ""frequency"": ""daily"", ""retention"": ""90 days""}",Delhi,2025-05-03,State e-Procurement,12,27169.99,326039.88,B,0.853,3.5,25000,0.2,0.95
SRV-001864,IT Services,Cybersecurity Audit,"{""scope"": ""complete"", ""report"": true, ""remediation"": true}",Patna,2025-01-03,Tender Document,12,220494.73,2645936.76,B,0.855,3.6,300000,0.35,1.0
SRV-001865,Professional Services,Training Program 5-Day,"{""participants"": 20, ""topic"": ""IT"", ""certification"": true}",Lucknow,2025-09-13,Vendor Quotation,6,157109.92,942659.52,C,0.888,4.3,150000,0.3,0.9
SRV-001866,IT Services,Software AMC,"{""licenses"": 50, ""type"": ""enterprise"", ""support"": ""business hours""}",Patna,2026-02-07,State e-Procurement,6,127211.59,763269.54,A,0.934,5.0,150000,0.3,1.0
SRV-001867,Professional Services,ERP Implementation,"{""modules"": ""complete"", ""users"": 100, ""customization"": ""moderate""}",Thiruvananthapuram,2026-02-28,Industry Report,1,615086.11,615086.11,C,0.969,5.0,800000,0.35,1.0
SRV-001868,IT Services,Software AMC,"{""licenses"": 50, ""type"": ""enterprise"", ""support"": ""business hours""}",Bhopal,2025-06-01,Tender Document,12,165078.51,1980942.12,A,0.893,4.3,150000,0.3,0.95
SRV-001869,IT Services,Data Backup Service Monthly,"{""data"": ""5TB"", ""frequency"": ""daily"", ""retention"": ""90 days""}",Thiruvananthapuram,2024-11-17,GeM Portal,1,28164.0,28164.0,C,0.874,3.9,25000,0.2,1.1
SRV-001870,Professional Services,Web Development Project,"{""pages"": 20, ""responsive"": true, ""CMS"": true}",Chandigarh,2026-07-01,Previous Purchase Order,1,141495.89,141495.89,C,0.89,4.7,200000,0.35,0.9
SRV-001871,Facility Management,Housekeeping Services Monthly,"{""area"": ""5000sqft"", ""staff"": 4, ""frequency"": ""daily""}",Thiruvananthapuram,2026-05-04,Previous Purchase Order,1,32208.0,32208.0,B,0.897,4.2,35000,0.2,0.95
SRV-001872,Facility Management,Building Management System Annual,"{""floors"": 5, ""monitoring"": true, ""reporting"": true}",Delhi,2025-08-26,Tender Document,1,148198.42,148198.42,A,0.882,4.0,180000,0.3,0.9
SRV-001873,Professional Services,Mobile App Development,"{""platform"": ""both"", ""features"": ""moderate"", ""maintenance"": ""6 months""}",Chandigarh,2025-04-15,Previous Purchase Order,6,317177.02,1903062.12,C,0.891,3.1,400000,0.4,0.95
SRV-001874,Professional Services,Mobile App Development,"{""platform"": ""both"", ""features"": ""moderate"", ""maintenance"": ""6 months""}",Lucknow,2026-01-06,Online Marketplace,6,406647.76,2439886.56,B,0.964,4.7,400000,0.4,1.0
SRV-001875,IT Services,Server Maintenance Annual,"{""servers"": 5, ""support"": ""24x7"", ""response"": ""4hrs""}",Bangalore,2025-10-12,Online Marketplace,3,190701.33,572103.99,B,0.97,3.8,180000,0.25,1.1
SRV-001876,Facility Management,Plumbing Services Monthly,"{""scope"": ""complete building"", ""response"": ""24hrs""}",Kolkata,2024-09-01,Vendor Quotation,3,16848.16,50544.48,C,0.879,3.5,15000,0.25,0.9
SRV-001877,Facility Management,Pest Control Quarterly,"{""area"": ""5000sqft"", ""type"": ""commercial"", ""guarantee"": ""3 months""}",Chennai,2026-08-05,Online Marketplace,3,6716.77,20150.31,B,0.977,4.9,8000,0.2,0.9
SRV-001878,Facility Management,Housekeeping Services Monthly,"{""area"": ""5000sqft"", ""staff"": 4, ""frequency"": ""daily""}",Jaipur,2025-05-11,Central Public Procurement Portal,6,27290.23,163741.38,B,0.933,4.1,35000,0.2,0.95
SRV-001879,IT Services,Software AMC,"{""licenses"": 50, ""type"": ""enterprise"", ""support"": ""business hours""}",Chandigarh,2025-01-11,Vendor Quotation,12,126134.36,1513612.32,C,0.938,4.9,150000,0.3,1.0
SRV-001880,Professional Services,Document Digitization Project,"{""pages"": 10000, ""scanning"": true, ""indexing"": true}",Hyderabad,2025-05-12,State e-Procurement,3,43793.1,131379.3,B,0.855,3.7,50000,0.2,0.95
SRV-001881,IT Services,Cybersecurity Audit,"{""scope"": ""complete"", ""report"": true, ""remediation"": true}",Mumbai,2024-10-24,Tender Document,1,287746.13,287746.13,C,0.92,4.5,300000,0.35,1.1
SRV-001882,IT Services,Server Maintenance Annual,"{""servers"": 5, ""support"": ""24x7"", ""response"": ""4hrs""}",Kolkata,2025-07-15,Online Marketplace,6,182590.39,1095542.34,A,0.966,4.7,180000,0.25,0.9
SRV-001883,IT Services,IT Helpdesk Support Monthly,"{""users"": 100, ""response"": ""1hr"", ""resolution"": ""4hrs""}",Thiruvananthapuram,2026-07-09,Tender Document,12,31579.66,378955.92,C,0.894,4.7,45000,0.25,0.9
SRV-001884,IT Services,Server Maintenance Annual,"{""servers"": 5, ""support"": ""24x7"", ""response"": ""4hrs""}",Delhi,2024-12-25,Dealer Price List,1,140725.27,140725.27,C,0.896,3.9,180000,0.25,1.1
SRV-001885,Professional Services,Training Program 5-Day,"{""participants"": 20, ""topic"": ""IT"", ""certification"": true}",Chandigarh,2025-08-17,Vendor Quotation,6,120618.08,723708.48,A,0.875,3.8,150000,0.3,0.9
SRV-001886,Professional Services,Web Development Project,"{""pages"": 20, ""responsive"": true, ""CMS"": true}",Mumbai,2025-09-03,Dealer Price List,3,216442.82,649328.46,C,0.987,3.1,200000,0.35,0.9
SRV-001887,IT Services,Network Maintenance Annual,"{""scope"": ""complete network"", ""support"": ""24x7"", ""response"": ""4hrs""}",Ahmedabad,2026-04-02,GeM Portal,6,177414.49,1064486.94,C,0.956,4.1,250000,0.3,0.95
SRV-001888,IT Services,Server Maintenance Annual,"{""servers"": 5, ""support"": ""24x7"", ""response"": ""4hrs""}",Ahmedabad,2026-08-17,Dealer Price List,12,133237.86,1598854.32,C,0.879,3.6,180000,0.25,0.9
SRV-001889,IT Services,Software AMC,"{""licenses"": 50, ""type"": ""enterprise"", ""support"": ""business hours""}",Patna,2025-04-27,Vendor Quotation,6,136454.21,818725.26,B,0.875,4.9,150000,0.3,0.95
SRV-001890,Professional Services,Training Program 5-Day,"{""participants"": 20, ""topic"": ""IT"", ""certification"": true}",Bangalore,2026-01-27,Industry Report,1,131720.0,131720.0,B,0.968,3.8,150000,0.3,1.0
SRV-001891,Facility Management,Security Guard Services Monthly,"{""guards"": 4, ""shift"": ""24x7"", ""armed"": false}",Delhi,2025-09-21,Central Public Procurement Portal,3,88696.73,266090.19,A,0.944,3.4,80000,0.25,0.9
SRV-001892,IT Services,Network Maintenance Annual,"{""scope"": ""complete network"", ""support"": ""24x7"", ""response"": ""4hrs""}",Delhi,2026-02-09,Vendor Quotation,12,225860.51,2710326.12,B,0.922,4.3,250000,0.3,1.0
SRV-001893,Professional Services,Annual Maintenance Contract IT,"{""scope"": ""complete IT"", ""support"": ""24x7"", ""spare_parts"": true}",Pune,2025-05-20,Previous Purchase Order,1,427705.17,427705.17,B,0.912,4.0,400000,0.3,0.95
SRV-001894,IT Services,Server Maintenance Annual,"{""servers"": 5, ""support"": ""24x7"", ""response"": ""4hrs""}",Mumbai,2025-08-18,Central Public Procurement Portal,12,190298.12,2283577.44,A,0.974,4.3,180000,0.25,0.9
SRV-001895,Professional Services,Mobile App Development,"{""platform"": ""both"", ""features"": ""moderate"", ""maintenance"": ""6 months""}",Lucknow,2025-02-12,Previous Purchase Order,6,424114.81,2544688.86,C,0.934,4.3,400000,0.4,1.0
SRV-001896,IT Services,Server Maintenance Annual,"{""servers"": 5, ""support"": ""24x7"", ""response"": ""4hrs""}",Pune,2026-01-28,Online Marketplace,6,216597.26,1299583.56,A,0.99,3.1,180000,0.25,1.0
SRV-001897,Facility Management,Security Guard Services Monthly,"{""guards"": 4, ""shift"": ""24x7"", ""armed"": false}",Delhi,2026-01-19,GeM Portal,6,68225.33,409351.98,C,0.865,3.2,80000,0.25,1.0
SRV-001898,Professional Services,Consulting Service Man-Day,"{""domain"": ""IT"", ""level"": ""senior"", ""travel"": true}",Mumbai,2026-06-02,Vendor Quotation,12,29757.45,357089.4,B,0.962,3.5,25000,0.25,0.95
SRV-001899,Professional Services,ERP Implementation,"{""modules"": ""complete"", ""users"": 100, ""customization"": ""moderate""}",Chennai,2025-06-02,Online Marketplace,1,677798.7,677798.7,B,0.936,4.6,800000,0.35,0.95
SRV-001900,IT Services,Cloud Migration Service,"{""scope"": ""complete"", ""data"": ""10TB"", ""downtime"": ""minimal""}",Kolkata,2024-08-26,Online Marketplace,6,517955.99,3107735.94,A,0.986,3.2,500000,0.4,0.9
SRV-001901,IT Services,Data Backup Service Monthly,"{""data"": ""5TB"", ""frequency"": ""daily"", ""retention"": ""90 days""}",Patna,2025-09-20,Previous Purchase Order,3,24617.66,73852.98,A,0.907,3.2,25000,0.2,0.9
SRV-001902,Professional Services,Annual Maintenance Contract IT,"{""scope"": ""complete IT"", ""support"": ""24x7"", ""spare_parts"": true}",Chandigarh,2026-01-13,State e-Procurement,6,378804.9,2272829.4,A,0.854,4.8,400000,0.3,1.0
SRV-001903,Professional Services,Mobile App Development,"{""platform"": ""both"", ""features"": ""moderate"", ""maintenance"": ""6 months""}",Guwahati,2025-03-13,Previous Purchase Order,6,391060.66,2346363.96,C,0.964,4.0,400000,0.4,1.0
SRV-001904,Professional Services,Mobile App Development,"{""platform"": ""both"", ""features"": ""moderate"", ""maintenance"": ""6 months""}",Guwahati,2024-11-29,Dealer Price List,3,427524.71,1282574.13,C,0.948,4.8,400000,0.4,1.1
SRV-001905,Professional Services,ERP Implementation,"{""modules"": ""complete"", ""users"": 100, ""customization"": ""moderate""}",Lucknow,2025-08-20,Online Marketplace,12,514242.95,6170915.4,B,0.896,4.4,800000,0.35,0.9
SRV-001906,Facility Management,Electrical Maintenance Annual,"{""scope"": ""complete"", ""testing"": true, ""certification"": true}",Chennai,2025-08-29,Vendor Quotation,1,60524.3,60524.3,A,0.939,3.4,45000,0.2,0.9
SRV-001907,Professional Services,Consulting Service Man-Day,"{""domain"": ""IT"", ""level"": ""senior"", ""travel"": true}",Ahmedabad,2024-09-18,GeM Portal,6,18216.1,109296.6,B,0.982,3.9,25000,0.25,0.9
SRV-001908,IT Services,Cloud Migration Service,"{""scope"": ""complete"", ""data"": ""10TB"", ""downtime"": ""minimal""}",Kolkata,2026-03-24,Central Public Procurement Portal,1,475328.7,475328.7,A,0.865,4.5,500000,0.4,1.0
SRV-001909,Facility Management,Pest Control Quarterly,"{""area"": ""5000sqft"", ""type"": ""commercial"", ""guarantee"": ""3 months""}",Delhi,2025-10-07,State e-Procurement,12,9240.93,110891.16,B,0.862,3.7,8000,0.2,1.1
SRV-001910,Professional Services,Mobile App Development,"{""platform"": ""both"", ""features"": ""moderate"", ""maintenance"": ""6 months""}",Delhi,2025-09-10,Dealer Price List,1,285098.04,285098.04,A,0.935,4.0,400000,0.4,0.9
SRV-001911,Facility Management,Security Guard Services Monthly,"{""guards"": 4, ""shift"": ""24x7"", ""armed"": false}",Bangalore,2024-11-07,Dealer Price List,3,83551.11,250653.33,A,0.899,3.5,80000,0.25,1.1
SRV-001912,Professional Services,ERP Implementation,"{""modules"": ""complete"", ""users"": 100, ""customization"": ""moderate""}",Lucknow,2025-12-03,Central Public Procurement Portal,1,779927.35,779927.35,A,0.872,5.0,800000,0.35,1.1
SRV-001913,Professional Services,ERP Implementation,"{""modules"": ""complete"", ""users"": 100, ""customization"": ""moderate""}",Bangalore,2024-12-07,Online Marketplace,12,739839.51,8878074.12,C,0.972,4.3,800000,0.35,1.1
SRV-001914,IT Services,IT Helpdesk Support Monthly,"{""users"": 100, ""response"": ""1hr"", ""resolution"": ""4hrs""}",Patna,2025-10-18,Online Marketplace,12,50875.21,610502.52,A,0.976,4.5,45000,0.25,1.1
SRV-001915,IT Services,Data Backup Service Monthly,"{""data"": ""5TB"", ""frequency"": ""daily"", ""retention"": ""90 days""}",Mumbai,2025-06-29,State e-Procurement,6,23585.78,141514.68,B,0.979,4.0,25000,0.2,0.95
SRV-001916,Facility Management,Security Guard Services Monthly,"{""guards"": 4, ""shift"": ""24x7"", ""armed"": false}",Pune,2025-06-16,Dealer Price List,12,87627.24,1051526.88,C,0.947,3.2,80000,0.25,0.95
SRV-001917,Professional Services,Training Program 5-Day,"{""participants"": 20, ""topic"": ""IT"", ""certification"": true}",Ahmedabad,2025-07-15,Previous Purchase Order,3,114309.32,342927.96,B,0.933,3.6,150000,0.3,0.9
SRV-001918,Facility Management,Electrical Maintenance Annual,"{""scope"": ""complete"", ""testing"": true, ""certification"": true}",Jaipur,2024-08-22,Online Marketplace,1,52703.39,52703.39,A,0.907,3.9,45000,0.2,0.9
SRV-001919,IT Services,Data Backup Service Monthly,"{""data"": ""5TB"", ""frequency"": ""daily"", ""retention"": ""90 days""}",Chennai,2026-01-05,Vendor Quotation,12,32761.45,393137.4,A,0.904,3.2,25000,0.2,1.0
SRV-001920,Professional Services,Annual Maintenance Contract IT,"{""scope"": ""complete IT"", ""support"": ""24x7"", ""spare_parts"": true}",Jaipur,2026-04-02,Tender Document,12,442188.55,5306262.6,A,0.971,4.4,400000,0.3,0.95
SRV-001921,IT Services,Server Maintenance Annual,"{""servers"": 5, ""support"": ""24x7"", ""response"": ""4hrs""}",Chandigarh,2024-10-05,Online Marketplace,1,186268.01,186268.01,B,0.868,4.6,180000,0.25,1.1
SRV-001922,Professional Services,Consulting Service Man-Day,"{""domain"": ""IT"", ""level"": ""senior"", ""travel"": true}",Pune,2025-10-19,Central Public Procurement Portal,6,32900.7,197404.2,C,0.952,3.8,25000,0.25,1.1
SRV-001923,Professional Services,Web Development Project,"{""pages"": 20, ""responsive"": true, ""CMS"": true}",Guwahati,2025-08-23,Tender Document,6,198314.2,1189885.2,A,0.967,3.2,200000,0.35,0.9
SRV-001924,Professional Services,Training Program 5-Day,"{""participants"": 20, ""topic"": ""IT"", ""certification"": true}",Hyderabad,2026-04-14,Online Marketplace,1,155462.36,155462.36,B,0.898,4.3,150000,0.3,0.95
SRV-001925,IT Services,Cybersecurity Audit,"{""scope"": ""complete"", ""report"": true, ""remediation"": true}",Kolkata,2024-09-10,Industry Report,12,220446.27,2645355.24,A,0.89,4.3,300000,0.35,0.9
SRV-001926,IT Services,IT Helpdesk Support Monthly,"{""users"": 100, ""response"": ""1hr"", ""resolution"": ""4hrs""}",Pune,2026-02-11,Tender Document,12,45650.13,547801.56,A,0.94,4.9,45000,0.25,1.0
SRV-001927,Professional Services,ERP Implementation,"{""modules"": ""complete"", ""users"": 100, ""customization"": ""moderate""}",Bhopal,2026-06-06,Online Marketplace,1,978777.21,978777.21,B,0.89,3.1,800000,0.35,0.95
SRV-001928,IT Services,Cybersecurity Audit,"{""scope"": ""complete"", ""report"": true, ""remediation"": true}",Patna,2025-07-23,Online Marketplace,6,329301.12,1975806.72,A,0.934,3.1,300000,0.35,0.9
SRV-001929,Professional Services,Mobile App Development,"{""platform"": ""both"", ""features"": ""moderate"", ""maintenance"": ""6 months""}",Lucknow,2026-03-10,Vendor Quotation,6,251331.13,1507986.78,C,0.932,4.8,400000,0.4,1.0
SRV-001930,Facility Management,Electrical Maintenance Annual,"{""scope"": ""complete"", ""testing"": true, ""certification"": true}",Lucknow,2025-02-04,GeM Portal,6,47085.3,282511.8,C,0.871,3.8,45000,0.2,1.0
SRV-001931,IT Services,Cloud Migration Service,"{""scope"": ""complete"", ""data"": ""10TB"", ""downtime"": ""minimal""}",Lucknow,2026-02-04,GeM Portal,3,349009.26,1047027.78,A,0.916,4.5,500000,0.4,1.0
SRV-001932,Facility Management,Plumbing Services Monthly,"{""scope"": ""complete building"", ""response"": ""24hrs""}",Bhopal,2026-06-07,Dealer Price List,3,17947.66,53842.98,A,0.92,3.2,15000,0.25,0.95
SRV-001933,IT Services,Server Maintenance Annual,"{""servers"": 5, ""support"": ""24x7"", ""response"": ""4hrs""}",Ahmedabad,2026-07-24,Vendor Quotation,3,137151.43,411454.29,C,0.98,3.5,180000,0.25,0.9
SRV-001934,IT Services,IT Helpdesk Support Monthly,"{""users"": 100, ""response"": ""1hr"", ""resolution"": ""4hrs""}",Jaipur,2024-11-03,Industry Report,6,40535.03,243210.18,C,0.955,4.5,45000,0.25,1.1
SRV-001935,Professional Services,Annual Maintenance Contract IT,"{""scope"": ""complete IT"", ""support"": ""24x7"", ""spare_parts"": true}",Guwahati,2024-09-07,Central Public Procurement Portal,3,404132.12,1212396.36,C,0.904,4.0,400000,0.3,0.9
SRV-001936,Professional Services,Document Digitization Project,"{""pages"": 10000, ""scanning"": true, ""indexing"": true}",Bangalore,2025-04-30,GeM Portal,3,58931.21,176793.63,A,0.958,4.7,50000,0.2,0.95
SRV-001937,IT Services,Network Maintenance Annual,"{""scope"": ""complete network"", ""support"": ""24x7"", ""response"": ""4hrs""}",Thiruvananthapuram,2025-12-13,Vendor Quotation,3,214461.21,643383.63,B,0.961,3.9,250000,0.3,1.1
SRV-001938,IT Services,Server Maintenance Annual,"{""servers"": 5, ""support"": ""24x7"", ""response"": ""4hrs""}",Lucknow,2024-11-24,Tender Document,6,135729.48,814376.88,C,0.858,4.4,180000,0.25,1.1
SRV-001939,IT Services,Network Maintenance Annual,"{""scope"": ""complete network"", ""support"": ""24x7"", ""response"": ""4hrs""}",Bhopal,2025-12-15,Central Public Procurement Portal,12,228493.85,2741926.2,C,0.972,4.5,250000,0.3,1.1
SRV-001940,Professional Services,Training Program 5-Day,"{""participants"": 20, ""topic"": ""IT"", ""certification"": true}",Patna,2025-02-10,Vendor Quotation,12,96256.08,1155072.96,C,0.946,3.4,150000,0.3,1.0
SRV-001941,Professional Services,Mobile App Development,"{""platform"": ""both"", ""features"": ""moderate"", ""maintenance"": ""6 months""}",Ahmedabad,2025-04-26,Tender Document,12,356465.1,4277581.2,B,0.937,4.7,400000,0.4,0.95
SRV-001942,Professional Services,Annual Maintenance Contract IT,"{""scope"": ""complete IT"", ""support"": ""24x7"", ""spare_parts"": true}",Bangalore,2025-07-14,Vendor Quotation,6,436020.18,2616121.08,A,0.96,3.8,400000,0.3,0.9
SRV-001943,IT Services,Server Maintenance Annual,"{""servers"": 5, ""support"": ""24x7"", ""response"": ""4hrs""}",Lucknow,2025-06-27,Online Marketplace,1,171083.8,171083.8,B,0.948,3.1,180000,0.25,0.95
SRV-001944,Facility Management,Pest Control Quarterly,"{""area"": ""5000sqft"", ""type"": ""commercial"", ""guarantee"": ""3 months""}",Chandigarh,2025-03-15,Previous Purchase Order,6,9250.6,55503.6,B,0.958,3.5,8000,0.2,1.0
SRV-001945,Facility Management,Pest Control Quarterly,"{""area"": ""5000sqft"", ""type"": ""commercial"", ""guarantee"": ""3 months""}",Chennai,2025-07-02,GeM Portal,1,10086.02,10086.02,A,0.978,3.6,8000,0.2,0.9
SRV-001946,Facility Management,Electrical Maintenance Annual,"{""scope"": ""complete"", ""testing"": true, ""certification"": true}",Mumbai,2024-09-25,Previous Purchase Order,6,44139.6,264837.6,C,0.953,3.3,45000,0.2,0.9
SRV-001947,Professional Services,Consulting Service Man-Day,"{""domain"": ""IT"", ""level"": ""senior"", ""travel"": true}",Chandigarh,2024-12-25,Central Public Procurement Portal,12,21897.64,262771.68,C,0.864,4.7,25000,0.25,1.1
SRV-001948,IT Services,Network Maintenance Annual,"{""scope"": ""complete network"", ""support"": ""24x7"", ""response"": ""4hrs""}",Bangalore,2026-05-29,Tender Document,3,256710.53,770131.59,A,0.965,4.8,250000,0.3,0.95
SRV-001949,IT Services,IT Helpdesk Support Monthly,"{""users"": 100, ""response"": ""1hr"", ""resolution"": ""4hrs""}",Delhi,2025-11-13,Tender Document,3,43731.44,131194.32,A,0.975,3.4,45000,0.25,1.1
SRV-001950,Professional Services,Web Development Project,"{""pages"": 20, ""responsive"": true, ""CMS"": true}",Kolkata,2025-01-02,Central Public Procurement Portal,1,235637.01,235637.01,C,0.851,3.4,200000,0.35,1.0
SRV-001951,IT Services,Data Backup Service Monthly,"{""data"": ""5TB"", ""frequency"": ""daily"", ""retention"": ""90 days""}",Chandigarh,2024-12-21,Dealer Price List,3,27410.99,82232.97,B,0.909,4.8,25000,0.2,1.1
SRV-001952,IT Services,Network Maintenance Annual,"{""scope"": ""complete network"", ""support"": ""24x7"", ""response"": ""4hrs""}",Chandigarh,2026-08-17,Industry Report,6,206065.02,1236390.12,B,0.981,3.9,250000,0.3,0.9
SRV-001953,Professional Services,ERP Implementation,"{""modules"": ""complete"", ""users"": 100, ""customization"": ""moderate""}",Delhi,2025-11-02,Previous Purchase Order,3,1282645.52,3847936.56,A,0.953,4.7,800000,0.35,1.1
SRV-001954,Facility Management,Housekeeping Services Monthly,"{""area"": ""5000sqft"", ""staff"": 4, ""frequency"": ""daily""}",Guwahati,2025-01-11,State e-Procurement,1,26521.45,26521.45,C,0.932,3.3,35000,0.2,1.0
SRV-001955,IT Services,Data Backup Service Monthly,"{""data"": ""5TB"", ""frequency"": ""daily"", ""retention"": ""90 days""}",Jaipur,2024-10-22,Previous Purchase Order,1,25273.83,25273.83,B,0.937,4.5,25000,0.2,1.1
SRV-001956,Facility Management,Housekeeping Services Monthly,"{""area"": ""5000sqft"", ""staff"": 4, ""frequency"": ""daily""}",Chandigarh,2024-12-20,Online Marketplace,12,34543.77,414525.24,A,0.924,4.1,35000,0.2,1.1
SRV-001957,IT Services,Software AMC,"{""licenses"": 50, ""type"": ""enterprise"", ""support"": ""business hours""}",Guwahati,2025-03-04,GeM Portal,6,100885.07,605310.42,C,0.92,4.4,150000,0.3,1.0
SRV-001958,IT Services,Data Backup Service Monthly,"{""data"": ""5TB"", ""frequency"": ""daily"", ""retention"": ""90 days""}",Chandigarh,2025-12-23,Online Marketplace,3,24844.05,74532.15,A,0.956,4.2,25000,0.2,1.1
SRV-001959,Professional Services,Web Development Project,"{""pages"": 20, ""responsive"": true, ""CMS"": true}",Chennai,2026-08-04,Dealer Price List,6,214133.99,1284803.94,C,0.967,3.2,200000,0.35,0.9
SRV-001960,Facility Management,Plumbing Services Monthly,"{""scope"": ""complete building"", ""response"": ""24hrs""}",Chandigarh,2026-06-01,Previous Purchase Order,3,14921.27,44763.81,A,0.878,4.8,15000,0.25,0.95
SRV-001961,Facility Management,Garden Maintenance Monthly,"{""area"": ""2000sqft"", ""frequency"": ""weekly"", ""irrigation"": true}",Patna,2026-02-20,State e-Procurement,6,13229.52,79377.12,B,0.854,3.0,12000,0.25,1.0
SRV-001962,Professional Services,ERP Implementation,"{""modules"": ""complete"", ""users"": 100, ""customization"": ""moderate""}",Mumbai,2026-04-09,Industry Report,3,690690.11,2072070.33,B,0.938,4.3,800000,0.35,0.95
SRV-001963,Professional Services,ERP Implementation,"{""modules"": ""complete"", ""users"": 100, ""customization"": ""moderate""}",Mumbai,2025-12-22,Online Marketplace,12,1319551.86,15834622.32,B,0.942,3.0,800000,0.35,1.1
SRV-001964,Professional Services,Web Development Project,"{""pages"": 20, ""responsive"": true, ""CMS"": true}",Thiruvananthapuram,2025-06-23,Central Public Procurement Portal,6,171246.72,1027480.32,B,0.922,4.0,200000,0.35,0.95
SRV-001965,Professional Services,Training Program 5-Day,"{""participants"": 20, ""topic"": ""IT"", ""certification"": true}",Pune,2025-11-10,Tender Document,1,200824.07,200824.07,B,0.974,3.2,150000,0.3,1.1
SRV-001966,IT Services,Server Maintenance Annual,"{""servers"": 5, ""support"": ""24x7"", ""response"": ""4hrs""}",Chandigarh,2026-05-08,GeM Portal,3,166090.46,498271.38,A,0.967,4.6,180000,0.25,0.95
SRV-001967,Professional Services,Document Digitization Project,"{""pages"": 10000, ""scanning"": true, ""indexing"": true}",Mumbai,2025-03-03,Industry Report,6,45996.75,275980.5,C,0.944,3.9,50000,0.2,1.0
SRV-001968,Professional Services,Web Development Project,"{""pages"": 20, ""responsive"": true, ""CMS"": true}",Guwahati,2025-01-31,Central Public Procurement Portal,1,158203.69,158203.69,B,0.974,4.4,200000,0.35,1.0
SRV-001969,IT Services,IT Helpdesk Support Monthly,"{""users"": 100, ""response"": ""1hr"", ""resolution"": ""4hrs""}",Delhi,2025-10-30,Central Public Procurement Portal,1,41307.57,41307.57,B,0.949,4.5,45000,0.25,1.1
SRV-001970,IT Services,Server Maintenance Annual,"{""servers"": 5, ""support"": ""24x7"", ""response"": ""4hrs""}",Thiruvananthapuram,2025-12-06,Industry Report,12,236301.15,2835613.8,B,0.881,5.0,180000,0.25,1.1
SRV-001971,Professional Services,Mobile App Development,"{""platform"": ""both"", ""features"": ""moderate"", ""maintenance"": ""6 months""}",Jaipur,2026-05-11,GeM Portal,1,274631.6,274631.6,B,0.934,4.3,400000,0.4,0.95
SRV-001972,Professional Services,Web Development Project,"{""pages"": 20, ""responsive"": true, ""CMS"": true}",Guwahati,2024-09-08,State e-Procurement,6,186766.87,1120601.22,A,0.917,4.8,200000,0.35,0.9
SRV-001973,Facility Management,Security Guard Services Monthly,"{""guards"": 4, ""shift"": ""24x7"", ""armed"": false}",Thiruvananthapuram,2025-07-06,Central Public Procurement Portal,12,77229.87,926758.44,B,0.92,3.3,80000,0.25,0.9
SRV-001974,Facility Management,Housekeeping Services Monthly,"{""area"": ""5000sqft"", ""staff"": 4, ""frequency"": ""daily""}",Bangalore,2026-05-13,Dealer Price List,3,28366.11,85098.33,B,0.984,4.5,35000,0.2,0.95
SRV-001975,Facility Management,Electrical Maintenance Annual,"{""scope"": ""complete"", ""testing"": true, ""certification"": true}",Patna,2025-01-26,Tender Document,12,53408.09,640897.08,B,0.855,4.4,45000,0.2,1.0
SRV-001976,Professional Services,Annual Maintenance Contract IT,"{""scope"": ""complete IT"", ""support"": ""24x7"", ""spare_parts"": true}",Chandigarh,2026-05-19,Dealer Price List,1,248489.03,248489.03,C,0.959,3.8,400000,0.3,0.95
SRV-001977,Professional Services,Mobile App Development,"{""platform"": ""both"", ""features"": ""moderate"", ""maintenance"": ""6 months""}",Guwahati,2025-12-26,Tender Document,12,297709.41,3572512.92,B,0.93,3.6,400000,0.4,1.1
SRV-001978,Professional Services,Training Program 5-Day,"{""participants"": 20, ""topic"": ""IT"", ""certification"": true}",Bhopal,2025-08-27,GeM Portal,1,162718.04,162718.04,A,0.942,4.4,150000,0.3,0.9
SRV-001979,Professional Services,Annual Maintenance Contract IT,"{""scope"": ""complete IT"", ""support"": ""24x7"", ""spare_parts"": true}",Thiruvananthapuram,2025-04-20,Previous Purchase Order,1,541510.24,541510.24,A,0.904,3.9,400000,0.3,0.95
SRV-001980,Professional Services,Consulting Service Man-Day,"{""domain"": ""IT"", ""level"": ""senior"", ""travel"": true}",Delhi,2025-03-07,State e-Procurement,1,31688.41,31688.41,A,0.931,3.1,25000,0.25,1.0
SRV-001981,IT Services,Network Maintenance Annual,"{""scope"": ""complete network"", ""support"": ""24x7"", ""response"": ""4hrs""}",Bhopal,2024-09-04,Central Public Procurement Portal,3,271315.6,813946.8,B,0.857,3.3,250000,0.3,0.9
SRV-001982,Facility Management,Plumbing Services Monthly,"{""scope"": ""complete building"", ""response"": ""24hrs""}",Patna,2025-10-14,Central Public Procurement Portal,3,11895.44,35686.32,C,0.861,3.1,15000,0.25,1.1
SRV-001983,IT Services,Software AMC,"{""licenses"": 50, ""type"": ""enterprise"", ""support"": ""business hours""}",Thiruvananthapuram,2025-10-06,Previous Purchase Order,12,120947.74,1451372.88,B,0.912,3.5,150000,0.3,1.1
SRV-001984,Professional Services,Document Digitization Project,"{""pages"": 10000, ""scanning"": true, ""indexing"": true}",Lucknow,2026-03-21,Previous Purchase Order,12,42530.74,510368.88,B,0.942,3.5,50000,0.2,1.0
SRV-001985,IT Services,Software AMC,"{""licenses"": 50, ""type"": ""enterprise"", ""support"": ""business hours""}",Lucknow,2026-07-28,GeM Portal,12,105638.37,1267660.44,A,0.909,3.6,150000,0.3,0.9
SRV-001986,Facility Management,Electrical Maintenance Annual,"{""scope"": ""complete"", ""testing"": true, ""certification"": true}",Bhopal,2025-12-09,Vendor Quotation,6,45908.37,275450.22,B,0.912,4.3,45000,0.2,1.1
SRV-001987,IT Services,Network Maintenance Annual,"{""scope"": ""complete network"", ""support"": ""24x7"", ""response"": ""4hrs""}",Kolkata,2024-11-23,Central Public Procurement Portal,1,336506.03,336506.03,B,0.922,3.9,250000,0.3,1.1
SRV-001988,Professional Services,Web Development Project,"{""pages"": 20, ""responsive"": true, ""CMS"": true}",Chennai,2026-01-11,GeM Portal,12,197943.69,2375324.28,A,0.87,4.0,200000,0.35,1.0
SRV-001989,Facility Management,Building Management System Annual,"{""floors"": 5, ""monitoring"": true, ""reporting"": true}",Pune,2025-04-17,Central Public Procurement Portal,12,199979.54,2399754.48,A,0.978,4.9,180000,0.3,0.95
SRV-001990,Professional Services,Web Development Project,"{""pages"": 20, ""responsive"": true, ""CMS"": true}",Pune,2025-01-26,Online Marketplace,6,148666.66,891999.96,C,0.964,4.0,200000,0.35,1.0
SRV-001991,Facility Management,Pest Control Quarterly,"{""area"": ""5000sqft"", ""type"": ""commercial"", ""guarantee"": ""3 months""}",Thiruvananthapuram,2024-09-27,Tender Document,1,7771.21,7771.21,A,0.949,4.2,8000,0.2,0.9
SRV-001992,Professional Services,Consulting Service Man-Day,"{""domain"": ""IT"", ""level"": ""senior"", ""travel"": true}",Ahmedabad,2025-02-21,State e-Procurement,1,30883.93,30883.93,B,0.932,3.9,25000,0.25,1.0
SRV-001993,Professional Services,Web Development Project,"{""pages"": 20, ""responsive"": true, ""CMS"": true}",Jaipur,2025-01-08,Online Marketplace,3,205994.43,617983.29,B,0.963,4.2,200000,0.35,1.0
SRV-001994,IT Services,IT Helpdesk Support Monthly,"{""users"": 100, ""response"": ""1hr"", ""resolution"": ""4hrs""}",Kolkata,2025-11-29,Previous Purchase Order,6,67054.44,402326.64,A,0.937,3.8,45000,0.25,1.1
SRV-001995,Facility Management,Garden Maintenance Monthly,"{""area"": ""2000sqft"", ""frequency"": ""weekly"", ""irrigation"": true}",Bangalore,2025-03-26,Previous Purchase Order,3,14672.41,44017.23,B,0.852,3.9,12000,0.25,1.0
SRV-001996,IT Services,IT Helpdesk Support Monthly,"{""users"": 100, ""response"": ""1hr"", ""resolution"": ""4hrs""}",Chennai,2026-01-30,Online Marketplace,12,49956.32,599475.84,C,0.959,3.9,45000,0.25,1.0
SRV-001997,IT Services,Network Maintenance Annual,"{""scope"": ""complete network"", ""support"": ""24x7"", ""response"": ""4hrs""}",Bhopal,2025-06-27,Central Public Procurement Portal,6,337010.66,2022063.96,A,0.891,3.2,250000,0.3,0.95
SRV-001998,Professional Services,Document Digitization Project,"{""pages"": 10000, ""scanning"": true, ""indexing"": true}",Patna,2026-04-28,Previous Purchase Order,3,46170.22,138510.66,B,0.926,3.7,50000,0.2,0.95
SRV-001999,IT Services,Network Maintenance Annual,"{""scope"": ""complete network"", ""support"": ""24x7"", ""response"": ""4hrs""}",Patna,2026-06-15,GeM Portal,1,200775.07,200775.07,B,0.944,3.8,250000,0.3,0.95
SRV-002000,Professional Services,Annual Maintenance Contract IT,"{""scope"": ""complete IT"", ""support"": ""24x7"", ""spare_parts"": true}",Pune,2025-02-25,Online Marketplace,3,486724.02,1460172.06,B,0.957,3.8,400000,0.3,1.0
